type bsdf_data
format angles=deg bsdf=value scale=1
10	0
0	0	0.018499
5	0	0.002957
5	10	0.022983
5	20	0.017203
5	30	0.002742
5	40	0.002451
5	50	0.002853
5	60	0.002660
5	70	0.002310
5	80	0.002553
5	90	0.008368
5	100	0.007557
5	110	0.002893
5	120	0.002692
5	130	0.002764
5	140	0.003266
5	220	0.003205
5	230	0.002904
5	240	0.002920
5	250	0.008841
5	260	0.015396
5	270	0.003660
5	280	0.003242
5	290	0.003816
5	300	0.004347
5	310	0.009173
5	320	0.034219
5	330	0.006629
5	340	0.002551
5	350	0.002503
10	0	0.005218
10	10	0.007274
10	20	0.002611
10	30	0.026519
10	40	0.004085
10	50	0.002721
10	60	0.002904
10	70	0.003250
10	80	0.002923
10	90	0.030109
10	100	0.004110
10	110	0.002713
10	120	0.002229
10	130	0.003098
10	140	0.003667
10	220	0.002526
10	230	0.004941
10	240	0.009149
10	250	0.003643
10	260	0.020072
10	270	0.005275
10	280	0.002543
10	290	0.030549
10	300	0.075000
10	310	0.003091
10	320	0.002655
10	330	0.005028
10	340	0.123226
10	350	0.003237
15	0	0.010786
15	10	0.002844
15	20	0.056428
15	30	0.002415
15	40	0.003020
15	50	0.208069
15	60	0.002542
15	70	0.002865
15	80	0.002308
15	90	0.006599
15	100	0.002101
15	110	0.002206
15	120	0.002072
15	130	0.517384
15	140	0.002836
15	220	0.058599
15	230	0.002249
15	240	0.002486
15	250	0.004903
15	260	0.002132
15	270	0.002432
15	280	0.002698
15	290	0.021271
15	300	0.002711
15	310	0.003799
15	320	0.003252
15	330	0.002335
15	340	0.006220
15	350	0.006734
20	0	0.061660
20	10	0.001021
20	20	0.002322
20	30	0.003355
20	40	0.002085
20	50	0.001983
20	60	0.002495
20	70	0.002295
20	80	0.002241
20	90	0.007318
20	100	0.002485
20	110	0.001821
20	120	0.010387
20	130	0.002000
20	140	0.002634
20	220	0.002371
20	230	0.001883
20	240	0.002150
20	250	0.008330
20	260	0.003665
20	270	0.006267
20	280	0.026151
20	290	0.002565
20	300	0.002472
20	310	0.002011
20	320	0.001914
20	330	0.003152
20	340	0.002739
20	350	0.017254
25	0	0.027918
25	10	0.011676
25	20	0.001954
25	30	0.002235
25	40	0.003033
25	50	0.002116
25	60	0.002667
25	70	0.002555
25	80	0.002141
25	90	0.002249
25	100	0.002056
25	110	0.002074
25	120	0.002067
25	130	0.001821
25	140	0.001975
25	150	0.015455
25	160	0.001793
25	170	0.002176
25	180	0.001939
25	190	0.001968
25	200	0.001744
25	210	0.001940
25	220	0.001485
25	230	0.012403
25	240	0.001511
25	250	0.001649
25	260	0.001940
25	270	0.002492
25	280	0.081445
25	290	0.001642
25	300	0.001667
25	310	0.002485
25	320	0.002207
25	330	0.001846
25	340	0.002218
25	350	0.020888
30	0	0.240710
30	10	0.009595
30	20	0.002777
30	30	0.031813
30	40	0.002663
30	50	0.003784
30	60	0.003808
30	70	0.001880
30	80	0.001900
30	90	0.002070
30	100	0.001867
30	110	0.016565
30	120	0.001702
30	130	0.002842
30	140	0.001857
30	150	0.001777
30	160	0.001961
30	170	0.001799
30	180	0.002179
30	190	0.001924
30	200	0.001839
30	210	0.001653
30	220	0.124051
30	230	0.001740
30	240	0.001873
30	250	0.001984
30	260	0.002097
30	270	0.002130
30	280	0.002383
30	290	0.002505
30	300	0.002321
30	310	0.002582
30	320	0.002108
30	330	0.007948
30	340	0.002830
30	350	0.002269
35	0	0.003402
35	10	0.001848
35	20	0.002423
35	30	0.002015
35	40	0.002088
35	50	0.002493
35	60	0.001997
35	70	0.029864
35	80	0.002001
35	90	0.002031
35	100	0.001949
35	110	0.002165
35	120	0.001749
35	130	0.001968
35	140	0.022662
35	150	0.001886
35	160	0.124318
35	170	0.001762
35	180	0.002005
35	190	0.002131
35	200	0.002135
35	210	0.001748
35	220	0.001596
35	230	0.002004
35	240	0.066531
35	250	0.001687
35	260	0.002077
35	270	0.001814
35	280	0.001708
35	290	0.001778
35	300	0.002034
35	310	0.001716
35	320	0.001729
35	330	0.002053
35	340	0.001807
35	350	0.001789
40	0	0.002360
40	10	0.001893
40	20	0.001915
40	30	0.002154
40	40	0.001931
40	50	0.001838
40	60	0.002527
40	70	0.001819
40	80	0.001732
40	90	0.002169
40	100	0.002260
40	110	0.001821
40	120	0.006990
40	130	0.001807
40	140	0.002144
40	150	0.001884
40	160	0.002728
40	170	0.002059
40	180	0.001782
40	190	0.002454
40	200	0.001735
40	210	0.054460
40	220	0.001541
40	230	0.003106
40	240	0.001669
40	250	0.001843
40	260	0.001845
40	270	0.001669
40	280	0.001523
40	290	0.004436
40	300	0.001853
40	310	0.002085
40	320	0.002620
40	330	0.001596
40	340	0.001843
40	350	0.001876
45	0	0.002604
45	10	0.002464
45	20	0.001823
45	30	0.006354
45	40	0.001849
45	50	0.002053
45	60	0.093888
45	70	0.001809
45	80	0.002093
45	90	0.188870
45	100	0.002073
45	110	0.001787
45	120	0.002133
45	130	0.001803
45	140	0.002080
45	150	0.002185
45	160	0.001821
45	170	0.025801
45	180	0.003254
45	190	0.003482
45	200	0.001841
45	210	0.001762
45	220	0.001927
45	230	0.001796
45	240	0.001852
45	250	0.003068
45	260	0.001986
45	270	0.001580
45	280	0.002070
45	290	0.002159
45	300	0.001472
45	310	0.001933
45	320	0.001732
45	330	0.001875
45	340	0.002050
45	350	0.001995
50	0	0.004748
50	10	0.001793
50	20	0.001743
50	30	0.002189
50	40	0.001838
50	50	0.001842
50	60	0.002248
50	70	0.002139
50	80	0.001926
50	90	0.001814
50	100	0.001948
50	110	0.047705
50	120	0.001854
50	130	0.002113
50	140	0.001972
50	150	0.002062
50	160	0.001997
50	170	0.001929
50	180	0.001947
50	190	0.002238
50	200	0.002079
50	210	0.001885
50	220	0.002324
50	230	0.001650
50	240	0.455663
50	250	0.001561
50	260	0.003142
50	270	0.001740
50	280	0.001837
50	290	0.001641
50	300	0.001781
50	310	0.001864
50	320	0.001561
50	330	0.002429
50	340	0.001547
50	350	0.001765
55	0	0.002252
55	10	0.001823
55	20	0.001894
55	30	0.005446
55	40	0.002184
55	50	0.002070
55	60	0.002113
55	70	0.001968
55	80	0.001914
55	90	0.001924
55	100	0.002583
55	110	0.001950
55	120	0.002301
55	130	0.020301
55	140	0.002078
55	150	0.002195
55	160	0.001930
55	170	0.001898
55	180	0.001911
55	190	0.002869
55	200	0.002222
55	210	0.002864
55	220	0.001801
55	230	0.002057
55	240	0.001834
55	250	0.002049
55	260	0.001795
55	270	0.001817
55	280	0.001573
55	290	0.001717
55	300	0.001712
55	310	0.001579
55	320	0.002031
55	330	0.001745
55	340	0.001673
55	350	0.001836
60	0	0.063621
60	10	0.009900
60	20	0.001937
60	30	0.002048
60	40	0.003044
60	50	0.003826
60	60	0.002092
60	70	0.002034
60	80	0.002291
60	90	0.003278
60	100	0.002150
60	110	0.002013
60	120	0.002053
60	130	0.002035
60	140	0.002604
60	150	0.002181
60	160	0.002053
60	170	0.002043
60	180	0.002706
60	190	0.002031
60	200	0.015400
60	210	0.002789
60	220	0.002269
60	230	1.059580
60	240	0.002053
60	250	0.001983
60	260	0.001836
60	270	0.002567
60	280	0.368924
60	290	0.001957
60	300	0.001817
60	310	0.002002
60	320	0.002174
60	330	0.001989
60	340	0.002040
60	350	0.006629
65	0	0.002376
65	10	0.002560
65	20	0.003852
65	30	0.002121
65	40	0.002392
65	50	0.002482
65	60	0.022491
65	70	0.002524
65	80	0.003571
65	90	0.002871
65	100	0.537297
65	110	0.002374
65	120	0.002250
65	130	0.002448
65	140	0.002740
65	150	0.003115
65	160	0.002270
65	170	0.002588
65	180	0.002228
65	190	0.003277
65	200	0.002344
65	210	0.002537
65	220	0.002045
65	230	0.002255
65	240	0.002022
65	250	0.002067
65	260	0.002271
65	270	0.002346
65	280	0.002158
65	290	0.004372
65	300	0.002323
65	310	0.029453
65	320	0.002165
65	330	0.001924
65	340	0.002301
65	350	0.002245
70	0	0.002774
70	10	0.002443
70	20	0.014309
70	30	0.002927
70	40	0.002713
70	50	0.002471
70	60	0.002936
70	70	0.005328
70	80	0.002874
70	90	0.002908
70	100	0.002528
70	110	0.004537
70	120	0.002498
70	130	0.021810
70	140	0.002713
70	150	0.002651
70	160	0.002913
70	170	0.002871
70	180	0.002639
70	190	0.002910
70	200	0.010238
70	210	0.012607
70	220	0.003159
70	230	0.003308
70	240	0.003196
70	250	0.003364
70	260	0.002843
70	270	0.003038
70	280	0.002787
70	290	0.004194
70	300	0.002675
70	310	0.002815
70	320	0.003001
70	330	0.003271
70	340	0.003001
70	350	0.002955
75	0	0.003610
75	10	0.004163
75	20	0.003216
75	30	0.003265
75	40	0.003277
75	50	0.003769
75	60	0.003277
75	70	0.003826
75	80	0.003498
75	90	0.003289
75	100	0.003634
75	110	0.004777
75	120	0.003708
75	130	0.003339
75	140	0.003457
75	150	0.003511
75	160	0.003527
75	170	0.003356
75	180	0.003074
75	190	0.003371
75	200	0.003689
75	210	0.003530
75	220	0.004035
75	230	0.003154
75	240	0.010595
75	250	0.003289
75	260	0.003781
75	270	0.003658
75	280	0.003867
75	290	0.003154
75	300	0.003732
75	310	0.003990
75	320	0.003129
75	330	0.003166
75	340	0.003351
75	350	0.003769
80	0	0.005531
80	10	0.005324
80	20	0.004866
80	30	0.005361
80	40	0.006113
80	50	0.005068
80	60	0.004774
80	70	0.005489
80	80	0.004756
80	90	0.004994
80	100	0.004994
80	110	0.005068
80	120	0.004536
80	130	0.005306
80	140	0.005288
80	150	0.004826
80	160	0.004971
80	170	0.005390
80	180	0.005425
80	190	0.005086
80	200	0.005783
80	210	0.004980
80	220	0.007729
80	230	0.004554
80	240	0.004738
80	250	0.004939
80	260	0.005544
80	270	0.004738
80	280	0.005599
80	290	0.004499
80	300	0.004939
80	310	0.004481
80	320	0.005049
80	330	0.004646
80	340	0.005013
80	350	0.004518
10	-10
0	0	0.203111
5	0	0.003928
5	10	0.002437
5	20	0.002226
5	30	0.002539
5	40	0.015223
5	50	0.010857
5	60	0.002459
5	70	0.002184
5	80	0.002286
5	90	0.025982
5	100	0.054409
5	110	0.006790
5	120	0.003053
5	130	0.003048
5	210	0.002890
5	220	0.002765
5	230	0.002685
5	240	0.002880
5	250	0.008228
5	260	0.084543
5	270	0.032286
5	280	0.002853
5	290	0.003048
5	300	0.003839
5	310	0.003333
5	320	0.002445
5	330	0.002323
5	340	0.003908
5	350	0.027992
10	0	0.003846
10	10	0.002335
10	20	0.057408
10	30	0.011074
10	40	0.002652
10	50	0.002431
10	60	0.045871
10	70	0.012337
10	80	0.002528
10	90	0.227444
10	100	0.011888
10	110	0.002939
10	120	0.011235
10	130	0.003123
10	210	0.002737
10	220	0.002215
10	230	0.001914
10	240	0.002278
10	250	0.003270
10	260	0.045149
10	270	0.037378
10	280	0.002647
10	290	0.004656
10	300	0.002660
10	310	0.002334
10	320	0.004098
10	330	0.044543
10	340	0.002954
10	350	0.004015
15	0	0.004566
15	10	0.004093
15	20	0.009206
15	30	0.002366
15	40	0.002864
15	50	0.002676
15	60	0.002330
15	70	0.125455
15	80	0.002373
15	90	0.041100
15	100	0.001915
15	110	0.020366
15	120	0.001938
15	130	0.003302
15	210	0.002122
15	220	0.386338
15	230	0.004554
15	240	0.001864
15	250	0.002061
15	260	0.002183
15	270	0.004061
15	280	0.002789
15	290	0.002529
15	300	0.002938
15	310	0.121384
15	320	0.002729
15	330	0.002000
15	340	0.056878
15	350	0.002947
20	0	0.002300
20	10	0.026560
20	20	0.004363
20	30	0.003099
20	40	0.002019
20	50	0.002066
20	60	0.003801
20	70	0.002456
20	80	0.003513
20	90	0.389678
20	100	0.002778
20	110	0.001667
20	120	0.001795
20	130	0.001745
20	210	0.002562
20	220	0.002037
20	230	0.001816
20	240	0.001706
20	250	0.001882
20	260	0.003586
20	270	0.005781
20	280	0.002269
20	290	0.001905
20	300	0.001881
20	310	0.001720
20	320	0.001955
20	330	0.003130
20	340	0.002198
20	350	0.001894
25	0	0.002023
25	10	0.009420
25	20	0.001756
25	30	0.001756
25	40	0.002283
25	50	0.003807
25	60	0.002118
25	70	0.001928
25	80	0.048331
25	90	0.107332
25	100	0.009816
25	110	0.001536
25	120	0.001900
25	130	0.002181
25	140	0.001703
25	150	0.001742
25	160	0.001868
25	170	0.001638
25	180	0.002297
25	190	0.001419
25	200	0.001406
25	210	0.001682
25	220	0.001300
25	230	0.001445
25	240	0.008643
25	250	0.001587
25	260	0.001602
25	270	0.001633
25	280	0.001486
25	290	0.002395
25	300	0.001510
25	310	0.001805
25	320	0.022049
25	330	0.002100
25	340	0.001865
25	350	0.001793
30	0	0.004363
30	10	0.002139
30	20	0.002724
30	30	0.002871
30	40	0.002621
30	50	0.002215
30	60	0.001694
30	70	0.003306
30	80	0.011304
30	90	0.018221
30	100	0.003817
30	110	0.001522
30	120	0.004513
30	130	0.001804
30	140	0.002198
30	150	0.021686
30	160	0.001470
30	170	0.001731
30	180	0.002117
30	190	0.001739
30	200	0.004014
30	210	0.001546
30	220	0.002558
30	230	0.001733
30	240	0.001772
30	250	0.001560
30	260	0.001510
30	270	0.001565
30	280	0.001616
30	290	0.001476
30	300	0.003396
30	310	0.020142
30	320	0.001746
30	330	0.001802
30	340	0.002643
30	350	0.002290
35	0	0.001834
35	10	0.001662
35	20	0.001931
35	30	0.003043
35	40	0.001633
35	50	0.001723
35	60	0.001989
35	70	0.002256
35	80	0.001660
35	90	0.002215
35	100	0.001778
35	110	0.001545
35	120	0.001764
35	130	0.001868
35	140	0.001698
35	150	0.001189
35	160	0.004173
35	170	0.001702
35	180	0.001772
35	190	0.001760
35	200	0.005732
35	210	0.001432
35	220	0.001488
35	230	0.037646
35	240	0.001535
35	250	0.019359
35	260	0.001601
35	270	0.001556
35	280	0.002009
35	290	0.001789
35	300	0.001622
35	310	0.001394
35	320	0.001762
35	330	0.013655
35	340	0.002005
35	350	0.001683
40	0	0.002003
40	10	0.001696
40	20	0.042924
40	30	0.002003
40	40	0.001822
40	50	0.001972
40	60	0.001697
40	70	0.001597
40	80	0.001528
40	90	0.001672
40	100	0.001507
40	110	0.001686
40	120	0.002109
40	130	0.001830
40	140	0.001400
40	150	0.002896
40	160	0.001666
40	170	0.002790
40	180	0.002094
40	190	0.001525
40	200	0.001388
40	210	0.014365
40	220	0.001431
40	230	0.002165
40	240	0.001506
40	250	0.005015
40	260	0.004114
40	270	0.001372
40	280	0.001285
40	290	0.001516
40	300	0.006370
40	310	0.001335
40	320	0.001656
40	330	0.001580
40	340	0.001754
40	350	0.001727
45	0	0.001850
45	10	0.006001
45	20	0.001935
45	30	0.001690
45	40	0.002341
45	50	0.001774
45	60	0.001672
45	70	0.001753
45	80	0.001922
45	90	0.001972
45	100	0.002037
45	110	0.001825
45	120	0.010192
45	130	0.001565
45	140	0.001783
45	150	0.014707
45	160	0.001508
45	170	0.001915
45	180	0.154562
45	190	0.001915
45	200	0.001531
45	210	0.001872
45	220	0.001868
45	230	0.001934
45	240	0.001870
45	250	0.001510
45	260	0.017300
45	270	0.002156
45	280	0.002284
45	290	0.001231
45	300	0.001455
45	310	0.002122
45	320	0.001495
45	330	0.001830
45	340	0.001727
45	350	0.001960
50	0	0.001565
50	10	0.001722
50	20	0.001820
50	30	0.001684
50	40	0.001877
50	50	0.001815
50	60	0.002166
50	70	0.001666
50	80	0.001569
50	90	0.015955
50	100	0.001644
50	110	0.001624
50	120	0.002066
50	130	0.001653
50	140	0.001907
50	150	0.001638
50	160	0.001832
50	170	0.001725
50	180	0.001805
50	190	0.002215
50	200	0.015466
50	210	0.001478
50	220	0.002917
50	230	0.001574
50	240	0.001662
50	250	0.001687
50	260	0.001476
50	270	0.001530
50	280	0.001385
50	290	0.001719
50	300	0.001530
50	310	0.001558
50	320	0.001304
50	330	0.011003
50	340	0.001491
50	350	0.003921
55	0	0.001778
55	10	0.001764
55	20	0.001672
55	30	0.001897
55	40	0.001958
55	50	0.002099
55	60	0.001738
55	70	0.001745
55	80	0.001688
55	90	0.001786
55	100	0.001698
55	110	0.001832
55	120	0.002018
55	130	0.001787
55	140	0.001892
55	150	0.002077
55	160	0.001645
55	170	0.001659
55	180	0.001710
55	190	0.003390
55	200	0.001801
55	210	0.001617
55	220	0.012609
55	230	0.001625
55	240	0.002975
55	250	0.001559
55	260	0.001487
55	270	0.001299
55	280	0.005450
55	290	0.001393
55	300	0.005755
55	310	0.001648
55	320	0.001543
55	330	0.001471
55	340	0.009092
55	350	0.001618
60	0	0.002253
60	10	0.008717
60	20	0.001873
60	30	0.001782
60	40	0.001835
60	50	0.002755
60	60	0.001881
60	70	0.001788
60	80	0.004847
60	90	0.006664
60	100	0.007391
60	110	0.001772
60	120	0.001739
60	130	0.002340
60	140	0.002464
60	150	0.001756
60	160	0.001743
60	170	0.001761
60	180	0.002373
60	190	0.001792
60	200	0.001737
60	210	0.001910
60	220	0.001763
60	230	0.002552
60	240	0.001655
60	250	0.001439
60	260	0.001458
60	270	0.002098
60	280	0.001840
60	290	0.001541
60	300	0.001783
60	310	0.001534
60	320	0.039063
60	330	0.001744
60	340	0.001641
60	350	0.002162
65	0	0.002086
65	10	0.001944
65	20	0.008692
65	30	0.002043
65	40	0.008134
65	50	0.002053
65	60	0.002122
65	70	0.003160
65	80	0.001984
65	90	0.002034
65	100	0.002227
65	110	0.002236
65	120	0.002012
65	130	0.002074
65	140	0.002065
65	150	0.002040
65	160	0.001962
65	170	0.003324
65	180	0.002897
65	190	0.527049
65	200	0.002109
65	210	0.001853
65	220	0.001762
65	230	0.004557
65	240	0.001642
65	250	0.001988
65	260	0.002282
65	270	0.002026
65	280	0.013459
65	290	0.002019
65	300	0.001770
65	310	0.001830
65	320	0.001649
65	330	0.001589
65	340	0.001998
65	350	0.002020
70	0	0.002113
70	10	0.002597
70	20	0.004391
70	30	0.002262
70	40	0.002150
70	50	0.002540
70	60	0.002242
70	70	0.003078
70	80	0.002563
70	90	0.003035
70	100	0.002098
70	110	0.003076
70	120	0.002075
70	130	0.002305
70	140	0.002336
70	150	0.002337
70	160	0.004907
70	170	0.002279
70	180	0.002474
70	190	0.002649
70	200	0.003798
70	210	0.002699
70	220	0.005119
70	230	0.002755
70	240	0.002885
70	250	0.002594
70	260	0.002606
70	270	0.002392
70	280	0.002876
70	290	0.008115
70	300	0.002345
70	310	0.002736
70	320	0.002885
70	330	0.002308
70	340	0.002736
70	350	0.002331
75	0	0.002989
75	10	0.002730
75	20	0.002767
75	30	0.003259
75	40	0.005074
75	50	0.003075
75	60	0.002989
75	70	0.002964
75	80	0.002804
75	90	0.003161
75	100	0.003510
75	110	0.003198
75	120	0.002816
75	130	0.002902
75	140	0.002960
75	150	0.002808
75	160	0.003057
75	170	0.002546
75	180	0.002866
75	190	0.002771
75	200	0.007902
75	210	0.003099
75	220	0.002792
75	230	0.002976
75	240	0.002779
75	250	0.003456
75	260	0.003148
75	270	0.003333
75	280	0.002693
75	290	0.003703
75	300	0.003222
75	310	0.002767
75	320	0.002583
75	330	0.002755
75	340	0.002521
75	350	0.003120
80	0	0.004638
80	10	0.004344
80	20	0.004234
80	30	0.007191
80	40	0.004564
80	50	0.004106
80	60	0.005584
80	70	0.003923
80	80	0.004234
80	90	0.004143
80	100	0.004271
80	110	0.003849
80	120	0.004564
80	130	0.004522
80	140	0.004075
80	150	0.004154
80	160	0.004495
80	170	0.012300
80	180	0.004387
80	190	0.005085
80	200	0.004566
80	210	0.004491
80	220	0.003794
80	230	0.004069
80	240	0.004069
80	250	0.004821
80	260	0.004051
80	270	0.004894
80	280	0.003868
80	290	0.003648
80	300	0.003721
80	310	0.004656
80	320	0.003721
80	330	0.004179
80	340	0.003703
80	350	0.004715
10	-20
0	0	0.003200
5	0	0.002236
5	10	0.002220
5	20	0.003089
5	30	0.061855
5	40	0.051865
5	50	0.003606
5	60	0.002887
5	70	0.002577
5	80	0.002293
5	90	0.002269
5	100	0.002333
5	110	0.002635
5	120	0.003252
5	200	0.004447
5	210	0.003587
5	220	0.003296
5	230	0.003826
5	240	0.004151
5	250	0.003969
5	260	0.003427
5	270	0.002904
5	280	0.002771
5	290	0.003609
5	300	0.004007
5	310	0.003503
5	320	0.010589
5	330	0.075418
5	340	0.028028
5	350	0.002360
10	0	0.002267
10	10	0.003763
10	20	0.006110
10	30	0.003276
10	40	0.005847
10	50	0.003898
10	60	0.003268
10	70	0.002208
10	80	0.002402
10	90	0.002686
10	100	0.003227
10	110	0.002903
10	120	0.057637
10	200	0.002256
10	210	0.002189
10	220	0.002613
10	230	0.034161
10	240	0.002190
10	250	0.002300
10	260	0.002426
10	270	0.002308
10	280	0.002465
10	290	0.002718
10	300	0.003116
10	310	0.004771
10	320	0.011458
10	330	0.002757
10	340	0.003878
10	350	0.003255
15	0	0.003671
15	10	0.019402
15	20	0.002736
15	30	0.013577
15	40	0.002567
15	50	0.007237
15	60	0.002347
15	70	0.002459
15	80	0.002004
15	90	0.002228
15	100	0.001942
15	110	0.002373
15	120	0.001987
15	200	0.002072
15	210	0.001971
15	220	0.002940
15	230	0.003633
15	240	0.004144
15	250	0.002243
15	260	0.002720
15	270	0.002347
15	280	0.002285
15	290	0.002351
15	300	0.008069
15	310	0.042376
15	320	0.002277
15	330	0.006736
15	340	0.002230
15	350	0.005304
20	0	0.002250
20	10	0.002558
20	20	0.478848
20	30	0.002300
20	40	0.004340
20	50	0.001979
20	60	0.386264
20	70	0.002656
20	80	0.002270
20	90	0.002666
20	100	0.002781
20	110	0.002161
20	120	0.003818
20	200	0.001865
20	210	0.001949
20	220	0.002389
20	230	0.002092
20	240	0.001954
20	250	0.002563
20	260	0.002310
20	270	0.002290
20	280	0.001983
20	290	0.001955
20	300	0.002018
20	310	0.001982
20	320	0.002250
20	330	0.002331
20	340	0.006884
20	350	0.017218
25	0	0.002002
25	10	0.001778
25	20	0.001806
25	30	0.001735
25	40	0.008071
25	50	0.002455
25	60	0.001922
25	70	0.003604
25	80	0.002276
25	90	0.002016
25	100	0.001725
25	110	0.001634
25	120	0.001690
25	130	0.005553
25	140	0.001767
25	150	0.004394
25	160	0.001763
25	170	0.001943
25	180	0.002006
25	190	0.001448
25	200	0.001609
25	210	0.032670
25	220	0.001482
25	230	0.001504
25	240	0.030563
25	250	0.001865
25	260	0.001960
25	270	0.002002
25	280	0.001686
25	290	0.307497
25	300	0.001663
25	310	0.001714
25	320	0.002217
25	330	0.002371
25	340	0.013073
25	350	0.002536
30	0	0.002209
30	10	0.007373
30	20	0.002261
30	30	0.001901
30	40	0.002256
30	50	0.004249
30	60	0.001664
30	70	0.607049
30	80	0.008496
30	90	0.002094
30	100	0.042104
30	110	0.006035
30	120	0.001588
30	130	0.001709
30	140	0.003349
30	150	0.002022
30	160	0.001803
30	170	0.001993
30	180	0.002084
30	190	0.001578
30	200	0.002117
30	210	0.001613
30	220	0.002198
30	230	0.002191
30	240	0.001577
30	250	0.001820
30	260	0.001575
30	270	0.001564
30	280	0.001510
30	290	0.001573
30	300	0.001872
30	310	0.560162
30	320	0.001821
30	330	0.001941
30	340	0.002434
30	350	0.006032
35	0	0.002682
35	10	0.002130
35	20	0.001567
35	30	0.225205
35	40	0.003985
35	50	0.002025
35	60	0.002152
35	70	0.001656
35	80	0.007885
35	90	0.044301
35	100	0.034657
35	110	0.001648
35	120	0.002183
35	130	0.002538
35	140	0.001294
35	150	0.001636
35	160	0.002293
35	170	0.001687
35	180	0.002351
35	190	0.001833
35	200	0.267366
35	210	0.001431
35	220	0.001507
35	230	0.001541
35	240	0.001545
35	250	0.002270
35	260	0.005654
35	270	0.001957
35	280	0.003051
35	290	0.001935
35	300	0.001502
35	310	0.001581
35	320	0.001682
35	330	0.005250
35	340	0.001866
35	350	0.001788
40	0	0.002091
40	10	0.001644
40	20	0.001763
40	30	0.001849
40	40	0.001761
40	50	0.001764
40	60	0.001963
40	70	0.001590
40	80	0.001818
40	90	0.046251
40	100	0.001965
40	110	0.001656
40	120	0.001619
40	130	0.001958
40	140	0.001758
40	150	0.004210
40	160	0.001652
40	170	0.001829
40	180	0.002548
40	190	0.005764
40	200	0.001488
40	210	0.001982
40	220	0.001477
40	230	0.001598
40	240	0.001989
40	250	0.001572
40	260	0.002435
40	270	0.001314
40	280	0.001638
40	290	0.001468
40	300	0.233467
40	310	0.003217
40	320	0.011926
40	330	0.001775
40	340	0.002365
40	350	0.001945
45	0	0.001550
45	10	0.002292
45	20	0.002323
45	30	0.002121
45	40	0.002612
45	50	0.001790
45	60	0.001848
45	70	0.001887
45	80	0.001621
45	90	0.001690
45	100	0.001744
45	110	0.003255
45	120	0.001638
45	130	0.001824
45	140	0.001869
45	150	0.001612
45	160	0.001731
45	170	0.002211
45	180	0.022839
45	190	0.001577
45	200	0.001763
45	210	0.001988
45	220	0.002080
45	230	0.001865
45	240	0.001384
45	250	0.001335
45	260	0.001401
45	270	0.001651
45	280	0.001384
45	290	0.001476
45	300	0.001582
45	310	0.001805
45	320	0.001602
45	330	0.001557
45	340	0.139720
45	350	0.001828
50	0	0.002243
50	10	0.001703
50	20	0.001900
50	30	0.001770
50	40	0.001815
50	50	0.001765
50	60	0.001820
50	70	0.001881
50	80	0.001679
50	90	0.001728
50	100	0.001723
50	110	0.001655
50	120	0.002659
50	130	0.001858
50	140	0.001906
50	150	0.001818
50	160	0.001859
50	170	0.001959
50	180	0.001983
50	190	0.001977
50	200	0.002447
50	210	0.001538
50	220	0.001803
50	230	0.001462
50	240	0.001596
50	250	0.001999
50	260	0.001754
50	270	0.001434
50	280	0.004180
50	290	0.001658
50	300	0.001626
50	310	0.006280
50	320	0.003328
50	330	0.009038
50	340	0.001582
50	350	0.001674
55	0	0.001802
55	10	0.001921
55	20	0.035193
55	30	0.002341
55	40	0.001872
55	50	0.188176
55	60	0.001790
55	70	0.001778
55	80	0.002803
55	90	0.079392
55	100	0.001921
55	110	0.001736
55	120	0.001743
55	130	0.001982
55	140	0.001822
55	150	0.051254
55	160	0.001799
55	170	0.001918
55	180	0.001909
55	190	0.001755
55	200	0.001604
55	210	0.002281
55	220	0.002006
55	230	0.001677
55	240	0.005428
55	250	0.001554
55	260	0.001382
55	270	0.001510
55	280	0.001482
55	290	0.001876
55	300	0.001710
55	310	0.001604
55	320	0.001566
55	330	0.001752
55	340	0.001738
55	350	0.001689
60	0	0.001792
60	10	0.002297
60	20	0.002259
60	30	0.001870
60	40	0.002055
60	50	0.001996
60	60	0.001886
60	70	0.002308
60	80	0.002336
60	90	0.001883
60	100	0.002599
60	110	0.001854
60	120	0.013622
60	130	0.002637
60	140	0.002031
60	150	0.002086
60	160	0.001881
60	170	0.001861
60	180	0.002303
60	190	0.001851
60	200	0.002025
60	210	0.001809
60	220	0.001987
60	230	0.001790
60	240	0.001842
60	250	0.007984
60	260	0.001745
60	270	0.001758
60	280	0.001586
60	290	0.001764
60	300	0.001669
60	310	0.001777
60	320	0.005845
60	330	0.001842
60	340	0.002114
60	350	0.001794
65	0	0.001997
65	10	0.001968
65	20	0.004618
65	30	0.009016
65	40	0.002233
65	50	0.002205
65	60	0.002055
65	70	0.002499
65	80	0.002129
65	90	0.002306
65	100	0.002027
65	110	0.002793
65	120	0.002111
65	130	0.002155
65	140	0.015076
65	150	0.002049
65	160	0.001760
65	170	0.086546
65	180	0.004783
65	190	0.003369
65	200	0.001793
65	210	0.001816
65	220	0.002160
65	230	0.003511
65	240	0.002042
65	250	0.002132
65	260	0.002004
65	270	0.002080
65	280	0.002358
65	290	0.001906
65	300	0.002110
65	310	0.001733
65	320	0.001997
65	330	0.002027
65	340	0.008099
65	350	0.002153
70	0	0.050704
70	10	0.002774
70	20	0.002598
70	30	0.002430
70	40	0.007921
70	50	0.002881
70	60	0.002876
70	70	0.002616
70	80	0.002232
70	90	0.002215
70	100	0.002562
70	110	0.002197
70	120	0.002440
70	130	0.002374
70	140	0.002527
70	150	0.002634
70	160	0.327799
70	170	0.002661
70	180	0.002547
70	190	0.003017
70	200	0.002867
70	210	0.003474
70	220	0.002830
70	230	0.003685
70	240	0.004003
70	250	0.002756
70	260	0.002753
70	270	0.003044
70	280	0.002766
70	290	0.002504
70	300	0.002728
70	310	0.003044
70	320	0.002504
70	330	0.002625
70	340	0.002400
70	350	0.005008
75	0	0.002854
75	10	0.004250
75	20	0.002904
75	30	0.005766
75	40	0.003359
75	50	0.002916
75	60	0.004608
75	70	0.002842
75	80	0.003285
75	90	0.003162
75	100	0.003396
75	110	0.002977
75	120	0.003078
75	130	0.003366
75	140	0.003268
75	150	0.002976
75	160	0.002990
75	170	0.003021
75	180	0.002957
75	190	0.003209
75	200	0.004245
75	210	0.002805
75	220	0.005741
75	230	0.002977
75	240	0.003334
75	250	0.003359
75	260	0.003420
75	270	0.002842
75	280	0.003322
75	290	0.004640
75	300	0.009422
75	310	0.002830
75	320	0.002953
75	330	0.002658
75	340	0.003212
75	350	0.003150
80	0	0.004530
80	10	0.004511
80	20	0.004969
80	30	0.005318
80	40	0.004365
80	50	0.004951
80	60	0.004310
80	70	0.004401
80	80	0.004401
80	90	0.005134
80	100	0.004053
80	110	0.007431
80	120	0.004991
80	130	0.004297
80	140	0.004601
80	150	0.004814
80	160	0.004832
80	170	0.015803
80	180	0.005409
80	190	0.004487
80	200	0.005666
80	210	0.003961
80	220	0.004310
80	230	0.004255
80	240	0.004969
80	250	0.004291
80	260	0.005024
80	270	0.004053
80	280	0.003943
80	290	0.004236
80	300	0.004493
80	310	0.004346
80	320	0.004456
80	330	0.003888
80	340	0.006671
80	350	0.004804
10	-30
0	0	0.002233
5	0	0.002750
5	10	0.003197
5	20	0.002701
5	30	0.002744
5	40	0.002666
5	50	0.002357
5	60	0.002330
5	70	0.002133
5	80	0.002038
5	90	0.002253
5	100	0.003571
5	110	0.003054
5	190	0.002945
5	200	0.003107
5	210	0.003548
5	220	0.004436
5	230	0.022175
5	240	0.371461
5	250	0.444937
5	260	0.013110
5	270	0.003825
5	280	0.003638
5	290	0.005148
5	300	0.038522
5	310	0.179781
5	320	0.071203
5	330	0.002334
5	340	0.002097
5	350	0.002082
10	0	0.002893
10	10	0.003036
10	20	0.002717
10	30	0.383953
10	40	0.143468
10	50	0.004919
10	60	0.002511
10	70	0.002508
10	80	0.002204
10	90	0.001982
10	100	0.005207
10	110	0.002399
10	190	0.002346
10	200	0.002254
10	210	0.001901
10	220	0.002048
10	230	0.002985
10	240	0.002125
10	250	0.002787
10	260	0.037342
10	270	0.003175
10	280	0.004680
10	290	0.233885
10	300	0.005808
10	310	0.007841
10	320	0.002353
10	330	0.006114
10	340	0.002696
10	350	0.002154
15	0	0.003119
15	10	0.002917
15	20	0.036549
15	30	0.002366
15	40	0.002135
15	50	0.002056
15	60	0.002399
15	70	0.001977
15	80	0.002353
15	90	0.002812
15	100	0.005154
15	110	0.002004
15	190	0.002276
15	200	0.002389
15	210	0.001984
15	220	0.004974
15	230	0.001926
15	240	0.004766
15	250	0.002710
15	260	0.079505
15	270	0.002492
15	280	0.048213
15	290	0.002430
15	300	0.005503
15	310	0.002320
15	320	0.002920
15	330	0.002311
15	340	0.004012
15	350	0.004366
20	0	0.001958
20	10	0.002801
20	20	0.005941
20	30	0.002581
20	40	0.001961
20	50	0.004949
20	60	0.003022
20	70	0.002175
20	80	0.002107
20	90	0.001670
20	100	0.001887
20	110	0.001812
20	190	0.001929
20	200	0.001966
20	210	0.001816
20	220	0.002607
20	230	0.007088
20	240	0.001990
20	250	0.097190
20	260	0.003221
20	270	0.001797
20	280	0.005336
20	290	0.001543
20	300	0.001941
20	310	0.002361
20	320	0.002137
20	330	0.006050
20	340	0.001592
20	350	0.003035
25	0	0.001886
25	10	0.001974
25	20	0.001682
25	30	0.001749
25	40	0.709773
25	50	0.001988
25	60	0.002002
25	70	0.001826
25	80	0.001939
25	90	0.001777
25	100	0.001531
25	110	0.001612
25	120	0.002922
25	130	0.001556
25	140	0.002069
25	150	0.006961
25	160	0.002027
25	170	0.001454
25	180	0.001347
25	190	0.001693
25	200	0.043983
25	210	0.001605
25	220	0.001443
25	230	0.001535
25	240	0.001640
25	250	0.001879
25	260	0.003586
25	270	0.002761
25	280	0.001595
25	290	0.006937
25	300	0.001564
25	310	0.001826
25	320	0.002673
25	330	0.001742
25	340	0.002034
25	350	0.002276
30	0	0.006090
30	10	1.306208
30	20	0.001823
30	30	0.002057
30	40	0.001665
30	50	0.001579
30	60	0.003086
30	70	0.002391
30	80	0.001593
30	90	0.001488
30	100	0.001506
30	110	0.002080
30	120	0.001518
30	130	0.001687
30	140	0.001823
30	150	0.001562
30	160	0.001768
30	170	0.001823
30	180	0.001592
30	190	0.001626
30	200	0.001713
30	210	0.001511
30	220	0.036307
30	230	0.001516
30	240	0.001941
30	250	0.001428
30	260	0.001537
30	270	0.001390
30	280	0.001372
30	290	0.001536
30	300	0.001908
30	310	0.002501
30	320	0.001797
30	330	0.002490
30	340	0.036763
30	350	0.434929
35	0	0.123411
35	10	0.002728
35	20	0.001514
35	30	0.006561
35	40	0.001589
35	50	0.001697
35	60	0.001566
35	70	0.001543
35	80	0.001479
35	90	0.001542
35	100	0.001426
35	110	0.010001
35	120	0.001632
35	130	0.038641
35	140	0.002359
35	150	0.001667
35	160	0.002122
35	170	0.003800
35	180	0.001837
35	190	0.002289
35	200	0.001947
35	210	0.001378
35	220	0.001387
35	230	0.001404
35	240	0.006384
35	250	0.001430
35	260	0.001840
35	270	0.001671
35	280	0.002300
35	290	0.001409
35	300	0.001556
35	310	0.001487
35	320	0.001469
35	330	0.002040
35	340	0.001648
35	350	0.075953
40	0	0.002576
40	10	0.001712
40	20	0.001675
40	30	0.001603
40	40	0.003014
40	50	0.001489
40	60	0.001486
40	70	0.001593
40	80	0.001553
40	90	0.002700
40	100	0.007249
40	110	0.003297
40	120	0.001313
40	130	0.001978
40	140	0.001571
40	150	0.003806
40	160	0.001650
40	170	0.006648
40	180	0.001398
40	190	0.001327
40	200	0.001446
40	210	0.042799
40	220	0.002090
40	230	0.001773
40	240	0.001468
40	250	0.005888
40	260	0.001237
40	270	0.001427
40	280	0.001909
40	290	0.022343
40	300	0.001524
40	310	0.002144
40	320	0.440842
40	330	0.001704
40	340	0.001683
40	350	0.002406
45	0	0.001571
45	10	0.001687
45	20	0.145514
45	30	0.001540
45	40	0.001623
45	50	0.001528
45	60	0.003074
45	70	0.001485
45	80	0.001559
45	90	0.017328
45	100	0.001472
45	110	0.001615
45	120	0.002017
45	130	0.016530
45	140	0.159054
45	150	0.001588
45	160	0.001617
45	170	0.002442
45	180	0.001815
45	190	0.001595
45	200	0.002036
45	210	0.001906
45	220	0.001754
45	230	0.001360
45	240	0.001372
45	250	0.001395
45	260	0.001447
45	270	0.001175
45	280	0.001765
45	290	0.001470
45	300	0.001582
45	310	0.001503
45	320	0.001457
45	330	0.001609
45	340	0.002669
45	350	0.001425
50	0	0.001497
50	10	0.001580
50	20	0.001640
50	30	0.001656
50	40	0.001656
50	50	0.002280
50	60	0.001549
50	70	0.001510
50	80	0.001678
50	90	0.001634
50	100	0.001492
50	110	0.007080
50	120	0.001897
50	130	0.001569
50	140	0.001763
50	150	0.001583
50	160	0.001701
50	170	0.002616
50	180	0.001843
50	190	0.001650
50	200	0.001875
50	210	0.003031
50	220	0.001417
50	230	0.002446
50	240	0.002172
50	250	0.001691
50	260	0.005135
50	270	0.001617
50	280	0.005115
50	290	0.001184
50	300	0.001238
50	310	0.252390
50	320	0.001778
50	330	0.001827
50	340	0.001639
50	350	0.001506
55	0	0.001609
55	10	0.001763
55	20	0.001690
55	30	0.002083
55	40	0.001683
55	50	0.001939
55	60	0.002399
55	70	0.001770
55	80	0.006975
55	90	0.001954
55	100	0.001974
55	110	0.001609
55	120	0.001615
55	130	0.006373
55	140	0.001695
55	150	0.004648
55	160	0.001795
55	170	0.004855
55	180	0.001620
55	190	0.001532
55	200	0.001709
55	210	0.002113
55	220	0.002118
55	230	0.001781
55	240	0.001548
55	250	0.001463
55	260	0.001376
55	270	0.001315
55	280	0.001276
55	290	0.002783
55	300	0.001460
55	310	0.001421
55	320	0.001607
55	330	0.001699
55	340	0.001578
55	350	0.002370
60	0	0.001707
60	10	0.001796
60	20	0.002709
60	30	0.002169
60	40	0.001844
60	50	0.001769
60	60	0.001744
60	70	0.002730
60	80	0.001655
60	90	0.001696
60	100	0.001651
60	110	0.001800
60	120	0.001840
60	130	0.001998
60	140	0.001695
60	150	0.002491
60	160	0.004849
60	170	0.001684
60	180	0.001733
60	190	0.001827
60	200	0.001662
60	210	0.003212
60	220	0.001757
60	230	0.001679
60	240	0.003673
60	250	0.001623
60	260	0.002897
60	270	0.001439
60	280	0.002538
60	290	0.001439
60	300	0.001579
60	310	0.001713
60	320	0.001972
60	330	0.018342
60	340	0.008764
60	350	0.001683
65	0	0.001787
65	10	0.001949
65	20	0.002211
65	30	0.001874
65	40	0.021322
65	50	0.001947
65	60	0.002147
65	70	0.001926
65	80	0.001996
65	90	0.001866
65	100	0.001997
65	110	0.001970
65	120	0.002011
65	130	0.001903
65	140	0.001983
65	150	0.001520
65	160	0.001957
65	170	0.007615
65	180	0.002884
65	190	0.001732
65	200	0.001649
65	210	0.001604
65	220	0.001732
65	230	0.001913
65	240	0.002011
65	250	0.003380
65	260	0.001521
65	270	0.001936
65	280	0.001725
65	290	0.002162
65	300	0.002590
65	310	0.001574
65	320	0.002565
65	330	0.002264
65	340	0.002018
65	350	0.001837
70	0	0.002652
70	10	0.003872
70	20	0.001945
70	30	0.003667
70	40	0.002791
70	50	0.002414
70	60	0.003944
70	70	0.002226
70	80	0.002010
70	90	0.002113
70	100	0.002020
70	110	0.002176
70	120	0.002181
70	130	0.002270
70	140	0.002557
70	150	0.002269
70	160	0.076660
70	170	0.002504
70	180	0.002297
70	190	0.003133
70	200	0.002839
70	210	0.002615
70	220	0.004359
70	230	0.003319
70	240	0.002485
70	250	0.002308
70	260	0.002885
70	270	0.002410
70	280	0.002476
70	290	0.002522
70	300	0.002820
70	310	0.002280
70	320	0.002429
70	330	0.077396
70	340	0.001936
70	350	0.002745
75	0	0.002644
75	10	0.002743
75	20	0.003099
75	30	0.003150
75	40	0.002706
75	50	0.002829
75	60	0.002558
75	70	0.002964
75	80	0.003770
75	90	0.008265
75	100	0.002816
75	110	0.002819
75	120	0.002899
75	130	0.002763
75	140	0.004113
75	150	0.002411
75	160	0.003333
75	170	0.002661
75	180	0.002943
75	190	0.003112
75	200	0.002595
75	210	0.003247
75	220	0.002841
75	230	0.003621
75	240	0.003001
75	250	0.003148
75	260	0.002829
75	270	0.003099
75	280	0.003222
75	290	0.002472
75	300	0.002484
75	310	0.002718
75	320	0.002620
75	330	0.002922
75	340	0.002816
75	350	0.002570
80	0	0.004124
80	10	0.004601
80	20	0.004051
80	30	0.003849
80	40	0.004564
80	50	0.003666
80	60	0.003978
80	70	0.003923
80	80	0.373525
80	90	0.004363
80	100	0.005585
80	110	0.004326
80	120	0.003864
80	130	0.004013
80	140	0.004572
80	150	0.004454
80	160	0.004161
80	170	0.004907
80	180	0.004227
80	190	0.004363
80	200	0.003739
80	210	0.003831
80	220	0.003941
80	230	0.004693
80	240	0.003868
80	250	0.004638
80	260	0.003684
80	270	0.003593
80	280	0.003574
80	290	0.004234
80	300	0.003629
80	310	0.004198
80	320	0.003465
80	330	0.004437
80	340	0.004454
80	350	0.004051
10	-40
0	0	0.002636
5	0	0.003924
5	10	0.003135
5	20	0.003133
5	30	0.002921
5	40	0.002803
5	50	0.009426
5	60	0.078399
5	70	0.030842
5	80	0.002625
5	90	0.002170
5	100	0.002305
5	180	0.003627
5	190	0.003531
5	200	0.003505
5	210	0.003905
5	220	0.005335
5	230	0.010013
5	240	0.067992
5	250	0.025283
5	260	0.005246
5	270	0.004384
5	280	0.006009
5	290	0.036380
5	300	0.023181
5	310	0.002776
5	320	0.002145
5	330	0.002240
5	340	0.003202
5	350	0.005238
10	0	0.003581
10	10	0.002221
10	20	0.003102
10	30	0.009944
10	40	0.005242
10	50	0.002995
10	60	0.002465
10	70	0.012420
10	80	0.009457
10	90	0.002181
10	100	0.232534
10	180	0.003651
10	190	0.002440
10	200	0.002084
10	210	0.016450
10	220	0.003783
10	230	0.002935
10	240	0.003090
10	250	0.007863
10	260	0.004865
10	270	0.004036
10	280	0.092734
10	290	0.005096
10	300	0.003328
10	310	0.002362
10	320	0.006599
10	330	0.002578
10	340	0.002292
10	350	0.002614
15	0	0.002550
15	10	0.002398
15	20	0.002566
15	30	0.002312
15	40	0.003344
15	50	0.002108
15	60	0.006778
15	70	0.003050
15	80	0.023710
15	90	0.002325
15	100	0.414977
15	180	0.002522
15	190	0.002326
15	200	0.042401
15	210	0.002970
15	220	0.002027
15	230	0.002066
15	240	0.002106
15	250	0.002959
15	260	0.084896
15	270	0.002600
15	280	0.028832
15	290	0.002292
15	300	0.002375
15	310	0.002642
15	320	0.003598
15	330	0.003461
15	340	0.004177
15	350	0.002647
20	0	0.002028
20	10	0.002465
20	20	0.002461
20	30	0.018213
20	40	0.002434
20	50	0.004138
20	60	0.002075
20	70	0.003078
20	80	0.036169
20	90	0.001757
20	100	0.002309
20	180	0.001938
20	190	0.002155
20	200	0.002015
20	210	0.005895
20	220	0.002314
20	230	0.376749
20	240	0.002101
20	250	0.002292
20	260	0.009123
20	270	0.002059
20	280	0.001566
20	290	0.002262
20	300	0.002072
20	310	0.009602
20	320	0.001506
20	330	0.000764
20	340	0.003461
20	350	0.002197
25	0	0.001829
25	10	0.002303
25	20	0.032342
25	30	0.002022
25	40	0.003037
25	50	0.001790
25	60	0.001860
25	70	0.002405
25	80	0.002422
25	90	0.001871
25	100	0.001874
25	110	0.001804
25	120	0.001994
25	130	0.001962
25	140	0.001836
25	150	0.001938
25	160	0.001520
25	170	0.001874
25	180	0.001853
25	190	0.004213
25	200	0.002619
25	210	0.001542
25	220	0.006963
25	230	0.001671
25	240	0.001997
25	250	0.001607
25	260	0.004547
25	270	0.001990
25	280	0.002032
25	290	0.001878
25	300	0.010964
25	310	0.002106
25	320	0.002591
25	330	0.003216
25	340	0.001938
25	350	0.002117
30	0	0.001917
30	10	0.004902
30	20	0.002008
30	30	0.002921
30	40	0.002562
30	50	0.001835
30	60	0.001691
30	70	0.001596
30	80	0.001511
30	90	0.001637
30	100	0.001538
30	110	0.001620
30	120	0.001851
30	130	0.001528
30	140	0.001991
30	150	0.001748
30	160	0.012959
30	170	0.028032
30	180	0.005409
30	190	0.108912
30	200	0.002906
30	210	0.001752
30	220	0.001554
30	230	0.001589
30	240	0.046612
30	250	0.001642
30	260	0.001835
30	270	0.001470
30	280	0.001832
30	290	0.001680
30	300	0.002444
30	310	0.001969
30	320	0.002064
30	330	0.003086
30	340	0.002002
30	350	0.003182
35	0	0.001689
35	10	0.001598
35	20	0.001776
35	30	0.002050
35	40	0.001691
35	50	0.001612
35	60	0.001728
35	70	0.001649
35	80	0.001789
35	90	0.001871
35	100	0.001765
35	110	0.001673
35	120	0.001339
35	130	0.200232
35	140	0.001753
35	150	0.001468
35	160	0.001868
35	170	0.619519
35	180	0.010786
35	190	0.005664
35	200	0.001511
35	210	0.001651
35	220	0.001506
35	230	0.001511
35	240	0.001528
35	250	0.001576
35	260	0.001502
35	270	0.001602
35	280	0.001697
35	290	0.022354
35	300	0.001606
35	310	0.004669
35	320	0.004431
35	330	0.002070
35	340	0.034956
35	350	0.006018
40	0	0.002213
40	10	0.001982
40	20	0.001950
40	30	0.013334
40	40	0.131056
40	50	0.003080
40	60	0.001858
40	70	0.011142
40	80	0.001681
40	90	0.001688
40	100	0.001679
40	110	0.253285
40	120	0.001744
40	130	0.001798
40	140	0.001553
40	150	0.002508
40	160	0.001918
40	170	0.001651
40	180	0.001460
40	190	0.001542
40	200	0.001776
40	210	0.001461
40	220	0.002186
40	230	0.001502
40	240	0.001492
40	250	0.020334
40	260	0.001758
40	270	0.001434
40	280	0.033394
40	290	0.002072
40	300	0.001581
40	310	0.001810
40	320	0.002319
40	330	0.001856
40	340	0.001819
40	350	0.141547
45	0	0.001750
45	10	0.001704
45	20	0.010479
45	30	0.001693
45	40	0.001630
45	50	0.001695
45	60	0.001705
45	70	0.001643
45	80	0.001846
45	90	0.001633
45	100	0.004058
45	110	0.001799
45	120	0.001975
45	130	0.001606
45	140	0.037548
45	150	0.001732
45	160	0.001725
45	170	0.001812
45	180	0.001720
45	190	0.001793
45	200	0.074941
45	210	0.001746
45	220	0.001652
45	230	0.001367
45	240	0.001485
45	250	0.001561
45	260	0.001327
45	270	0.001441
45	280	0.010307
45	290	0.001742
45	300	0.001781
45	310	0.004422
45	320	0.008198
45	330	0.002020
45	340	0.001725
45	350	0.001768
50	0	0.001646
50	10	0.001757
50	20	0.001858
50	30	0.002253
50	40	0.013054
50	50	0.279772
50	60	0.001677
50	70	0.001711
50	80	0.006029
50	90	0.001797
50	100	0.001805
50	110	0.001796
50	120	0.001686
50	130	0.002083
50	140	0.001842
50	150	0.001724
50	160	0.002154
50	170	0.003936
50	180	0.001782
50	190	0.002578
50	200	0.001876
50	210	0.001506
50	220	0.001679
50	230	0.001721
50	240	0.001633
50	250	0.001410
50	260	0.001628
50	270	0.001618
50	280	0.001421
50	290	0.001424
50	300	0.001527
50	310	0.002192
50	320	0.002050
50	330	0.001665
50	340	0.001752
50	350	0.001674
55	0	0.002543
55	10	0.001848
55	20	0.001892
55	30	0.001892
55	40	0.001898
55	50	0.001869
55	60	0.001796
55	70	0.002506
55	80	0.002124
55	90	0.001746
55	100	0.001813
55	110	0.002101
55	120	0.001803
55	130	0.002937
55	140	0.001944
55	150	0.001905
55	160	0.002356
55	170	0.001760
55	180	0.001624
55	190	0.001757
55	200	0.002411
55	210	0.001864
55	220	0.001757
55	230	0.001787
55	240	0.001764
55	250	0.002273
55	260	0.001580
55	270	0.001408
55	280	0.002059
55	290	0.001925
55	300	0.001541
55	310	0.001761
55	320	0.001903
55	330	0.001714
55	340	0.001970
55	350	0.069362
60	0	0.001799
60	10	0.001838
60	20	0.002148
60	30	0.001943
60	40	0.008899
60	50	0.001933
60	60	0.002061
60	70	0.001887
60	80	0.005378
60	90	0.001848
60	100	0.001838
60	110	0.002048
60	120	0.002289
60	130	0.001942
60	140	0.001888
60	150	0.005910
60	160	0.005528
60	170	0.001885
60	180	0.002022
60	190	0.001838
60	200	0.001927
60	210	0.690253
60	220	0.001844
60	230	0.001615
60	240	0.002516
60	250	0.001850
60	260	0.001628
60	270	0.001787
60	280	0.001602
60	290	0.002604
60	300	0.001895
60	310	0.001874
60	320	0.001932
60	330	0.001808
60	340	0.676815
60	350	0.001966
65	0	0.002211
65	10	0.002203
65	20	0.002076
65	30	0.002805
65	40	0.003617
65	50	0.002086
65	60	0.004134
65	70	0.002605
65	80	0.002090
65	90	0.002170
65	100	0.002150
65	110	0.002126
65	120	0.006818
65	130	0.002164
65	140	0.001838
65	150	0.002185
65	160	0.002148
65	170	0.002377
65	180	0.001963
65	190	0.001880
65	200	0.001813
65	210	0.002413
65	220	0.002234
65	230	0.040135
65	240	0.003038
65	250	0.001745
65	260	0.002182
65	270	0.001956
65	280	0.001963
65	290	0.001760
65	300	0.002994
65	310	0.002029
65	320	0.002347
65	330	0.003336
65	340	0.002066
65	350	0.002090
70	0	0.002510
70	10	0.002268
70	20	0.002743
70	30	0.002558
70	40	0.002788
70	50	0.002687
70	60	0.002249
70	70	0.002258
70	80	0.002718
70	90	0.003108
70	100	0.002486
70	110	0.002427
70	120	0.002533
70	130	0.002598
70	140	0.003184
70	150	0.005162
70	160	0.003081
70	170	0.002934
70	180	0.003003
70	190	0.017717
70	200	0.002901
70	210	0.003049
70	220	0.002877
70	230	0.002770
70	240	0.002556
70	250	0.003152
70	260	0.002491
70	270	0.002556
70	280	0.002817
70	290	0.003068
70	300	0.003715
70	310	0.002677
70	320	0.002430
70	330	0.108691
70	340	0.002687
70	350	0.002808
75	0	0.003181
75	10	0.003513
75	20	0.003107
75	30	0.007523
75	40	0.003181
75	50	0.002960
75	60	0.003316
75	70	0.003341
75	80	0.004577
75	90	0.003243
75	100	0.003666
75	110	0.003227
75	120	0.003080
75	130	0.003104
75	140	0.005473
75	150	0.003048
75	160	0.003544
75	170	0.003320
75	180	0.003341
75	190	0.003071
75	200	0.003255
75	210	0.003009
75	220	0.006079
75	230	0.003917
75	240	0.003452
75	250	0.002923
75	260	0.003501
75	270	0.003575
75	280	0.002972
75	290	0.002874
75	300	0.003021
75	310	0.002874
75	320	0.009465
75	330	0.003255
75	340	0.002861
75	350	0.003071
80	0	0.005731
80	10	0.004613
80	20	0.004393
80	30	0.005108
80	40	0.004173
80	50	0.004613
80	60	0.012422
80	70	0.007002
80	80	0.004228
80	90	0.004925
80	100	0.005114
80	110	0.004397
80	120	0.004544
80	130	0.004917
80	140	0.005172
80	150	0.004632
80	160	0.005447
80	170	0.004643
80	180	0.004925
80	190	0.004228
80	200	0.005675
80	210	0.004540
80	220	0.005823
80	230	0.004925
80	240	0.005126
80	250	0.004173
80	260	0.004320
80	270	0.004173
80	280	0.004705
80	290	0.004082
80	300	0.004595
80	310	0.004045
80	320	0.004986
80	330	0.004851
80	340	0.004522
80	350	0.004888
10	-50
0	0	0.002985
5	0	0.003439
5	10	0.003984
5	20	0.006427
5	30	0.007152
5	40	0.004615
5	50	0.003513
5	60	0.003064
5	70	0.003096
5	80	0.003043
5	90	0.002811
5	170	0.002347
5	180	0.002605
5	190	0.014491
5	200	0.091072
5	210	0.047877
5	220	0.003645
5	230	0.003320
5	240	0.003246
5	250	0.003147
5	260	0.003577
5	270	0.003943
5	280	0.002997
5	290	0.002332
5	300	0.002198
5	310	0.002253
5	320	0.003004
5	330	0.007284
5	340	0.017681
5	350	0.005980
10	0	0.002639
10	10	0.002621
10	20	0.003364
10	30	0.003219
10	40	0.002508
10	50	0.043301
10	60	0.002404
10	70	0.002053
10	80	0.002854
10	90	0.002851
10	170	0.003775
10	180	0.002502
10	190	0.044236
10	200	0.002361
10	210	0.003127
10	220	0.003822
10	230	0.005796
10	240	0.006357
10	250	0.003172
10	260	0.002740
10	270	0.003600
10	280	0.002563
10	290	0.002233
10	300	0.002265
10	310	0.008011
10	320	0.002566
10	330	0.002577
10	340	0.002932
10	350	0.021802
15	0	0.002666
15	10	0.009240
15	20	0.002679
15	30	0.001997
15	40	0.002086
15	50	0.001941
15	60	0.083567
15	70	0.004261
15	80	0.002530
15	90	0.001842
15	170	0.004804
15	180	0.002129
15	190	0.002570
15	200	0.009996
15	210	0.003109
15	220	0.001955
15	230	0.033650
15	240	0.002169
15	250	0.002482
15	260	0.002311
15	270	0.002559
15	280	0.001993
15	290	0.002264
15	300	0.002514
15	310	0.006672
15	320	0.002466
15	330	0.004379
15	340	0.003224
15	350	0.007741
20	0	0.001985
20	10	0.002615
20	20	0.002178
20	30	0.002124
20	40	0.013197
20	50	0.002127
20	60	0.001863
20	70	0.029883
20	80	0.001792
20	90	0.001832
20	170	0.013544
20	180	0.003063
20	190	0.002033
20	200	0.034973
20	210	0.002085
20	220	0.002196
20	230	0.002292
20	240	0.035645
20	250	0.002193
20	260	0.002229
20	270	0.001648
20	280	0.002046
20	290	0.003187
20	300	0.002530
20	310	0.001541
20	320	0.008292
20	330	0.002208
20	340	0.002679
20	350	0.002039
25	0	0.003175
25	10	0.002950
25	20	0.002047
25	30	0.059766
25	40	0.001868
25	50	0.002128
25	60	0.001801
25	70	0.001970
25	80	0.002240
25	90	0.001745
25	100	0.003322
25	110	0.033270
25	120	0.001938
25	130	0.001545
25	140	0.001822
25	150	0.001671
25	160	0.001766
25	170	0.104873
25	180	0.022923
25	190	0.001527
25	200	0.001473
25	210	0.001854
25	220	0.002844
25	230	0.002170
25	240	0.001517
25	250	0.001721
25	260	0.002121
25	270	0.001627
25	280	0.002153
25	290	0.001900
25	300	0.002075
25	310	0.002569
25	320	0.001966
25	330	0.008889
25	340	0.002184
25	350	0.002139
30	0	0.001966
30	10	0.002156
30	20	0.002532
30	30	0.003802
30	40	0.002428
30	50	0.001659
30	60	0.001575
30	70	0.001597
30	80	0.001767
30	90	0.001576
30	100	0.001716
30	110	0.001973
30	120	0.001657
30	130	0.001712
30	140	0.001856
30	150	0.002900
30	160	0.001729
30	170	0.023508
30	180	0.023655
30	190	0.003469
30	200	0.001777
30	210	0.002017
30	220	0.001526
30	230	0.001727
30	240	0.004090
30	250	0.008214
30	260	0.003807
30	270	0.001642
30	280	0.002907
30	290	0.007356
30	300	0.002863
30	310	0.002096
30	320	0.002374
30	330	0.002473
30	340	0.001973
30	350	0.002051
35	0	0.001845
35	10	0.001820
35	20	0.004138
35	30	0.001681
35	40	0.001962
35	50	0.001605
35	60	0.005889
35	70	0.001747
35	80	0.007071
35	90	0.001820
35	100	0.002393
35	110	0.001309
35	120	0.001601
35	130	0.003182
35	140	0.001954
35	150	0.001721
35	160	0.001610
35	170	0.003516
35	180	0.001817
35	190	0.002121
35	200	0.001611
35	210	0.004740
35	220	0.004122
35	230	0.001522
35	240	0.002051
35	250	0.001421
35	260	0.001666
35	270	0.001457
35	280	0.013083
35	290	0.004010
35	300	0.002195
35	310	0.001756
35	320	0.002156
35	330	0.002024
35	340	0.002292
35	350	0.001831
40	0	0.002198
40	10	0.010120
40	20	0.003151
40	30	0.001833
40	40	0.001689
40	50	0.001572
40	60	0.002404
40	70	0.001677
40	80	0.001689
40	90	0.001535
40	100	0.001479
40	110	0.005829
40	120	0.001824
40	130	0.003230
40	140	0.005318
40	150	0.001753
40	160	0.003689
40	170	0.001659
40	180	0.001519
40	190	0.001533
40	200	0.001795
40	210	0.001636
40	220	0.001552
40	230	0.001568
40	240	0.001606
40	250	0.001654
40	260	0.002430
40	270	0.017497
40	280	0.152459
40	290	0.001664
40	300	0.001666
40	310	0.015501
40	320	0.001857
40	330	0.001933
40	340	0.019400
40	350	0.002983
45	0	0.001882
45	10	0.001733
45	20	0.001861
45	30	0.001802
45	40	0.001683
45	50	0.003331
45	60	0.001667
45	70	0.001599
45	80	0.001652
45	90	0.001592
45	100	0.001778
45	110	0.002732
45	120	0.001616
45	130	0.001766
45	140	0.001859
45	150	0.001739
45	160	0.004456
45	170	0.001797
45	180	0.001703
45	190	0.002128
45	200	0.001727
45	210	0.004636
45	220	0.001467
45	230	0.001425
45	240	0.001840
45	250	0.001904
45	260	0.001399
45	270	0.001585
45	280	0.001604
45	290	0.002489
45	300	0.001614
45	310	0.002743
45	320	0.001809
45	330	0.002102
45	340	0.001728
45	350	0.002268
50	0	0.001961
50	10	0.001705
50	20	0.001764
50	30	0.001789
50	40	0.001717
50	50	0.002094
50	60	0.003287
50	70	0.001762
50	80	0.172331
50	90	0.001811
50	100	0.030137
50	110	0.001841
50	120	0.001842
50	130	0.028755
50	140	0.001889
50	150	0.001799
50	160	0.001828
50	170	0.002002
50	180	0.060894
50	190	0.001978
50	200	0.001597
50	210	0.001677
50	220	0.001763
50	230	0.001668
50	240	0.001416
50	250	0.012340
50	260	0.001594
50	270	0.001327
50	280	0.001351
50	290	0.001672
50	300	0.001951
50	310	0.001695
50	320	0.008812
50	330	0.001647
50	340	0.001657
50	350	0.001885
55	0	0.002484
55	10	0.002143
55	20	0.001948
55	30	0.002094
55	40	0.002970
55	50	0.001814
55	60	0.001825
55	70	0.002503
55	80	0.001766
55	90	0.001748
55	100	0.001753
55	110	0.001921
55	120	0.001778
55	130	0.002184
55	140	0.001857
55	150	0.001958
55	160	0.003349
55	170	0.001664
55	180	0.001781
55	190	0.001785
55	200	0.374234
55	210	0.001786
55	220	0.001781
55	230	0.016171
55	240	0.001625
55	250	0.001766
55	260	0.001498
55	270	0.003451
55	280	0.001888
55	290	0.001553
55	300	0.001685
55	310	0.001841
55	320	0.001794
55	330	0.001871
55	340	0.002158
55	350	0.018793
60	0	0.001829
60	10	0.001958
60	20	0.008844
60	30	0.002060
60	40	0.008482
60	50	0.001978
60	60	0.003055
60	70	0.001896
60	80	0.001849
60	90	0.001837
60	100	0.002012
60	110	0.001917
60	120	0.003906
60	130	0.001951
60	140	0.001895
60	150	1.255888
60	160	0.001914
60	170	0.002049
60	180	0.001833
60	190	0.001947
60	200	0.001941
60	210	0.002236
60	220	0.001845
60	230	0.002192
60	240	0.001826
60	250	0.002280
60	260	0.001820
60	270	0.001610
60	280	0.001756
60	290	0.003460
60	300	0.002030
60	310	0.002386
60	320	0.001832
60	330	0.001842
60	340	0.003268
60	350	0.001855
65	0	0.002174
65	10	0.002127
65	20	0.002323
65	30	0.002218
65	40	0.002208
65	50	0.002192
65	60	0.002448
65	70	0.002079
65	80	0.002241
65	90	0.002242
65	100	0.002155
65	110	0.002708
65	120	0.002126
65	130	0.001878
65	140	0.002279
65	150	0.002501
65	160	0.002231
65	170	0.001920
65	180	0.001912
65	190	0.001852
65	200	0.001860
65	210	0.023416
65	220	0.002266
65	230	0.001988
65	240	0.004804
65	250	0.002161
65	260	0.002025
65	270	0.003375
65	280	0.001807
65	290	0.001769
65	300	0.002276
65	310	0.003816
65	320	0.006108
65	330	0.003273
65	340	0.002008
65	350	0.002244
70	0	0.002409
70	10	0.002766
70	20	0.002477
70	30	0.044867
70	40	0.002698
70	50	0.002316
70	60	0.002279
70	70	0.002382
70	80	0.002721
70	90	0.002789
70	100	0.002593
70	110	0.002580
70	120	0.002612
70	130	0.002503
70	140	0.003250
70	150	0.002646
70	160	0.002545
70	170	0.003316
70	180	0.039999
70	190	0.002986
70	200	0.003098
70	210	0.002828
70	220	0.002959
70	230	0.023862
70	240	0.003539
70	250	0.002512
70	260	0.002568
70	270	0.002865
70	280	0.003135
70	290	0.002558
70	300	0.005416
70	310	0.002460
70	320	0.002214
70	330	0.004075
70	340	0.008403
70	350	0.002577
75	0	0.005431
75	10	0.003209
75	20	0.002999
75	30	0.003184
75	40	0.002963
75	50	0.003774
75	60	0.003282
75	70	0.005399
75	80	0.003122
75	90	0.003204
75	100	0.003443
75	110	0.003146
75	120	0.003046
75	130	0.003086
75	140	0.009296
75	150	0.002999
75	160	0.003435
75	170	0.003405
75	180	0.003036
75	190	0.004204
75	200	0.003098
75	210	0.003504
75	220	0.003516
75	230	0.003504
75	240	0.002938
75	250	0.003516
75	260	0.003541
75	270	0.002950
75	280	0.002950
75	290	0.003073
75	300	0.002790
75	310	0.022578
75	320	0.003184
75	330	0.002926
75	340	0.002987
75	350	0.003686
80	0	0.011253
80	10	0.005021
80	20	0.005167
80	30	0.004306
80	40	0.004599
80	50	0.005442
80	60	0.004691
80	70	0.004452
80	80	0.004966
80	90	0.004956
80	100	0.004465
80	110	0.004681
80	120	0.004982
80	130	0.005103
80	140	0.005013
80	150	0.005393
80	160	0.004835
80	170	0.004947
80	180	0.004269
80	190	0.004507
80	200	0.004507
80	210	0.005222
80	220	0.004966
80	230	0.005204
80	240	0.004177
80	250	0.004159
80	260	0.004251
80	270	0.004856
80	280	0.004232
80	290	0.004672
80	300	0.004086
80	310	0.005080
80	320	0.004947
80	330	0.004526
80	340	0.004672
80	350	0.162848
10	-60
0	0	0.002401
5	0	0.003755
5	10	0.047120
5	20	1.020066
5	30	0.460883
5	40	0.007719
5	50	0.003643
5	60	0.002947
5	70	0.002728
5	80	0.003026
5	160	0.008953
5	170	0.002409
5	180	0.002105
5	190	0.002201
5	200	0.003548
5	210	0.006049
5	220	0.002382
5	230	0.002442
5	240	0.002682
5	250	0.003099
5	260	0.002723
5	270	0.002264
5	280	0.002062
5	290	0.002177
5	300	0.002815
5	310	0.006051
5	320	0.093828
5	330	0.139214
5	340	0.007467
5	350	0.003031
10	0	0.002357
10	10	0.076333
10	20	0.002755
10	30	0.002066
10	40	0.002390
10	50	0.002131
10	60	0.002122
10	70	0.002192
10	80	0.002535
10	160	0.005217
10	170	0.036167
10	180	0.002093
10	190	0.007625
10	200	0.003277
10	210	0.003167
10	220	0.005200
10	230	0.172866
10	240	0.315090
10	250	0.003501
10	260	0.004119
10	270	0.002289
10	280	0.002028
10	290	0.002225
10	300	0.024503
10	310	0.002606
10	320	0.002698
10	330	0.002917
10	340	0.209093
10	350	0.004605
15	0	0.003293
15	10	0.067972
15	20	0.002601
15	30	0.002054
15	40	0.002110
15	50	0.014151
15	60	0.002018
15	70	0.002486
15	80	0.001978
15	160	0.002449
15	170	0.360055
15	180	0.002268
15	190	0.021284
15	200	0.002201
15	210	0.002181
15	220	0.002012
15	230	0.002648
15	240	0.002325
15	250	0.004349
15	260	0.002441
15	270	0.002064
15	280	0.002156
15	290	0.006242
15	300	0.003653
15	310	0.002583
15	320	0.004183
15	330	0.005990
15	340	0.002951
15	350	0.038623
20	0	0.002558
20	10	0.002521
20	20	0.005522
20	30	0.002098
20	40	0.062539
20	50	0.001925
20	60	0.031223
20	70	0.001685
20	80	0.001810
20	160	0.002028
20	170	0.002550
20	180	0.001932
20	190	0.002422
20	200	0.002052
20	210	0.002154
20	220	0.033030
20	230	0.001982
20	240	0.012475
20	250	0.005232
20	260	0.002100
20	270	0.001915
20	280	0.002995
20	290	0.002728
20	300	0.002492
20	310	0.001061
20	320	0.001969
20	330	0.002315
20	340	0.002115
20	350	0.013188
25	0	0.014921
25	10	0.003229
25	20	0.002017
25	30	0.002414
25	40	0.001891
25	50	0.001848
25	60	0.001595
25	70	0.001827
25	80	0.002463
25	90	0.001796
25	100	0.001680
25	110	0.002119
25	120	0.001583
25	130	0.001940
25	140	0.001525
25	150	0.001676
25	160	0.001497
25	170	0.001634
25	180	0.001579
25	190	0.001582
25	200	0.001852
25	210	0.047654
25	220	0.001891
25	230	0.039120
25	240	0.001574
25	250	0.001500
25	260	0.001621
25	270	0.001656
25	280	0.002537
25	290	0.002386
25	300	0.001810
25	310	0.002540
25	320	0.001841
25	330	0.001704
25	340	0.007145
25	350	0.008314
30	0	0.002378
30	10	0.001942
30	20	0.001922
30	30	0.002135
30	40	0.001668
30	50	0.001657
30	60	0.001591
30	70	0.018643
30	80	0.001581
30	90	0.001806
30	100	0.002427
30	110	0.089555
30	120	0.001811
30	130	0.001732
30	140	0.001714
30	150	0.008550
30	160	0.001691
30	170	0.001641
30	180	0.001696
30	190	0.001732
30	200	0.001794
30	210	0.001483
30	220	0.001461
30	230	0.001533
30	240	0.001697
30	250	0.002034
30	260	0.305893
30	270	0.001837
30	280	0.199495
30	290	0.005908
30	300	0.002495
30	310	0.002394
30	320	0.003673
30	330	0.002151
30	340	0.001993
30	350	0.001975
35	0	0.004849
35	10	0.001730
35	20	0.002316
35	30	0.001692
35	40	0.059101
35	50	0.001647
35	60	0.001605
35	70	0.003887
35	80	0.124397
35	90	0.002282
35	100	0.009222
35	110	0.001594
35	120	0.001693
35	130	0.001660
35	140	0.004505
35	150	0.001635
35	160	0.001622
35	170	0.001714
35	180	0.001545
35	190	0.001557
35	200	0.016617
35	210	0.001802
35	220	0.001559
35	230	0.001560
35	240	0.006463
35	250	0.001637
35	260	0.032852
35	270	0.016135
35	280	0.002076
35	290	0.001583
35	300	0.002179
35	310	0.001641
35	320	0.001691
35	330	0.001853
35	340	0.001870
35	350	0.001901
40	0	0.001861
40	10	0.001694
40	20	0.003971
40	30	0.001604
40	40	0.001574
40	50	0.001633
40	60	0.001854
40	70	0.001736
40	80	0.006037
40	90	0.013153
40	100	0.001746
40	110	0.002071
40	120	0.001863
40	130	0.008166
40	140	0.001825
40	150	0.001437
40	160	0.313685
40	170	0.001965
40	180	0.001708
40	190	0.002482
40	200	0.002677
40	210	0.001526
40	220	0.001427
40	230	0.001409
40	240	0.001569
40	250	0.001379
40	260	0.002361
40	270	0.002005
40	280	0.002017
40	290	0.001688
40	300	0.001705
40	310	0.536019
40	320	0.030555
40	330	0.002461
40	340	0.003026
40	350	0.001913
45	0	0.002068
45	10	0.001831
45	20	0.001709
45	30	0.068592
45	40	0.004845
45	50	0.322483
45	60	0.001691
45	70	0.001600
45	80	0.001751
45	90	0.001829
45	100	0.001653
45	110	0.001662
45	120	0.001691
45	130	0.001807
45	140	0.001696
45	150	0.001795
45	160	0.001910
45	170	0.001786
45	180	0.001726
45	190	0.058742
45	200	0.001418
45	210	0.001367
45	220	0.001873
45	230	0.001713
45	240	0.001405
45	250	0.002293
45	260	0.001586
45	270	0.001577
45	280	0.001603
45	290	0.217165
45	300	0.001723
45	310	0.001748
45	320	0.001590
45	330	0.002342
45	340	0.001891
45	350	0.001871
50	0	0.026572
50	10	0.001895
50	20	0.001870
50	30	0.001734
50	40	0.001724
50	50	0.001769
50	60	0.001665
50	70	0.028650
50	80	0.001957
50	90	0.001854
50	100	0.001719
50	110	0.004295
50	120	0.001721
50	130	0.008784
50	140	0.007510
50	150	0.001884
50	160	0.001659
50	170	0.001527
50	180	0.001535
50	190	0.001659
50	200	0.001766
50	210	0.001631
50	220	0.001750
50	230	0.001413
50	240	0.001671
50	250	0.001606
50	260	0.001358
50	270	0.001339
50	280	0.001383
50	290	0.001616
50	300	0.004024
50	310	0.004912
50	320	0.169801
50	330	0.001684
50	340	0.001624
50	350	0.002978
55	0	0.001874
55	10	0.002106
55	20	0.002179
55	30	0.001817
55	40	0.224858
55	50	0.006555
55	60	0.002117
55	70	0.001770
55	80	0.001716
55	90	0.006001
55	100	0.001757
55	110	0.001830
55	120	0.001987
55	130	0.001914
55	140	0.001921
55	150	0.002058
55	160	0.002269
55	170	0.001844
55	180	0.001759
55	190	0.003442
55	200	0.002287
55	210	0.001650
55	220	0.001511
55	230	0.001661
55	240	0.001494
55	250	0.001384
55	260	0.001822
55	270	0.001728
55	280	0.001556
55	290	0.001640
55	300	0.001851
55	310	0.001745
55	320	0.001904
55	330	0.001779
55	340	0.002210
55	350	0.002104
60	0	0.018379
60	10	0.001873
60	20	0.001998
60	30	0.002104
60	40	0.002089
60	50	0.001865
60	60	0.003122
60	70	0.001850
60	80	0.001815
60	90	0.001963
60	100	0.001851
60	110	0.001899
60	120	0.007411
60	130	0.001891
60	140	0.001997
60	150	0.004316
60	160	0.002096
60	170	0.001797
60	180	0.001918
60	190	0.001816
60	200	0.004770
60	210	0.001657
60	220	0.001842
60	230	0.001931
60	240	0.001918
60	250	0.003675
60	260	0.001727
60	270	0.001772
60	280	0.001918
60	290	0.001966
60	300	0.008559
60	310	0.003591
60	320	0.001807
60	330	0.004086
60	340	0.001900
60	350	0.001912
65	0	0.002176
65	10	0.002248
65	20	0.002095
65	30	0.029226
65	40	0.002180
65	50	0.002206
65	60	0.002064
65	70	0.002145
65	80	0.002323
65	90	0.005615
65	100	0.002157
65	110	0.002043
65	120	0.001723
65	130	0.002309
65	140	0.003836
65	150	0.003175
65	160	0.001870
65	170	0.001885
65	180	0.001840
65	190	0.001832
65	200	0.002149
65	210	0.003916
65	220	0.002232
65	230	0.001923
65	240	0.002156
65	250	0.002134
65	260	0.001945
65	270	0.001772
65	280	0.001742
65	290	0.002034
65	300	0.002133
65	310	0.008054
65	320	0.002075
65	330	0.002559
65	340	0.002173
65	350	0.002157
70	0	0.006024
70	10	0.002669
70	20	0.002637
70	30	0.002646
70	40	0.002264
70	50	0.003606
70	60	0.002292
70	70	0.002530
70	80	0.002479
70	90	0.002452
70	100	0.002662
70	110	0.002760
70	120	0.002403
70	130	0.002795
70	140	0.002697
70	150	0.002463
70	160	0.002897
70	170	0.003158
70	180	0.002944
70	190	0.003083
70	200	0.002627
70	210	0.008416
70	220	0.002590
70	230	0.003046
70	240	0.009207
70	250	0.002506
70	260	0.002841
70	270	0.003102
70	280	0.004413
70	290	0.002665
70	300	0.002675
70	310	0.002236
70	320	0.002665
70	330	0.002962
70	340	0.002469
70	350	0.002813
75	0	0.005389
75	10	0.007038
75	20	0.003177
75	30	0.002980
75	40	0.003287
75	50	0.003635
75	60	0.003423
75	70	0.003103
75	80	0.003147
75	90	0.003230
75	100	0.003110
75	110	0.003166
75	120	0.002759
75	130	0.004346
75	140	0.003528
75	150	0.003249
75	160	0.003337
75	170	0.003226
75	180	0.003558
75	190	0.003128
75	200	0.003472
75	210	0.003447
75	220	0.003570
75	230	0.009892
75	240	0.003681
75	250	0.003447
75	260	0.002869
75	270	0.002894
75	280	0.003054
75	290	0.002746
75	300	0.003250
75	310	0.003177
75	320	0.003324
75	330	0.002918
75	340	0.003177
75	350	0.734621
80	0	0.004625
80	10	0.012232
80	20	0.004222
80	30	0.004497
80	40	0.004387
80	50	0.004607
80	60	0.004130
80	70	0.004863
80	80	0.004850
80	90	0.004425
80	100	0.004537
80	110	0.004971
80	120	0.004964
80	130	0.004843
80	140	0.005587
80	150	0.004605
80	160	0.004863
80	170	0.004332
80	180	0.004515
80	190	0.004643
80	200	0.005175
80	210	0.004350
80	220	0.005156
80	230	0.004130
80	240	0.004020
80	250	0.004093
80	260	0.004643
80	270	0.004148
80	280	0.004625
80	290	0.005657
80	300	0.014939
80	310	0.004900
80	320	0.004515
80	330	0.004533
80	340	0.005945
80	350	0.005156
10	-70
0	0	0.002644
5	0	0.002740
5	10	0.003871
5	20	0.005264
5	30	0.004644
5	40	0.003384
5	50	0.003004
5	60	0.003057
5	70	0.003163
5	150	0.002303
5	160	0.002334
5	170	0.002401
5	180	0.002245
5	190	0.002154
5	200	0.002460
5	210	0.002407
5	220	0.002556
5	230	0.004534
5	240	0.016646
5	250	0.010315
5	260	0.002736
5	270	0.002560
5	280	0.003394
5	290	0.005313
5	300	0.019528
5	310	0.052187
5	320	0.011461
5	330	0.003258
5	340	0.002337
5	350	0.002301
10	0	0.002890
10	10	0.002806
10	20	0.001959
10	30	0.003879
10	40	0.011927
10	50	0.001760
10	60	0.001907
10	70	0.002531
10	150	0.002576
10	160	0.002438
10	170	0.002551
10	180	0.002171
10	190	0.001977
10	200	0.002109
10	210	0.003253
10	220	0.006077
10	230	0.075480
10	240	0.005123
10	250	0.004551
10	260	0.003556
10	270	0.002050
10	280	0.002347
10	290	0.035097
10	300	0.002618
10	310	0.003192
10	320	0.002642
10	330	0.003311
10	340	0.004081
10	350	0.002525
15	0	0.002630
15	10	0.002874
15	20	0.005111
15	30	0.002034
15	40	0.004093
15	50	0.002940
15	60	0.001974
15	70	0.001625
15	150	0.002310
15	160	0.001737
15	170	0.002782
15	180	0.002118
15	190	0.002002
15	200	0.001933
15	210	0.004266
15	220	0.003415
15	230	0.002180
15	240	0.053805
15	250	0.003208
15	260	0.005098
15	270	0.002317
15	280	0.006103
15	290	0.003311
15	300	0.020654
15	310	0.002759
15	320	0.008751
15	330	0.006301
15	340	0.002745
15	350	0.002281
20	0	0.002338
20	10	0.002131
20	20	0.021100
20	30	0.002145
20	40	0.002307
20	50	0.001931
20	60	0.001636
20	70	0.001606
20	150	0.001824
20	160	0.001750
20	170	0.002911
20	180	0.002313
20	190	0.002065
20	200	0.002278
20	210	0.002936
20	220	0.001910
20	230	0.001895
20	240	0.002071
20	250	0.407132
20	260	0.002565
20	270	0.001843
20	280	0.063012
20	290	0.006765
20	300	0.000952
20	310	0.002155
20	320	0.001796
20	330	0.003073
20	340	0.001890
20	350	0.002161
25	0	0.005469
25	10	0.002441
25	20	0.001820
25	30	0.001918
25	40	0.047369
25	50	0.001519
25	60	0.002192
25	70	0.001605
25	80	0.001792
25	90	0.001623
25	100	0.001999
25	110	0.001425
25	120	0.001697
25	130	0.001363
25	140	0.001334
25	150	0.005841
25	160	0.001595
25	170	0.001605
25	180	0.001504
25	190	0.001844
25	200	0.028610
25	210	0.001662
25	220	0.002757
25	230	0.005212
25	240	0.001415
25	250	0.001735
25	260	0.001488
25	270	0.001781
25	280	0.002357
25	290	0.004412
25	300	0.002094
25	310	0.001974
25	320	0.001665
25	330	0.001799
25	340	0.094917
25	350	0.002810
30	0	0.005528
30	10	0.082385
30	20	0.001844
30	30	0.001671
30	40	0.001575
30	50	0.001768
30	60	0.001951
30	70	0.001452
30	80	0.001493
30	90	0.001776
30	100	0.001562
30	110	0.004894
30	120	0.001647
30	130	0.001882
30	140	0.001460
30	150	0.001890
30	160	0.002345
30	170	0.001696
30	180	0.001597
30	190	0.001717
30	200	0.002353
30	210	0.001324
30	220	0.006576
30	230	0.001493
30	240	0.001323
30	250	0.002084
30	260	0.003198
30	270	0.001718
30	280	0.002415
30	290	0.002349
30	300	0.001989
30	310	0.001559
30	320	0.165634
30	330	0.001708
30	340	0.007520
30	350	0.005946
35	0	0.836133
35	10	0.021445
35	20	0.001617
35	30	0.006440
35	40	0.001561
35	50	0.001472
35	60	0.001550
35	70	0.002474
35	80	0.001986
35	90	0.001322
35	100	0.004220
35	110	0.004094
35	120	0.001333
35	130	0.001559
35	140	0.004162
35	150	0.001433
35	160	0.001736
35	170	0.001447
35	180	0.001480
35	190	0.001615
35	200	0.001510
35	210	0.002359
35	220	0.001417
35	230	0.001444
35	240	0.228131
35	250	0.001344
35	260	0.001537
35	270	0.001426
35	280	0.001458
35	290	0.001732
35	300	0.025464
35	310	0.002530
35	320	0.001603
35	330	0.001501
35	340	0.003175
35	350	0.002567
40	0	0.001797
40	10	0.001493
40	20	0.001474
40	30	0.001681
40	40	0.001458
40	50	0.001757
40	60	0.001980
40	70	0.001482
40	80	0.001297
40	90	0.002240
40	100	0.041981
40	110	0.001563
40	120	0.002535
40	130	0.001417
40	140	0.001966
40	150	0.001457
40	160	0.002622
40	170	0.002415
40	180	0.001500
40	190	0.001674
40	200	0.001375
40	210	0.014976
40	220	0.001356
40	230	0.001561
40	240	0.001407
40	250	0.001283
40	260	0.001414
40	270	0.001815
40	280	0.001596
40	290	0.001885
40	300	0.001633
40	310	0.003163
40	320	0.001757
40	330	0.007193
40	340	0.001638
40	350	0.001682
45	0	0.001830
45	10	0.001465
45	20	0.001499
45	30	0.002080
45	40	0.001470
45	50	0.001929
45	60	0.001545
45	70	0.001503
45	80	0.001761
45	90	0.001900
45	100	0.001936
45	110	0.001560
45	120	0.001563
45	130	0.001826
45	140	0.001431
45	150	0.001671
45	160	0.002255
45	170	0.001572
45	180	0.001557
45	190	0.001372
45	200	0.001388
45	210	0.001260
45	220	0.001520
45	230	0.001217
45	240	0.001333
45	250	0.001858
45	260	0.001704
45	270	0.001530
45	280	0.001453
45	290	0.013246
45	300	0.001752
45	310	0.001480
45	320	0.001677
45	330	0.001837
45	340	0.002778
45	350	0.001622
50	0	0.004543
50	10	0.001993
50	20	0.001535
50	30	0.001659
50	40	0.002006
50	50	0.001535
50	60	0.001502
50	70	0.003099
50	80	0.001669
50	90	0.001515
50	100	0.001679
50	110	0.005694
50	120	0.001538
50	130	0.001715
50	140	0.001586
50	150	0.002412
50	160	0.001512
50	170	0.001312
50	180	0.001293
50	190	0.001584
50	200	0.001496
50	210	0.002729
50	220	0.001333
50	230	0.001548
50	240	0.015292
50	250	0.001159
50	260	0.014530
50	270	0.001243
50	280	0.002486
50	290	0.001399
50	300	0.005768
50	310	0.001512
50	320	0.002405
50	330	0.001538
50	340	0.001858
50	350	0.002479
55	0	0.001739
55	10	0.001640
55	20	0.001683
55	30	0.001876
55	40	0.002442
55	50	0.001655
55	60	0.128677
55	70	0.001543
55	80	0.002154
55	90	0.001589
55	100	0.001535
55	110	0.001694
55	120	0.001768
55	130	0.001693
55	140	0.001819
55	150	0.016838
55	160	0.001710
55	170	0.012282
55	180	0.002103
55	190	0.012987
55	200	0.001466
55	210	0.001294
55	220	0.001455
55	230	0.001405
55	240	0.001210
55	250	0.001554
55	260	0.001504
55	270	0.001561
55	280	0.001477
55	290	0.002745
55	300	0.001624
55	310	0.001762
55	320	0.002386
55	330	0.001792
55	340	0.001768
55	350	0.001623
60	0	0.001695
60	10	0.001728
60	20	0.001706
60	30	0.002087
60	40	0.001756
60	50	0.001715
60	60	0.001718
60	70	0.001620
60	80	0.001784
60	90	0.001708
60	100	0.001640
60	110	0.001763
60	120	0.113540
60	130	0.001694
60	140	0.002341
60	150	0.001974
60	160	0.002885
60	170	0.001713
60	180	0.001611
60	190	0.001693
60	200	0.009556
60	210	0.001643
60	220	0.002969
60	230	0.009072
60	240	0.001573
60	250	0.001800
60	260	0.002482
60	270	0.002191
60	280	0.001897
60	290	0.001688
60	300	0.001579
60	310	0.004834
60	320	0.001861
60	330	0.001620
60	340	0.001605
60	350	0.001707
65	0	0.003962
65	10	0.001950
65	20	0.001776
65	30	0.001901
65	40	0.001970
65	50	0.003910
65	60	0.001918
65	70	0.001915
65	80	0.006954
65	90	0.002095
65	100	0.002029
65	110	0.001462
65	120	0.001878
65	130	0.001963
65	140	0.005757
65	150	0.002715
65	160	0.001613
65	170	0.001673
65	180	0.001605
65	190	0.001891
65	200	0.002606
65	210	0.001786
65	220	0.001515
65	230	0.001967
65	240	0.001680
65	250	0.006207
65	260	0.001530
65	270	0.001507
65	280	0.001762
65	290	0.004133
65	300	0.015321
65	310	0.003127
65	320	0.001927
65	330	0.002048
65	340	0.001872
65	350	0.002064
70	0	0.005548
70	10	0.013719
70	20	0.002346
70	30	0.001974
70	40	0.001918
70	50	0.002756
70	60	0.001937
70	70	0.002238
70	80	0.002163
70	90	0.002245
70	100	0.002333
70	110	0.002946
70	120	0.002394
70	130	0.002624
70	140	0.002211
70	150	0.003541
70	160	0.002994
70	170	0.002616
70	180	0.002821
70	190	0.002328
70	200	0.002486
70	210	0.003867
70	220	0.002979
70	230	0.002197
70	240	0.002483
70	250	0.002514
70	260	0.002802
70	270	0.002309
70	280	0.002383
70	290	0.002813
70	300	0.001881
70	310	0.002421
70	320	0.002495
70	330	0.002151
70	340	0.002039
70	350	0.033096
75	0	0.002645
75	10	0.004071
75	20	0.002645
75	30	0.002904
75	40	0.002805
75	50	0.003064
75	60	0.002633
75	70	0.002776
75	80	0.002840
75	90	0.002700
75	100	0.002631
75	110	0.002547
75	120	0.002644
75	130	0.876831
75	140	0.002938
75	150	0.002879
75	160	0.002559
75	170	0.002891
75	180	0.002719
75	190	0.003113
75	200	0.002977
75	210	0.008672
75	220	0.002522
75	230	0.002953
75	240	0.154791
75	250	0.002449
75	260	0.002510
75	270	0.002645
75	280	0.002387
75	290	0.002807
75	300	0.002707
75	310	0.002436
75	320	0.002670
75	330	0.002535
75	340	0.004746
75	350	0.002904
80	0	0.004548
80	10	0.003686
80	20	0.004786
80	30	0.003796
80	40	0.004255
80	50	0.003540
80	60	0.004291
80	70	0.004245
80	80	0.003983
80	90	0.004990
80	100	0.004313
80	110	0.004420
80	120	0.004016
80	130	0.005684
80	140	0.004119
80	150	0.004200
80	160	0.003540
80	170	0.003870
80	180	0.004108
80	190	0.004640
80	200	0.003741
80	210	0.004749
80	220	0.003558
80	230	0.003466
80	240	0.003833
80	250	0.004035
80	260	0.003540
80	270	0.004035
80	280	0.003448
80	290	0.004396
80	300	0.004273
80	310	0.003851
80	320	0.003906
80	330	0.004401
80	340	0.026416
80	350	0.003815
10	-80
0	0	0.007050
5	0	0.002695
5	10	0.003001
5	20	0.002388
5	30	0.002239
5	40	0.002278
5	50	0.002465
5	60	0.004347
5	140	0.003027
5	150	0.002963
5	160	0.005276
5	170	0.004787
5	180	0.002741
5	190	0.002309
5	200	0.002528
5	210	0.002961
5	220	0.013873
5	230	0.057714
5	240	0.017097
5	250	0.003885
5	260	0.004968
5	270	0.007170
5	280	0.013262
5	290	0.020175
5	300	0.007910
5	310	0.004887
5	320	0.003362
5	330	0.002445
5	340	0.002063
5	350	0.002145
10	0	0.007246
10	10	0.004288
10	20	0.002550
10	30	0.002230
10	40	0.002531
10	50	0.002339
10	60	0.002482
10	140	0.062591
10	150	0.003999
10	160	0.003223
10	170	0.011893
10	180	0.003625
10	190	0.002286
10	200	0.027471
10	210	0.026869
10	220	0.003281
10	230	0.002924
10	240	0.004754
10	250	0.084932
10	260	0.002268
10	270	0.002585
10	280	0.069901
10	290	0.002734
10	300	0.021220
10	310	0.003597
10	320	0.003233
10	330	0.003114
10	340	0.002779
10	350	0.002740
15	0	0.002810
15	10	0.002187
15	20	0.001809
15	30	0.002138
15	40	0.198662
15	50	0.004198
15	60	0.002042
15	140	0.002282
15	150	0.003450
15	160	0.002125
15	170	0.002024
15	180	0.002225
15	190	0.002357
15	200	0.003998
15	210	0.002702
15	220	0.002841
15	230	0.002693
15	240	0.002601
15	250	0.005305
15	260	0.025436
15	270	0.004049
15	280	0.011649
15	290	0.052299
15	300	0.003486
15	310	0.002614
15	320	0.248455
15	330	0.002530
15	340	0.002622
15	350	0.002227
20	0	0.004610
20	10	0.002303
20	20	0.001852
20	30	0.006432
20	40	0.001703
20	50	0.003979
20	60	0.001686
20	140	0.001647
20	150	0.001908
20	160	0.007300
20	170	0.003873
20	180	0.003914
20	190	0.026968
20	200	0.002624
20	210	0.002418
20	220	0.001952
20	230	0.002053
20	240	0.002542
20	250	0.003045
20	260	0.061389
20	270	0.002919
20	280	0.001744
20	290	0.001392
20	300	0.003190
20	310	0.001934
20	320	0.001866
20	330	0.004278
20	340	0.002171
20	350	0.001923
25	0	0.002149
25	10	0.001913
25	20	0.001650
25	30	0.002187
25	40	0.001550
25	50	0.001678
25	60	0.061076
25	70	0.001664
25	80	0.001548
25	90	0.001977
25	100	0.001699
25	110	0.001780
25	120	0.003652
25	130	0.001279
25	140	0.001671
25	150	0.001878
25	160	0.001576
25	170	0.001917
25	180	0.002244
25	190	0.073576
25	200	0.005938
25	210	0.001354
25	220	0.002581
25	230	0.001927
25	240	0.001542
25	250	0.001644
25	260	0.011913
25	270	0.002265
25	280	0.002068
25	290	0.001773
25	300	0.002026
25	310	0.006581
25	320	0.001752
25	330	0.002135
25	340	0.002820
25	350	0.001903
30	0	0.002096
30	10	0.001791
30	20	0.046834
30	30	0.001593
30	40	0.001940
30	50	0.001594
30	60	0.001480
30	70	0.001499
30	80	0.001782
30	90	0.001767
30	100	0.001648
30	110	0.001616
30	120	0.001690
30	130	0.065045
30	140	0.001492
30	150	0.001659
30	160	0.001882
30	170	0.002058
30	180	0.001608
30	190	0.001797
30	200	0.002183
30	210	0.001539
30	220	0.001911
30	230	0.001533
30	240	0.001936
30	250	0.002848
30	260	0.002019
30	270	0.006314
30	280	0.011419
30	290	0.003462
30	300	0.004134
30	310	0.002142
30	320	0.006137
30	330	0.002160
30	340	0.002361
30	350	0.001690
35	0	0.002232
35	10	0.002172
35	20	0.002172
35	30	0.001548
35	40	0.001587
35	50	0.004996
35	60	0.001579
35	70	0.081761
35	80	0.001305
35	90	0.001631
35	100	0.002197
35	110	0.001678
35	120	0.001608
35	130	0.001496
35	140	0.001965
35	150	0.031661
35	160	0.001471
35	170	0.001993
35	180	0.001644
35	190	0.001639
35	200	0.001578
35	210	0.002070
35	220	0.001346
35	230	0.001666
35	240	0.001977
35	250	0.001615
35	260	0.001448
35	270	0.001977
35	280	0.001622
35	290	0.002086
35	300	0.002199
35	310	0.003298
35	320	0.001826
35	330	0.001559
35	340	0.016975
35	350	0.001666
40	0	0.011760
40	10	0.001971
40	20	0.001559
40	30	0.003048
40	40	0.001627
40	50	0.001917
40	60	0.001776
40	70	0.002908
40	80	0.002064
40	90	0.001719
40	100	0.011104
40	110	0.001636
40	120	0.022313
40	130	0.001356
40	140	0.003494
40	150	0.001517
40	160	0.001655
40	170	0.001655
40	180	0.001645
40	190	0.001395
40	200	0.002222
40	210	0.001456
40	220	0.020073
40	230	0.023260
40	240	0.001413
40	250	0.001493
40	260	0.001534
40	270	0.002168
40	280	0.001572
40	290	0.001674
40	300	0.001904
40	310	0.001784
40	320	0.001574
40	330	0.003240
40	340	0.001722
40	350	0.001995
45	0	0.032313
45	10	0.001674
45	20	0.001557
45	30	0.001725
45	40	0.001626
45	50	0.001926
45	60	0.001569
45	70	0.001710
45	80	0.004366
45	90	0.002817
45	100	0.002798
45	110	0.001616
45	120	0.001626
45	130	0.001587
45	140	0.001610
45	150	0.001684
45	160	0.004100
45	170	0.001963
45	180	0.001424
45	190	0.001784
45	200	0.015462
45	210	0.001513
45	220	0.001491
45	230	0.001386
45	240	0.001506
45	250	0.003654
45	260	0.001869
45	270	0.001965
45	280	0.001939
45	290	0.001854
45	300	0.008093
45	310	0.001792
45	320	0.001691
45	330	0.067680
45	340	0.001584
45	350	0.001770
50	0	0.001769
50	10	0.001820
50	20	0.019445
50	30	0.001766
50	40	0.002103
50	50	0.001629
50	60	0.001726
50	70	0.001826
50	80	0.001553
50	90	0.001638
50	100	0.001766
50	110	0.001898
50	120	0.001650
50	130	0.002070
50	140	0.001515
50	150	0.423758
50	160	0.001445
50	170	0.006704
50	180	0.001519
50	190	0.009779
50	200	0.001625
50	210	0.001394
50	220	0.008804
50	230	0.004639
50	240	0.001778
50	250	0.001306
50	260	0.001341
50	270	0.002346
50	280	0.001457
50	290	0.001616
50	300	0.002187
50	310	0.001578
50	320	0.001708
50	330	0.002000
50	340	0.040143
50	350	0.001774
55	0	0.001855
55	10	0.001781
55	20	0.001719
55	30	0.002013
55	40	0.001925
55	50	0.001695
55	60	0.002402
55	70	0.001647
55	80	0.001671
55	90	0.001600
55	100	0.001834
55	110	0.001811
55	120	0.001924
55	130	0.001698
55	140	0.001730
55	150	0.001875
55	160	0.001547
55	170	0.001581
55	180	0.001798
55	190	0.001689
55	200	0.001431
55	210	0.001497
55	220	0.001458
55	230	0.001370
55	240	0.001603
55	250	0.001492
55	260	0.001425
55	270	0.001778
55	280	0.001615
55	290	0.001549
55	300	0.001912
55	310	0.001896
55	320	0.004491
55	330	0.001900
55	340	0.001704
55	350	0.001670
60	0	0.002241
60	10	0.001793
60	20	0.001756
60	30	0.001786
60	40	0.001800
60	50	0.002043
60	60	0.001728
60	70	0.001858
60	80	0.001756
60	90	0.002308
60	100	0.001741
60	110	0.015963
60	120	0.003338
60	130	0.001878
60	140	0.206474
60	150	0.001699
60	160	0.001813
60	170	0.001781
60	180	0.001905
60	190	0.053819
60	200	0.001788
60	210	0.001794
60	220	0.001558
60	230	0.001934
60	240	0.001648
60	250	0.001622
60	260	0.184765
60	270	0.006109
60	280	0.004038
60	290	0.001633
60	300	0.001725
60	310	0.003382
60	320	0.003021
60	330	0.001674
60	340	0.001769
60	350	0.001858
65	0	0.008936
65	10	0.008879
65	20	0.001997
65	30	0.002028
65	40	0.002030
65	50	0.006474
65	60	0.002004
65	70	0.001986
65	80	0.002110
65	90	0.002267
65	100	0.002547
65	110	0.001951
65	120	0.001993
65	130	0.002104
65	140	0.001881
65	150	0.001964
65	160	0.001693
65	170	0.001693
65	180	0.001979
65	190	0.002070
65	200	0.470724
65	210	0.001648
65	220	0.002235
65	230	0.001836
65	240	0.001784
65	250	0.003557
65	260	0.001618
65	270	0.001854
65	280	0.002065
65	290	0.002795
65	300	0.001868
65	310	0.002025
65	320	0.002104
65	330	0.004811
65	340	0.001922
65	350	0.004351
70	0	0.002537
70	10	0.003100
70	20	0.002494
70	30	0.002046
70	40	0.002191
70	50	0.002129
70	60	0.002275
70	70	0.002378
70	80	0.002367
70	90	0.002426
70	100	0.002251
70	110	0.004577
70	120	0.030911
70	130	0.002351
70	140	0.002734
70	150	0.002958
70	160	0.002790
70	170	0.002958
70	180	0.002548
70	190	0.002678
70	200	0.002715
70	210	0.002930
70	220	0.002325
70	230	0.002353
70	240	0.002623
70	250	0.002976
70	260	0.002427
70	270	0.002567
70	280	0.002263
70	290	0.009631
70	300	0.002455
70	310	0.002734
70	320	0.002539
70	330	0.002008
70	340	0.004106
70	350	0.002356
75	0	0.002949
75	10	0.002716
75	20	0.081844
75	30	0.002925
75	40	0.003269
75	50	0.002814
75	60	0.002884
75	70	0.003065
75	80	0.002867
75	90	0.002835
75	100	0.002543
75	110	0.003112
75	120	0.002729
75	130	0.004455
75	140	0.003035
75	150	0.002839
75	160	0.003109
75	170	0.002863
75	180	0.003318
75	190	0.003257
75	200	0.003232
75	210	0.003237
75	220	0.003392
75	230	0.003220
75	240	0.002839
75	250	0.002617
75	260	0.002888
75	270	0.002543
75	280	0.007058
75	290	0.002875
75	300	0.002580
75	310	0.002740
75	320	0.002716
75	330	0.003158
75	340	0.004574
75	350	0.002752
80	0	0.004341
80	10	0.004194
80	20	0.004597
80	30	0.004231
80	40	0.003754
80	50	0.004506
80	60	0.004471
80	70	0.003998
80	80	0.004220
80	90	0.004568
80	100	0.004652
80	110	0.004304
80	120	0.004971
80	130	0.008502
80	140	0.004542
80	150	0.003754
80	160	0.004139
80	170	0.004139
80	180	0.004872
80	190	0.004011
80	200	0.004762
80	210	0.604086
80	220	0.003736
80	230	0.003717
80	240	0.006146
80	250	0.003772
80	260	0.004267
80	270	0.003717
80	280	0.004676
80	290	0.004487
80	300	0.004194
80	310	0.004377
80	320	0.004689
80	330	0.004102
80	340	0.004176
80	350	0.004762
10	-90
0	0	0.519825
5	0	0.030368
5	10	0.025723
5	20	0.002526
5	30	0.002319
5	40	0.002691
5	50	0.003408
5	130	0.002727
5	140	0.002663
5	150	0.002790
5	160	0.005822
5	170	0.072065
5	180	0.050989
5	190	0.002566
5	200	0.002421
5	210	0.002802
5	220	0.002650
5	230	0.002881
5	240	0.004761
5	250	0.008112
5	260	0.034470
5	270	0.049141
5	280	0.007216
5	290	0.005590
5	300	0.004389
5	310	0.004925
5	320	0.003656
5	330	0.002399
5	340	0.002087
5	350	0.002468
10	0	0.474393
10	10	0.008006
10	20	0.002689
10	30	0.002638
10	40	0.002003
10	50	0.002682
10	130	0.002691
10	140	0.002072
10	150	0.002033
10	160	0.002494
10	170	0.034796
10	180	0.129506
10	190	0.002486
10	200	0.005000
10	210	0.002761
10	220	0.002604
10	230	0.003419
10	240	0.020462
10	250	0.002365
10	260	0.002782
10	270	0.097872
10	280	0.002605
10	290	0.041919
10	300	0.018779
10	310	0.004542
10	320	0.002554
10	330	0.059129
10	340	0.006435
10	350	0.002828
15	0	0.091077
15	10	0.001785
15	20	0.005631
15	30	0.001697
15	40	0.005628
15	50	0.013744
15	130	0.356685
15	140	0.005322
15	150	0.001904
15	160	0.002011
15	170	0.002163
15	180	0.019575
15	190	0.002696
15	200	0.002943
15	210	0.002492
15	220	0.051521
15	230	0.002815
15	240	0.002715
15	250	0.079296
15	260	0.003957
15	270	0.138467
15	280	0.004496
15	290	0.020362
15	300	0.002239
15	310	0.003176
15	320	0.002912
15	330	0.002428
15	340	0.177294
15	350	0.002174
20	0	0.453963
20	10	0.002628
20	20	0.001632
20	30	0.001991
20	40	0.001669
20	50	0.001707
20	130	0.001742
20	140	0.002016
20	150	0.001700
20	160	0.001773
20	170	0.003074
20	180	0.035213
20	190	0.002955
20	200	0.001913
20	210	0.001928
20	220	0.001897
20	230	0.001539
20	240	0.003001
20	250	0.002174
20	260	0.002028
20	270	0.106002
20	280	0.026380
20	290	0.002675
20	300	0.003278
20	310	0.001920
20	320	0.001889
20	330	0.003194
20	340	0.002472
20	350	0.002442
25	0	0.084151
25	10	0.007161
25	20	0.001769
25	30	0.001597
25	40	0.001734
25	50	0.001682
25	60	0.001927
25	70	0.001622
25	80	0.001994
25	90	0.002226
25	100	0.001871
25	110	0.001517
25	120	0.001329
25	130	0.001298
25	140	0.001349
25	150	0.002784
25	160	0.001399
25	170	0.001812
25	180	0.001927
25	190	0.001861
25	200	0.001720
25	210	0.001471
25	220	0.001608
25	230	0.006528
25	240	0.001833
25	250	0.001833
25	260	0.002303
25	270	0.015858
25	280	0.015593
25	290	0.001762
25	300	0.001790
25	310	0.002029
25	320	0.007487
25	330	0.001977
25	340	0.001966
25	350	0.013230
30	0	0.026370
30	10	0.002041
30	20	0.001593
30	30	0.026904
30	40	0.002009
30	50	0.001693
30	60	0.003965
30	70	0.001734
30	80	0.001550
30	90	0.002478
30	100	0.001815
30	110	0.001870
30	120	0.001568
30	130	0.004278
30	140	0.001589
30	150	0.001693
30	160	0.001855
30	170	0.001551
30	180	0.001673
30	190	0.001463
30	200	0.001623
30	210	0.008288
30	220	0.006023
30	230	0.001747
30	240	0.003245
30	250	0.002912
30	260	0.001980
30	270	0.028689
30	280	0.002407
30	290	0.002833
30	300	0.024666
30	310	0.002609
30	320	0.002307
30	330	0.002041
30	340	0.003627
30	350	0.002195
35	0	0.001888
35	10	0.001663
35	20	0.001634
35	30	0.001591
35	40	0.001705
35	50	0.001727
35	60	0.001651
35	70	0.006714
35	80	0.001604
35	90	0.002030
35	100	0.001557
35	110	0.003543
35	120	0.001489
35	130	0.001507
35	140	0.029734
35	150	0.001728
35	160	0.004985
35	170	0.001493
35	180	0.001678
35	190	0.001783
35	200	0.002028
35	210	0.001371
35	220	0.001552
35	230	0.001676
35	240	0.003473
35	250	0.001962
35	260	0.001585
35	270	0.002032
35	280	0.001526
35	290	0.001946
35	300	0.002144
35	310	0.001481
35	320	0.001684
35	330	0.001882
35	340	0.002598
35	350	0.001591
40	0	0.001631
40	10	0.001514
40	20	0.001677
40	30	0.002309
40	40	0.001589
40	50	0.001576
40	60	0.002160
40	70	0.001616
40	80	0.001699
40	90	0.001686
40	100	0.001632
40	110	0.001470
40	120	0.082946
40	130	0.001419
40	140	0.002879
40	150	0.001529
40	160	0.005987
40	170	0.001739
40	180	0.001443
40	190	0.001352
40	200	0.001328
40	210	0.002862
40	220	0.001311
40	230	0.001483
40	240	0.001372
40	250	0.001546
40	260	0.001578
40	270	0.001983
40	280	0.001632
40	290	0.016321
40	300	0.001857
40	310	0.001657
40	320	0.001644
40	330	0.001768
40	340	0.001609
40	350	0.001505
45	0	0.003177
45	10	0.001881
45	20	0.001707
45	30	0.031075
45	40	0.001525
45	50	0.001641
45	60	0.019968
45	70	0.001507
45	80	0.001719
45	90	0.172033
45	100	0.001971
45	110	0.001613
45	120	0.001595
45	130	0.001737
45	140	0.001690
45	150	0.002263
45	160	0.002057
45	170	0.045357
45	180	0.002223
45	190	0.001924
45	200	0.001470
45	210	0.001436
45	220	0.001549
45	230	0.001498
45	240	0.002150
45	250	0.001634
45	260	0.001771
45	270	0.002416
45	280	0.005275
45	290	0.001790
45	300	0.001602
45	310	0.002669
45	320	0.001576
45	330	0.001823
45	340	0.001649
45	350	0.001793
50	0	0.001905
50	10	0.001568
50	20	0.001672
50	30	0.001964
50	40	0.001595
50	50	0.001607
50	60	0.001767
50	70	0.001692
50	80	0.001628
50	90	0.001585
50	100	0.001784
50	110	0.001932
50	120	0.001604
50	130	0.002297
50	140	0.001531
50	150	0.002238
50	160	0.001550
50	170	0.001470
50	180	0.001485
50	190	0.001688
50	200	0.001437
50	210	0.001529
50	220	0.001764
50	230	0.001227
50	240	0.003847
50	250	0.001306
50	260	0.001480
50	270	0.002972
50	280	0.001579
50	290	0.001841
50	300	0.001714
50	310	0.001630
50	320	0.001621
50	330	0.003418
50	340	0.001561
50	350	0.001620
55	0	0.001715
55	10	0.001658
55	20	0.001685
55	30	0.004295
55	40	0.002028
55	50	0.001797
55	60	0.001764
55	70	0.001638
55	80	0.001578
55	90	0.001620
55	100	0.006900
55	110	0.001706
55	120	0.002200
55	130	0.002073
55	140	0.001727
55	150	0.002164
55	160	0.001653
55	170	0.001586
55	180	0.001492
55	190	0.001414
55	200	0.001503
55	210	0.011265
55	220	0.001331
55	230	0.001603
55	240	0.001503
55	250	0.006470
55	260	0.001503
55	270	0.001721
55	280	0.001521
55	290	0.001622
55	300	0.002546
55	310	0.001736
55	320	0.001888
55	330	0.001682
55	340	0.006898
55	350	0.001644
60	0	0.161270
60	10	0.003403
60	20	0.001678
60	30	0.001699
60	40	0.001961
60	50	0.002447
60	60	0.001858
60	70	0.001709
60	80	0.001755
60	90	0.004540
60	100	0.001741
60	110	0.001744
60	120	0.001975
60	130	0.001934
60	140	0.004633
60	150	0.001762
60	160	0.001641
60	170	0.001463
60	180	0.002566
60	190	0.002348
60	200	0.001667
60	210	0.001558
60	220	0.001699
60	230	0.004710
60	240	0.001584
60	250	0.001692
60	260	0.002068
60	270	0.178855
60	280	0.006751
60	290	0.001600
60	300	0.001900
60	310	0.002107
60	320	0.005203
60	330	0.001767
60	340	0.001703
60	350	0.002948
65	0	0.001945
65	10	0.002742
65	20	0.002203
65	30	0.001879
65	40	0.002009
65	50	0.002128
65	60	0.007373
65	70	0.001907
65	80	0.002827
65	90	0.002071
65	100	0.016385
65	110	0.001999
65	120	0.002049
65	130	0.001761
65	140	0.002624
65	150	0.001866
65	160	0.001633
65	170	0.002190
65	180	0.002183
65	190	0.003110
65	200	0.001791
65	210	0.001979
65	220	0.001897
65	230	0.001806
65	240	0.001573
65	250	0.001738
65	260	0.001884
65	270	0.001935
65	280	0.002135
65	290	0.004924
65	300	0.001747
65	310	0.002133
65	320	0.001997
65	330	0.001879
65	340	0.002520
65	350	0.002132
70	0	0.002446
70	10	0.002027
70	20	0.166794
70	30	0.002036
70	40	0.002302
70	50	0.002274
70	60	0.002173
70	70	0.003244
70	80	0.002370
70	90	0.002202
70	100	0.002417
70	110	0.010353
70	120	0.002256
70	130	0.009435
70	140	0.002920
70	150	0.002641
70	160	0.003022
70	170	0.002418
70	180	0.002595
70	190	0.002381
70	200	0.479557
70	210	0.002269
70	220	0.002353
70	230	0.002557
70	240	0.002818
70	250	0.002576
70	260	0.002464
70	270	0.002259
70	280	0.001990
70	290	0.007872
70	300	0.002483
70	310	0.002362
70	320	0.001990
70	330	0.002427
70	340	0.003434
70	350	0.002418
75	0	0.002642
75	10	0.003158
75	20	0.003011
75	30	0.003121
75	40	0.002728
75	50	0.002829
75	60	0.002900
75	70	0.002922
75	80	0.002735
75	90	0.009523
75	100	0.002787
75	110	0.004020
75	120	0.002963
75	130	0.003072
75	140	0.002605
75	150	0.002937
75	160	0.002814
75	170	0.003257
75	180	0.003220
75	190	0.003232
75	200	0.002863
75	210	0.003109
75	220	0.003269
75	230	0.002543
75	240	0.002556
75	250	0.002716
75	260	0.005213
75	270	0.002991
75	280	0.002875
75	290	0.002556
75	300	0.002580
75	310	0.004124
75	320	0.003121
75	330	0.002679
75	340	0.002703
75	350	0.002925
80	0	0.004121
80	10	0.003992
80	20	0.004157
80	30	0.003681
80	40	0.004414
80	50	0.004414
80	60	0.003897
80	70	0.004055
80	80	0.006839
80	90	0.004579
80	100	0.004304
80	110	0.004931
80	120	0.004145
80	130	0.004817
80	140	0.003662
80	150	0.003919
80	160	0.004029
80	170	0.004781
80	180	0.003974
80	190	0.004781
80	200	0.003662
80	210	0.003717
80	220	0.003901
80	230	0.004267
80	240	0.003681
80	250	0.004157
80	260	0.003626
80	270	0.004605
80	280	0.004506
80	290	0.003992
80	300	0.004616
80	310	0.005276
80	320	0.004946
80	330	0.003937
80	340	0.004597
80	350	0.003754
30	0
0	0	0.001783
5	0	0.002303
5	10	0.002699
5	20	0.002401
5	30	0.002051
5	40	0.001881
5	50	0.001857
5	60	0.001894
5	70	0.001796
5	80	0.001711
5	90	0.001760
5	100	0.002076
5	110	0.002096
5	120	0.001892
5	130	0.001783
5	140	0.001971
5	150	0.002224
5	160	0.002190
5	170	0.001970
5	180	0.001867
5	190	0.001749
5	200	0.001749
5	210	0.001803
5	220	0.002563
5	230	0.031057
5	240	0.055340
5	250	0.006679
5	260	0.001809
5	270	0.001715
5	280	0.001782
5	290	0.002333
5	300	0.029338
5	310	0.075443
5	320	0.019431
5	330	0.002012
5	340	0.001855
5	350	0.001784
10	0	0.002433
10	10	0.002419
10	20	0.002154
10	30	0.002414
10	40	0.015172
10	50	0.002190
10	60	0.002044
10	70	0.002125
10	80	0.001870
10	90	0.001579
10	100	0.001983
10	110	0.001902
10	120	0.001598
10	130	0.002923
10	140	0.011612
10	150	0.001652
10	160	0.001883
10	170	0.002119
10	180	0.001879
10	190	0.001731
10	200	0.001794
10	210	0.001755
10	220	0.001590
10	230	0.001888
10	240	0.001527
10	250	0.002606
10	260	0.001785
10	270	0.001556
10	280	0.001796
10	290	0.003740
10	300	0.002759
10	310	0.004980
10	320	0.002945
10	330	0.001992
10	340	0.001844
10	350	0.001934
15	0	0.002477
15	10	0.002136
15	20	0.002466
15	30	0.002224
15	40	0.002171
15	50	0.004793
15	60	0.003201
15	70	0.002045
15	80	0.001758
15	90	0.001755
15	100	0.001933
15	110	0.001649
15	120	0.001988
15	130	0.002592
15	140	0.003247
15	150	0.002569
15	160	0.001821
15	170	0.002338
15	180	0.001957
15	190	0.001951
15	200	0.002051
15	210	0.052987
15	220	0.003889
15	230	0.001607
15	240	0.020443
15	250	0.001731
15	260	0.008551
15	270	0.001607
15	280	0.002004
15	290	0.001652
15	300	0.005619
15	310	0.001988
15	320	0.002162
15	330	0.002951
15	340	0.001873
15	350	0.002097
20	0	0.001838
20	10	0.000672
20	20	0.002823
20	30	0.019286
20	40	0.002190
20	50	0.006695
20	60	0.002064
20	70	0.002217
20	80	0.001729
20	90	0.001827
20	100	0.001634
20	110	0.001705
20	120	0.001632
20	130	0.001841
20	140	0.001844
20	220	0.001843
20	230	0.001828
20	240	0.001691
20	250	0.018259
20	260	0.023533
20	270	0.001570
20	280	0.001975
20	290	0.084138
20	300	0.002038
20	310	0.002476
20	320	0.001722
20	330	0.009402
20	340	0.002488
20	350	0.002224
25	0	0.003048
25	10	0.003331
25	20	0.002948
25	30	0.002369
25	40	0.045744
25	50	0.001954
25	60	0.002864
25	70	0.002969
25	80	0.001902
25	90	0.001561
25	100	0.001782
25	110	0.001881
25	120	0.225388
25	130	0.001831
25	140	0.001824
25	220	0.001480
25	230	0.002084
25	240	0.002242
25	250	0.026733
25	260	0.001923
25	270	0.001224
25	280	0.001346
25	290	0.002032
25	300	0.001605
25	310	0.001596
25	320	0.001789
25	330	0.002063
25	340	0.055294
25	350	0.006685
30	0	0.007314
30	10	0.127046
30	20	0.013561
30	30	0.002450
30	40	0.002115
30	50	0.002266
30	60	0.006340
30	70	0.001799
30	80	0.001810
30	90	0.001771
30	100	0.001738
30	110	0.001906
30	120	0.001731
30	130	0.001731
30	140	0.001831
30	220	0.016089
30	230	0.002115
30	240	0.001534
30	250	0.001716
30	260	0.001575
30	270	0.001670
30	280	0.002622
30	290	0.001646
30	300	0.001518
30	310	0.001840
30	320	0.012804
30	330	0.002097
30	340	0.022168
30	350	0.009308
35	0	0.060019
35	10	0.014135
35	20	0.002796
35	30	0.002994
35	40	0.003340
35	50	0.001918
35	60	0.001956
35	70	0.002518
35	80	0.002191
35	90	0.001692
35	100	0.001937
35	110	0.321849
35	120	0.001698
35	130	0.001933
35	140	0.001960
35	220	0.001741
35	230	0.001629
35	240	0.001877
35	250	0.001708
35	260	0.001654
35	270	0.001498
35	280	0.001635
35	290	0.001630
35	300	0.004136
35	310	0.001782
35	320	0.002088
35	330	0.002652
35	340	0.002038
35	350	0.002528
40	0	0.011880
40	10	0.002736
40	20	0.002287
40	30	0.002445
40	40	0.003122
40	50	0.002283
40	60	0.001956
40	70	0.001856
40	80	0.001858
40	90	0.001768
40	100	0.025739
40	110	0.001805
40	120	0.002022
40	130	0.001831
40	140	0.001833
40	220	0.001882
40	230	0.094559
40	240	0.001779
40	250	0.001478
40	260	0.001668
40	270	0.001494
40	280	0.001472
40	290	0.001856
40	300	0.001617
40	310	0.001809
40	320	0.013490
40	330	0.002707
40	340	0.002152
40	350	0.002200
45	0	0.002399
45	10	0.002055
45	20	0.038257
45	30	0.002577
45	40	0.002075
45	50	0.003702
45	60	0.003193
45	70	0.001866
45	80	0.003564
45	90	0.024820
45	100	0.001945
45	110	0.001752
45	120	0.001843
45	130	0.002818
45	140	0.002870
45	150	0.002109
45	160	0.002181
45	170	0.001884
45	180	0.002431
45	190	0.002253
45	200	0.002046
45	210	0.001866
45	220	0.002006
45	230	0.001797
45	240	0.001550
45	250	0.085366
45	260	0.001651
45	270	0.001754
45	280	0.003216
45	290	0.001658
45	300	0.001455
45	310	0.002113
45	320	0.001622
45	330	0.002014
45	340	0.041664
45	350	0.002011
50	0	0.002284
50	10	0.002435
50	20	0.002198
50	30	0.002884
50	40	0.002500
50	50	0.002248
50	60	0.002282
50	70	0.002547
50	80	0.002095
50	90	0.001821
50	100	0.001968
50	110	0.015343
50	120	0.001881
50	130	0.001926
50	140	0.001965
50	150	0.002013
50	160	0.002308
50	170	0.002258
50	180	0.002901
50	190	0.004584
50	200	0.002220
50	210	0.002987
50	220	0.004870
50	230	0.002532
50	240	0.010357
50	250	0.001740
50	260	0.003484
50	270	0.001582
50	280	0.002580
50	290	0.002018
50	300	0.001977
50	310	0.003394
50	320	0.001743
50	330	0.001934
50	340	0.001803
50	350	0.002335
55	0	0.008314
55	10	0.003115
55	20	0.002084
55	30	0.002172
55	40	0.002983
55	50	0.002248
55	60	0.031050
55	70	0.002020
55	80	0.001947
55	90	0.002003
55	100	0.001888
55	110	0.002002
55	120	0.004431
55	130	0.002123
55	140	0.002067
55	150	0.006179
55	160	0.002028
55	170	0.002261
55	180	0.002281
55	190	0.002131
55	200	0.005144
55	210	0.002100
55	220	0.001782
55	230	0.001975
55	240	0.002078
55	250	0.001606
55	260	0.001667
55	270	0.001667
55	280	0.001634
55	290	0.005818
55	300	0.001801
55	310	0.001773
55	320	0.004220
55	330	0.001817
55	340	0.002034
55	350	0.002776
60	0	0.002359
60	10	0.007782
60	20	0.002476
60	30	0.002784
60	40	0.004454
60	50	0.002712
60	60	0.002377
60	70	0.002155
60	80	0.002331
60	90	0.002758
60	100	0.002052
60	110	0.002060
60	120	0.002191
60	130	0.002092
60	140	0.002148
60	150	0.002309
60	160	0.019431
60	170	0.002182
60	180	0.002188
60	190	0.002211
60	200	0.002290
60	210	0.002288
60	220	0.002555
60	230	0.004682
60	240	0.001830
60	250	0.002378
60	260	0.002623
60	270	0.002225
60	280	0.002728
60	290	0.001913
60	300	0.001792
60	310	0.002167
60	320	0.001836
60	330	0.001760
60	340	0.001996
60	350	0.003217
65	0	0.002501
65	10	0.002378
65	20	0.045466
65	30	0.002625
65	40	0.004078
65	50	0.004349
65	60	0.002419
65	70	0.002436
65	80	0.018914
65	90	0.003592
65	100	0.006115
65	110	0.002261
65	120	0.002225
65	130	0.003081
65	140	0.002825
65	150	0.002392
65	160	0.002418
65	170	0.002477
65	180	0.003201
65	190	0.002516
65	200	0.002372
65	210	0.003450
65	220	0.002308
65	230	0.002437
65	240	0.002361
65	250	0.003464
65	260	0.002466
65	270	0.002045
65	280	0.002323
65	290	0.062774
65	300	0.004590
65	310	0.002014
65	320	0.002248
65	330	0.002368
65	340	0.003061
65	350	0.002311
70	0	0.003129
70	10	0.024314
70	20	0.003105
70	30	0.002899
70	40	0.002964
70	50	0.002666
70	60	0.002700
70	70	0.036198
70	80	0.002765
70	90	0.002668
70	100	0.003326
70	110	0.002937
70	120	0.002979
70	130	0.002545
70	140	0.002747
70	150	0.006190
70	160	0.002814
70	170	0.002981
70	180	0.002589
70	190	0.003002
70	200	0.002797
70	210	0.003076
70	220	0.002871
70	230	0.003085
70	240	0.003695
70	250	0.002861
70	260	0.003336
70	270	0.003210
70	280	0.002778
70	290	0.002768
70	300	0.002796
70	310	0.003317
70	320	0.003308
70	330	0.003122
70	340	0.003048
70	350	0.007794
75	0	0.003787
75	10	0.004101
75	20	0.003929
75	30	0.004996
75	40	0.003978
75	50	0.004150
75	60	0.003978
75	70	0.004512
75	80	0.003904
75	90	0.003658
75	100	0.003277
75	110	0.004754
75	120	0.003339
75	130	0.005544
75	140	0.003987
75	150	0.003410
75	160	0.003526
75	170	0.003813
75	180	0.003375
75	190	0.003791
75	200	0.004853
75	210	0.006119
75	220	0.003843
75	230	0.003794
75	240	0.003252
75	250	0.003572
75	260	0.003572
75	270	0.003929
75	280	0.003794
75	290	0.003708
75	300	0.003880
75	310	0.003646
75	320	0.003732
75	330	0.003400
75	340	0.003265
75	350	0.003831
80	0	0.006222
80	10	0.004958
80	20	0.005544
80	30	0.020997
80	40	0.005049
80	50	0.005673
80	60	0.005288
80	70	0.004793
80	80	0.013317
80	90	0.005838
80	100	0.005398
80	110	0.004829
80	120	0.004866
80	130	0.005123
80	140	0.004976
80	150	0.005368
80	160	0.005810
80	170	0.005185
80	180	0.005389
80	190	0.005460
80	200	0.005335
80	210	0.005517
80	220	0.005966
80	230	0.005434
80	240	0.004664
80	250	0.005471
80	260	0.005086
80	270	0.004774
80	280	0.005728
80	290	0.005654
80	300	0.006985
80	310	0.005104
80	320	0.005618
80	330	0.004884
80	340	0.004903
80	350	0.005489
30	-10
0	0	0.001611
5	0	0.001691
5	10	0.001569
5	20	0.001624
5	30	0.001748
5	40	0.001811
5	50	0.001838
5	60	0.002012
5	70	0.001908
5	80	0.001593
5	90	0.001528
5	100	0.001740
5	110	0.001961
5	120	0.001759
5	130	0.001704
5	140	0.001737
5	150	0.001604
5	160	0.001487
5	170	0.001584
5	180	0.001555
5	190	0.001578
5	200	0.001741
5	210	0.002262
5	220	0.007785
5	230	0.074373
5	240	0.060252
5	250	0.002616
5	260	0.001723
5	270	0.001576
5	280	0.001514
5	290	0.002126
5	300	0.018205
5	310	0.026193
5	320	0.003461
5	330	0.002023
5	340	0.001777
5	350	0.001723
10	0	0.001826
10	10	0.001771
10	20	0.002018
10	30	0.008277
10	40	0.912381
10	50	0.004244
10	60	0.002198
10	70	0.002094
10	80	0.001820
10	90	0.001713
10	100	0.002434
10	110	0.001625
10	120	0.001328
10	130	0.002247
10	140	0.057428
10	150	0.001697
10	160	0.001503
10	170	0.001623
10	180	0.001600
10	190	0.001586
10	200	0.001715
10	210	0.001601
10	220	0.001570
10	230	0.001671
10	240	0.001689
10	250	0.012156
10	260	0.001607
10	270	0.001487
10	280	0.001747
10	290	0.001846
10	300	0.001546
10	310	0.001961
10	320	0.002320
10	330	0.004460
10	340	0.003452
10	350	0.001982
15	0	0.001891
15	10	0.001756
15	20	0.002127
15	30	0.002031
15	40	0.001862
15	50	0.001621
15	60	0.002244
15	70	0.002007
15	80	0.001750
15	90	0.001723
15	100	0.002155
15	110	0.001489
15	120	0.002106
15	130	0.001694
15	140	0.001733
15	150	0.014065
15	160	0.002554
15	170	0.001726
15	180	0.001748
15	190	0.002399
15	200	0.002201
15	210	0.003788
15	220	0.001543
15	230	0.001516
15	240	0.016674
15	250	0.001421
15	260	0.005066
15	270	0.001393
15	280	0.003681
15	290	0.002615
15	300	0.122074
15	310	0.001963
15	320	0.002333
15	330	0.002880
15	340	0.002046
15	350	0.002442
20	0	0.000406
20	10	0.002005
20	20	0.003851
20	30	0.013739
20	40	0.001616
20	50	0.020416
20	60	0.002493
20	70	0.002158
20	80	0.001673
20	90	0.001440
20	100	0.001636
20	110	0.001494
20	120	0.002395
20	130	0.003669
20	210	0.001869
20	220	0.002010
20	230	0.003837
20	240	0.001445
20	250	0.002655
20	260	0.002317
20	270	0.001361
20	280	0.001698
20	290	0.022950
20	300	0.001651
20	310	0.001765
20	320	0.002788
20	330	0.003719
20	340	0.002002
20	350	0.002065
25	0	0.004197
25	10	0.002423
25	20	0.002272
25	30	0.001939
25	40	0.019243
25	50	0.001623
25	60	0.008777
25	70	0.001700
25	80	0.001514
25	90	0.001840
25	100	0.001932
25	110	0.001347
25	120	0.021895
25	130	0.001840
25	210	0.001476
25	220	0.001302
25	230	0.001278
25	240	0.001469
25	250	0.021631
25	260	0.021456
25	270	0.001225
25	280	0.001397
25	290	0.002876
25	300	0.001310
25	310	0.001854
25	320	0.002135
25	330	0.002048
25	340	0.082852
25	350	0.002704
30	0	0.004712
30	10	0.022038
30	20	0.054545
30	30	0.002617
30	40	0.001727
30	50	0.001920
30	60	0.002073
30	70	0.002077
30	80	0.001721
30	90	0.001571
30	100	0.001592
30	110	0.002323
30	120	0.001755
30	130	0.001506
30	210	0.001537
30	220	0.002433
30	230	0.001391
30	240	0.002613
30	250	0.001257
30	260	0.001353
30	270	0.001253
30	280	0.001355
30	290	0.001306
30	300	0.001792
30	310	0.001977
30	320	0.033925
30	330	0.002407
30	340	0.013596
30	350	0.004931
35	0	0.023136
35	10	0.085053
35	20	0.002409
35	30	0.006936
35	40	0.001857
35	50	0.002024
35	60	0.001786
35	70	0.001712
35	80	0.001465
35	90	0.001555
35	100	0.001572
35	110	0.005531
35	120	0.001655
35	130	0.005207
35	210	0.001550
35	220	0.001453
35	230	0.001329
35	240	0.001389
35	250	0.001520
35	260	0.001373
35	270	0.001492
35	280	0.002398
35	290	0.001447
35	300	0.010768
35	310	0.001751
35	320	0.001957
35	330	0.001927
35	340	0.002141
35	350	0.014385
40	0	0.078920
40	10	0.003062
40	20	0.002161
40	30	0.002123
40	40	0.003644
40	50	0.001713
40	60	0.001708
40	70	0.001847
40	80	0.002519
40	90	0.003964
40	100	0.027399
40	110	0.001547
40	120	0.001601
40	130	0.002180
40	210	0.001540
40	220	0.005182
40	230	0.007492
40	240	0.001337
40	250	0.002676
40	260	0.001183
40	270	0.001220
40	280	0.001569
40	290	0.001915
40	300	0.001462
40	310	0.001725
40	320	0.032681
40	330	0.016554
40	340	0.002015
40	350	0.002705
45	0	0.001895
45	10	0.001900
45	20	0.183259
45	30	0.001756
45	40	0.002053
45	50	0.001953
45	60	0.004943
45	70	0.001770
45	80	0.001684
45	90	0.001750
45	100	0.001543
45	110	0.001576
45	120	0.002154
45	130	0.002157
45	140	0.005249
45	150	0.001823
45	160	0.001724
45	170	0.002138
45	180	0.002022
45	190	0.001963
45	200	0.001654
45	210	0.002386
45	220	0.001733
45	230	0.001430
45	240	0.001525
45	250	0.009224
45	260	0.001481
45	270	0.001278
45	280	0.001310
45	290	0.001227
45	300	0.001716
45	310	0.001581
45	320	0.001576
45	330	0.001620
45	340	0.012641
45	350	0.001904
50	0	0.001838
50	10	0.002107
50	20	0.002040
50	30	0.002260
50	40	0.001821
50	50	0.002869
50	60	0.001777
50	70	0.001682
50	80	0.001650
50	90	0.001743
50	100	0.001618
50	110	0.001661
50	120	0.002914
50	130	0.001705
50	140	0.001793
50	150	0.001895
50	160	0.002469
50	170	0.003312
50	180	0.002621
50	190	0.012240
50	200	0.001861
50	210	0.006660
50	220	0.002580
50	230	0.003729
50	240	0.001667
50	250	0.001995
50	260	0.005353
50	270	0.001664
50	280	0.023582
50	290	0.001525
50	300	0.001554
50	310	0.004670
50	320	0.001659
50	330	0.001773
50	340	0.001817
50	350	0.001888
55	0	0.014528
55	10	0.002346
55	20	0.001850
55	30	0.002006
55	40	0.001871
55	50	0.001995
55	60	0.004798
55	70	0.002022
55	80	0.123148
55	90	0.002319
55	100	0.002043
55	110	0.001842
55	120	0.001749
55	130	0.003213
55	140	0.001948
55	150	0.001831
55	160	0.002575
55	170	0.001965
55	180	0.001923
55	190	0.001822
55	200	0.001870
55	210	0.001725
55	220	0.002128
55	230	0.001793
55	240	0.001623
55	250	0.002023
55	260	0.001382
55	270	0.001299
55	280	0.001349
55	290	0.087045
55	300	0.001526
55	310	0.001854
55	320	0.002098
55	330	0.001867
55	340	0.001731
55	350	0.002526
60	0	0.002026
60	10	0.001998
60	20	0.003151
60	30	0.053375
60	40	0.001882
60	50	0.001972
60	60	0.001910
60	70	0.003326
60	80	0.001775
60	90	0.001747
60	100	0.001870
60	110	0.002998
60	120	0.001787
60	130	0.003014
60	140	0.001988
60	150	0.002755
60	160	0.007987
60	170	0.001923
60	180	0.001898
60	190	0.001961
60	200	0.001850
60	210	0.003188
60	220	0.002114
60	230	0.001509
60	240	0.012490
60	250	0.001617
60	260	0.007251
60	270	0.001642
60	280	0.001617
60	290	0.001502
60	300	0.001872
60	310	0.001592
60	320	0.001749
60	330	0.001611
60	340	0.003284
60	350	0.001952
65	0	0.002270
65	10	0.002296
65	20	0.002747
65	30	0.002055
65	40	0.007434
65	50	0.004950
65	60	0.002786
65	70	0.001973
65	80	0.002278
65	90	0.002003
65	100	0.001916
65	110	0.002051
65	120	0.002176
65	130	0.002005
65	140	0.002036
65	150	0.002144
65	160	0.002051
65	170	0.002110
65	180	0.002347
65	190	0.002016
65	200	0.002022
65	210	0.002071
65	220	0.001755
65	230	0.001966
65	240	0.002207
65	250	0.002990
65	260	0.001732
65	270	0.002019
65	280	0.002064
65	290	0.003016
65	300	0.019636
65	310	0.001921
65	320	0.002056
65	330	0.002446
65	340	0.001930
65	350	0.002144
70	0	0.002541
70	10	0.007827
70	20	0.002504
70	30	0.006868
70	40	0.002308
70	50	0.002249
70	60	0.004746
70	70	0.029065
70	80	0.002232
70	90	0.002595
70	100	0.002398
70	110	0.002568
70	120	0.002998
70	130	0.002238
70	140	0.002316
70	150	0.008429
70	160	0.002480
70	170	0.003055
70	180	0.003010
70	190	0.002701
70	200	0.002617
70	210	0.002448
70	220	0.002820
70	230	0.003458
70	240	0.002392
70	250	0.002960
70	260	0.002727
70	270	0.002566
70	280	0.002401
70	290	0.002364
70	300	0.002736
70	310	0.002941
70	320	0.002801
70	330	0.003718
70	340	0.002485
70	350	0.002898
75	0	0.003579
75	10	0.003554
75	20	0.003013
75	30	0.004381
75	40	0.003358
75	50	0.003517
75	60	0.003468
75	70	0.003333
75	80	0.003269
75	90	0.004030
75	100	0.003173
75	110	0.002853
75	120	0.003185
75	130	0.003187
75	140	0.007175
75	150	0.002809
75	160	0.003484
75	170	0.002841
75	180	0.003220
75	190	0.003473
75	200	0.002917
75	210	0.014402
75	220	0.003284
75	230	0.003457
75	240	0.003001
75	250	0.003075
75	260	0.003468
75	270	0.003296
75	280	0.003308
75	290	0.003136
75	300	0.003062
75	310	0.003222
75	320	0.002693
75	330	0.002620
75	340	0.003456
75	350	0.003167
80	0	0.004381
80	10	0.004858
80	20	0.005683
80	30	0.004234
80	40	0.004839
80	50	0.004363
80	60	0.004014
80	70	0.003959
80	80	0.300679
80	90	0.006203
80	100	0.004088
80	110	0.004051
80	120	0.004363
80	130	0.004150
80	140	0.004790
80	150	0.004674
80	160	0.004423
80	170	0.004519
80	180	0.004674
80	190	0.004410
80	200	0.004771
80	210	0.004894
80	220	0.004674
80	230	0.003886
80	240	0.004253
80	250	0.004381
80	260	0.004069
80	270	0.005004
80	280	0.004894
80	290	0.004913
80	300	0.004381
80	310	0.004913
80	320	0.003868
80	330	0.003794
80	340	0.005004
80	350	0.005095
30	-20
0	0	0.001658
5	0	0.007531
5	10	0.025774
5	20	0.007794
5	30	0.003511
5	40	0.002298
5	50	0.001903
5	60	0.001751
5	70	0.001846
5	80	0.002008
5	90	0.001846
5	100	0.001696
5	110	0.001612
5	120	0.001679
5	130	0.001724
5	140	0.002285
5	150	0.005669
5	160	0.014878
5	170	0.002716
5	180	0.001828
5	190	0.001703
5	200	0.002035
5	210	0.017128
5	220	0.098383
5	230	0.046238
5	240	0.001967
5	250	0.001656
5	260	0.001595
5	270	0.001581
5	280	0.001628
5	290	0.001842
5	300	0.001740
5	310	0.001618
5	320	0.001611
5	330	0.001524
5	340	0.002088
5	350	0.003672
10	0	0.002237
10	10	0.002354
10	20	0.001958
10	30	0.001730
10	40	0.001700
10	50	0.002224
10	60	0.002321
10	70	0.001558
10	80	0.002088
10	90	0.002121
10	100	0.001849
10	110	0.002340
10	120	0.001633
10	130	0.001537
10	140	0.040804
10	150	0.001574
10	160	0.001581
10	170	0.002951
10	180	0.001486
10	190	0.001728
10	200	0.040323
10	210	0.001781
10	220	0.001788
10	230	0.002278
10	240	0.035506
10	250	0.027823
10	260	0.001808
10	270	0.001560
10	280	0.001594
10	290	0.001666
10	300	0.005928
10	310	0.121123
10	320	0.002147
10	330	0.001827
10	340	0.002175
10	350	0.001920
15	0	0.002804
15	10	0.002140
15	20	0.001791
15	30	0.001711
15	40	0.001849
15	50	0.001948
15	60	0.003596
15	70	0.002080
15	80	0.001905
15	90	0.001585
15	100	0.001838
15	110	0.001651
15	120	0.002116
15	130	0.002877
15	140	0.001557
15	150	0.064689
15	160	0.001957
15	170	0.030125
15	180	0.002106
15	190	0.008106
15	200	0.002009
15	210	0.017842
15	220	0.001681
15	230	0.001703
15	240	0.001662
15	250	0.001649
15	260	0.001456
15	270	0.001621
15	280	0.001673
15	290	0.003101
15	300	0.002484
15	310	0.001730
15	320	0.003882
15	330	0.002389
15	340	0.001915
15	350	0.002191
20	0	0.002161
20	10	0.001880
20	20	0.001874
20	30	0.006833
20	40	0.002280
20	50	0.001874
20	60	0.001474
20	70	0.001691
20	80	0.001487
20	90	0.001755
20	100	0.003672
20	110	0.001836
20	120	0.001799
20	200	0.002333
20	210	0.001641
20	220	0.007296
20	230	0.001615
20	240	0.001940
20	250	0.001931
20	260	0.003814
20	270	0.001749
20	280	0.001799
20	290	0.217852
20	300	0.001636
20	310	0.001914
20	320	0.002145
20	330	0.003039
20	340	0.001501
20	350	0.001257
25	0	0.003769
25	10	0.002255
25	20	0.002139
25	30	0.002143
25	40	0.001756
25	50	0.002483
25	60	0.023894
25	70	0.001630
25	80	0.001686
25	90	0.001721
25	100	0.002392
25	110	0.001742
25	120	0.002016
25	200	0.001904
25	210	0.001466
25	220	0.001435
25	230	0.002301
25	240	0.001251
25	250	0.001634
25	260	0.014681
25	270	0.002002
25	280	0.001446
25	290	0.001360
25	300	0.001799
25	310	0.337484
25	320	0.002269
25	330	0.004510
25	340	0.002865
25	350	0.005722
30	0	0.002625
30	10	0.002206
30	20	0.157173
30	30	0.001930
30	40	0.001792
30	50	0.002801
30	60	0.001706
30	70	0.001571
30	80	0.001604
30	90	0.001508
30	100	0.001601
30	110	0.001903
30	120	0.001730
30	200	0.001616
30	210	0.001700
30	220	0.001495
30	230	0.001814
30	240	0.001433
30	250	0.001496
30	260	0.136656
30	270	0.009766
30	280	0.011244
30	290	0.001841
30	300	0.002055
30	310	0.001952
30	320	0.031323
30	330	0.003944
30	340	0.004505
30	350	0.003330
35	0	0.002666
35	10	0.003626
35	20	0.011926
35	30	0.001866
35	40	0.002491
35	50	0.002314
35	60	0.001848
35	70	0.004550
35	80	0.001722
35	90	0.001836
35	100	0.002469
35	110	0.002243
35	120	0.001667
35	200	0.001612
35	210	0.001777
35	220	0.001411
35	230	0.001378
35	240	0.001701
35	250	0.001389
35	260	0.001634
35	270	0.003094
35	280	0.001869
35	290	0.001492
35	300	0.224132
35	310	0.002064
35	320	0.002316
35	330	0.002243
35	340	0.003779
35	350	0.002277
40	0	0.043082
40	10	0.004114
40	20	0.002764
40	30	0.002282
40	40	0.001909
40	50	0.001788
40	60	0.002662
40	70	0.001675
40	80	0.006379
40	90	0.001587
40	100	0.001655
40	110	0.001734
40	120	0.026007
40	200	0.008826
40	210	0.001975
40	220	0.001669
40	230	0.054787
40	240	0.001445
40	250	0.001266
40	260	0.001423
40	270	0.001392
40	280	0.001635
40	290	0.001449
40	300	0.001691
40	310	0.002481
40	320	0.002092
40	330	0.040360
40	340	0.002138
40	350	0.002946
45	0	0.029481
45	10	0.001968
45	20	0.001964
45	30	0.003093
45	40	0.003664
45	50	0.023567
45	60	0.001743
45	70	0.001689
45	80	0.006590
45	90	0.001768
45	100	0.001720
45	110	0.001637
45	120	0.001748
45	130	0.001932
45	140	0.001986
45	150	0.002085
45	160	0.003861
45	170	0.001968
45	180	0.001968
45	190	0.001768
45	200	0.001891
45	210	0.002021
45	220	0.001482
45	230	0.001573
45	240	0.001342
45	250	0.083037
45	260	0.001503
45	270	0.001279
45	280	0.001370
45	290	0.002503
45	300	0.001658
45	310	0.001739
45	320	0.001743
45	330	0.002054
45	340	0.002067
45	350	0.002152
50	0	0.002934
50	10	0.001991
50	20	0.013081
50	30	0.002132
50	40	0.001968
50	50	0.002011
50	60	0.001767
50	70	0.002770
50	80	0.002219
50	90	0.001728
50	100	0.001785
50	110	0.002677
50	120	0.001869
50	130	0.001833
50	140	0.001906
50	150	0.079894
50	160	0.002144
50	170	0.025450
50	180	0.002233
50	190	0.078791
50	200	0.001801
50	210	0.001563
50	220	0.111480
50	230	0.001642
50	240	0.002071
50	250	0.001402
50	260	0.001600
50	270	0.001794
50	280	0.001580
50	290	0.001436
50	300	0.002004
50	310	0.001747
50	320	0.001734
50	330	0.001912
50	340	0.002200
50	350	0.001943
55	0	0.009089
55	10	0.006510
55	20	0.001945
55	30	0.001857
55	40	0.004260
55	50	0.001852
55	60	0.003677
55	70	0.001801
55	80	0.008329
55	90	0.001778
55	100	0.002553
55	110	0.001805
55	120	0.008253
55	130	0.002076
55	140	0.002248
55	150	0.002054
55	160	0.002254
55	170	0.001973
55	180	0.001928
55	190	0.001976
55	200	0.014352
55	210	0.001771
55	220	0.001921
55	230	0.001493
55	240	0.001543
55	250	0.001482
55	260	0.001466
55	270	0.001438
55	280	0.001493
55	290	0.003197
55	300	0.002154
55	310	0.001732
55	320	0.002162
55	330	0.002169
55	340	0.001897
55	350	0.003319
60	0	0.002074
60	10	0.002035
60	20	0.004223
60	30	0.001856
60	40	0.002553
60	50	0.002012
60	60	0.002391
60	70	0.001949
60	80	0.001965
60	90	0.001916
60	100	0.001863
60	110	0.004449
60	120	0.002245
60	130	0.002071
60	140	0.022363
60	150	0.002151
60	160	0.001974
60	170	0.002386
60	180	0.002115
60	190	0.002024
60	200	0.002228
60	210	0.002146
60	220	0.001624
60	230	0.002077
60	240	0.004845
60	250	0.003337
60	260	0.001910
60	270	0.001739
60	280	0.001656
60	290	0.001942
60	300	0.001688
60	310	0.002490
60	320	0.001739
60	330	0.001890
60	340	0.003002
60	350	0.002169
65	0	0.002519
65	10	0.002582
65	20	0.003435
65	30	0.002122
65	40	0.002166
65	50	0.052166
65	60	0.002126
65	70	0.002369
65	80	0.005419
65	90	0.002422
65	100	0.002122
65	110	0.002191
65	120	0.002080
65	130	0.002457
65	140	0.002206
65	150	0.002149
65	160	0.001921
65	170	0.002136
65	180	0.002166
65	190	0.002136
65	200	0.002698
65	210	0.010109
65	220	0.002087
65	230	0.002968
65	240	0.002290
65	250	0.002324
65	260	0.002117
65	270	0.002170
65	280	0.002230
65	290	0.001914
65	300	0.002132
65	310	0.002441
65	320	0.001952
65	330	0.002016
65	340	0.002259
65	350	0.002280
70	0	0.002523
70	10	0.002753
70	20	0.002737
70	30	0.002467
70	40	0.002360
70	50	0.003110
70	60	0.002585
70	70	0.641683
70	80	0.002664
70	90	0.002524
70	100	0.002884
70	110	0.002244
70	120	0.002545
70	130	0.003023
70	140	0.002808
70	150	0.002418
70	160	0.002229
70	170	0.023259
70	180	0.002979
70	190	0.002862
70	200	0.002598
70	210	0.002970
70	220	0.002970
70	230	0.002514
70	240	0.005352
70	250	0.002784
70	260	0.002635
70	270	0.004233
70	280	0.002504
70	290	0.002858
70	300	0.003063
70	310	0.002960
70	320	0.002728
70	330	0.003906
70	340	0.002719
70	350	0.002653
75	0	0.005828
75	10	0.003420
75	20	0.004185
75	30	0.010455
75	40	0.003765
75	50	0.004510
75	60	0.003506
75	70	0.003371
75	80	0.002879
75	90	0.003297
75	100	0.003002
75	110	0.003371
75	120	0.003350
75	130	0.003035
75	140	0.002998
75	150	0.003498
75	160	0.003045
75	170	0.003809
75	180	0.003655
75	190	0.003169
75	200	0.003506
75	210	0.003445
75	220	0.002842
75	230	0.003248
75	240	0.003420
75	250	0.003580
75	260	0.003445
75	270	0.003396
75	280	0.003531
75	290	0.003211
75	300	0.003531
75	310	0.002830
75	320	0.002793
75	330	0.004011
75	340	0.003220
75	350	0.004223
80	0	0.500523
80	10	0.008148
80	20	0.004475
80	30	0.008049
80	40	0.004585
80	50	0.004255
80	60	0.004640
80	70	0.005043
80	80	0.004786
80	90	0.004200
80	100	0.004346
80	110	0.004621
80	120	0.004410
80	130	0.004848
80	140	0.009442
80	150	0.004614
80	160	0.004914
80	170	0.004942
80	180	0.004671
80	190	0.005010
80	200	0.005281
80	210	0.005098
80	220	0.004108
80	230	0.004438
80	240	0.004566
80	250	0.004365
80	260	0.005244
80	270	0.005171
80	280	0.005079
80	290	0.004566
80	300	0.005098
80	310	0.004328
80	320	0.004035
80	330	0.004804
80	340	0.005100
80	350	0.008614
30	-30
0	0	0.001781
5	0	0.001950
5	10	0.001713
5	20	0.003121
5	30	0.002442
5	40	0.001631
5	50	0.001745
5	60	0.001571
5	70	0.001429
5	80	0.001513
5	90	0.001737
5	100	0.001708
5	110	0.001643
5	120	0.001590
5	130	0.001524
5	140	0.001604
5	150	0.006626
5	160	0.004255
5	170	0.001997
5	180	0.001655
5	190	0.001591
5	200	0.001592
5	210	0.001659
5	220	0.001530
5	230	0.001494
5	240	0.001541
5	250	0.001540
5	260	0.001597
5	270	0.001701
5	280	0.001874
5	290	0.002338
5	300	0.003960
5	310	0.012375
5	320	0.429289
5	330	0.647951
5	340	0.006343
5	350	0.002562
10	0	0.001662
10	10	0.009166
10	20	0.001568
10	30	0.001429
10	40	0.001875
10	50	0.002298
10	60	0.002033
10	70	0.001829
10	80	0.001794
10	90	0.001522
10	100	0.001490
10	110	0.001629
10	120	0.002827
10	130	0.006093
10	140	0.001373
10	150	0.001373
10	160	0.001464
10	170	0.003571
10	180	0.001437
10	190	0.001659
10	200	0.001680
10	210	0.001374
10	220	0.001557
10	230	0.027299
10	240	0.007367
10	250	0.001452
10	260	0.001460
10	270	0.001503
10	280	0.001494
10	290	0.001813
10	300	0.015498
10	310	0.001642
10	320	0.001742
10	330	0.001913
10	340	0.047646
10	350	0.001742
15	0	0.002008
15	10	0.002829
15	20	0.009741
15	30	0.003470
15	40	0.001789
15	50	0.020207
15	60	0.001651
15	70	0.001605
15	80	0.001493
15	90	0.001545
15	100	0.001780
15	110	0.002208
15	120	0.001819
15	130	0.014707
15	140	0.001839
15	150	0.001723
15	160	0.001606
15	170	0.005734
15	180	0.001769
15	190	0.014746
15	200	0.001576
15	210	0.001496
15	220	0.001643
15	230	0.001853
15	240	0.009926
15	250	0.014779
15	260	0.001529
15	270	0.001521
15	280	0.001611
15	290	0.004296
15	300	0.001737
15	310	0.001710
15	320	0.001750
15	330	0.001999
15	340	0.002260
15	350	0.003881
20	0	0.002185
20	10	0.001734
20	20	0.008665
20	30	0.001799
20	40	0.001761
20	50	0.002723
20	60	0.013787
20	70	0.001341
20	80	0.001538
20	90	0.001440
20	100	0.002090
20	110	0.002774
20	190	0.001584
20	200	0.001390
20	210	0.001916
20	220	0.073478
20	230	0.001472
20	240	0.001405
20	250	0.005615
20	260	0.001444
20	270	0.001623
20	280	0.001922
20	290	0.001338
20	300	0.002561
20	310	0.001955
20	320	0.073008
20	330	0.001372
20	340	0.000945
20	350	0.026120
25	0	0.010828
25	10	0.002167
25	20	0.002002
25	30	0.001686
25	40	0.002971
25	50	0.002160
25	60	0.001345
25	70	0.001605
25	80	0.001974
25	90	0.001395
25	100	0.001401
25	110	0.001767
25	190	0.001207
25	200	0.001388
25	210	0.023819
25	220	0.001213
25	230	0.007741
25	240	0.001026
25	250	0.002220
25	260	0.001689
25	270	0.001381
25	280	0.018674
25	290	0.012711
25	300	0.002395
25	310	0.002192
25	320	0.004794
25	330	0.002699
25	340	0.009904
25	350	0.475392
30	0	0.019535
30	10	0.002907
30	20	0.001629
30	30	0.006677
30	40	0.002032
30	50	0.001841
30	60	0.001512
30	70	0.018107
30	80	0.002412
30	90	0.001525
30	100	0.002549
30	110	0.090141
30	190	0.001491
30	200	0.001705
30	210	0.001724
30	220	0.001585
30	230	0.001205
30	240	0.001322
30	250	0.001265
30	260	0.003925
30	270	0.001375
30	280	0.007766
30	290	0.002117
30	300	0.004308
30	310	0.002470
30	320	0.003874
30	330	0.006548
30	340	0.002492
30	350	0.019741
35	0	0.002545
35	10	0.004278
35	20	0.001865
35	30	0.002016
35	40	0.043415
35	50	0.001988
35	60	0.001430
35	70	0.003571
35	80	0.002512
35	90	0.001486
35	100	0.003229
35	110	0.001612
35	190	0.001505
35	200	0.010939
35	210	0.001278
35	220	0.002157
35	230	0.001434
35	240	0.001803
35	250	0.001482
35	260	0.106461
35	270	0.002572
35	280	0.001500
35	290	0.001539
35	300	0.001810
35	310	0.001776
35	320	0.002351
35	330	0.003765
35	340	0.002203
35	350	0.004204
40	0	0.001940
40	10	0.002792
40	20	0.001871
40	30	0.001613
40	40	0.001546
40	50	0.002637
40	60	0.001546
40	70	0.001787
40	80	0.057795
40	90	0.004252
40	100	0.004946
40	110	0.001557
40	190	0.012362
40	200	0.004583
40	210	0.001523
40	220	0.001875
40	230	0.001249
40	240	0.001342
40	250	0.001203
40	260	0.001273
40	270	0.001356
40	280	0.001342
40	290	0.002963
40	300	0.001808
40	310	0.089874
40	320	0.021250
40	330	0.002111
40	340	0.002327
40	350	0.001928
45	0	0.001684
45	10	0.001808
45	20	0.001689
45	30	0.077012
45	40	0.002139
45	50	0.004827
45	60	0.002917
45	70	0.002349
45	80	0.001561
45	90	0.001540
45	100	0.001556
45	110	0.002445
45	120	0.001648
45	130	0.002197
45	140	0.002305
45	150	0.002444
45	160	0.001801
45	170	0.001720
45	180	0.001549
45	190	0.001719
45	200	0.001995
45	210	0.001873
45	220	0.001472
45	230	0.002633
45	240	0.001436
45	250	0.001229
45	260	0.001175
45	270	0.001161
45	280	0.001484
45	290	0.029382
45	300	0.001491
45	310	0.001811
45	320	0.001878
45	330	0.001949
45	340	0.007716
45	350	0.001770
50	0	0.065233
50	10	0.002161
50	20	0.001601
50	30	0.001606
50	40	0.002768
50	50	0.001608
50	60	0.001704
50	70	0.017782
50	80	0.001613
50	90	0.001611
50	100	0.001567
50	110	0.012694
50	120	0.002347
50	130	0.001979
50	140	0.005474
50	150	0.001819
50	160	0.001844
50	170	0.001970
50	180	0.001925
50	190	0.001646
50	200	0.001439
50	210	0.002002
50	220	0.001476
50	230	0.002152
50	240	0.001635
50	250	0.001734
50	260	0.005363
50	270	0.001550
50	280	0.003268
50	290	0.001479
50	300	0.001671
50	310	0.023101
50	320	0.049649
50	330	0.001917
50	340	0.002224
50	350	0.002760
55	0	0.001838
55	10	0.001897
55	20	0.068158
55	30	0.001851
55	40	0.016635
55	50	0.098707
55	60	0.001740
55	70	0.001952
55	80	0.002066
55	90	0.007181
55	100	0.001810
55	110	0.001715
55	120	0.001909
55	130	0.002031
55	140	0.002064
55	150	0.001859
55	160	0.001934
55	170	0.005580
55	180	0.002425
55	190	0.001682
55	200	0.001665
55	210	0.001831
55	220	0.001937
55	230	0.001337
55	240	0.001437
55	250	0.002392
55	260	0.001276
55	270	0.001326
55	280	0.001421
55	290	0.001776
55	300	0.001604
55	310	0.001787
55	320	0.001713
55	330	0.001769
55	340	0.003263
55	350	0.001735
60	0	0.002361
60	10	0.001895
60	20	0.002057
60	30	0.002763
60	40	0.001791
60	50	0.002218
60	60	0.001786
60	70	0.002639
60	80	0.001763
60	90	0.001727
60	100	0.001741
60	110	0.002760
60	120	0.001886
60	130	0.001990
60	140	0.001867
60	150	0.001905
60	160	0.002271
60	170	0.001895
60	180	0.001755
60	190	0.001916
60	200	0.001916
60	210	0.001509
60	220	0.003165
60	230	0.001623
60	240	0.004163
60	250	0.001611
60	260	0.001528
60	270	0.001451
60	280	0.001795
60	290	0.001464
60	300	0.012624
60	310	0.001630
60	320	0.001832
60	330	0.464684
60	340	0.001918
60	350	0.001938
65	0	0.002284
65	10	0.001959
65	20	0.001964
65	30	0.606135
65	40	0.001952
65	50	0.001895
65	60	0.006760
65	70	0.001912
65	80	0.001858
65	90	0.001949
65	100	0.002009
65	110	0.001929
65	120	0.002205
65	130	0.002333
65	140	0.002052
65	150	0.002709
65	160	0.001918
65	170	0.002156
65	180	0.001988
65	190	0.001966
65	200	0.001800
65	210	0.001928
65	220	0.002064
65	230	0.002034
65	240	0.001702
65	250	0.001958
65	260	0.002169
65	270	0.002139
65	280	0.001589
65	290	0.003463
65	300	0.002041
65	310	0.002465
65	320	0.003782
65	330	0.002105
65	340	0.001903
65	350	0.002275
70	0	0.002765
70	10	0.002714
70	20	0.002150
70	30	0.002606
70	40	0.004179
70	50	0.004709
70	60	0.002706
70	70	0.002429
70	80	0.002312
70	90	0.002504
70	100	0.002038
70	110	0.002211
70	120	0.002694
70	130	0.002403
70	140	0.002259
70	150	0.002279
70	160	0.002592
70	170	0.002298
70	180	0.002589
70	190	0.002410
70	200	0.002652
70	210	0.004558
70	220	0.002308
70	230	0.002941
70	240	0.002550
70	250	0.002485
70	260	0.003081
70	270	0.002410
70	280	0.004240
70	290	0.002839
70	300	0.002587
70	310	0.002615
70	320	0.002711
70	330	0.002452
70	340	0.002448
70	350	0.002471
75	0	0.003013
75	10	0.004072
75	20	0.003247
75	30	0.003296
75	40	0.003358
75	50	0.003247
75	60	0.002853
75	70	0.002583
75	80	0.003001
75	90	0.002743
75	100	0.003075
75	110	0.006248
75	120	0.002771
75	130	0.002911
75	140	0.003193
75	150	0.002675
75	160	0.003128
75	170	0.003874
75	180	0.003227
75	190	0.003247
75	200	0.003185
75	210	0.002570
75	220	0.002890
75	230	0.005565
75	240	0.003259
75	250	0.004722
75	260	0.003259
75	270	0.003087
75	280	0.003038
75	290	0.003099
75	300	0.002558
75	310	0.002927
75	320	0.007022
75	330	0.002889
75	340	0.004212
75	350	0.003493
80	0	0.005188
80	10	0.004179
80	20	0.004748
80	30	0.004143
80	40	0.004381
80	50	0.003776
80	60	0.004619
80	70	0.004363
80	80	0.003721
80	90	0.004454
80	100	0.004198
80	110	0.004013
80	120	0.004376
80	130	0.004574
80	140	0.004245
80	150	0.004372
80	160	0.004473
80	170	0.006165
80	180	0.005347
80	190	0.005133
80	200	0.004546
80	210	0.003739
80	220	0.004051
80	230	0.007725
80	240	0.003813
80	250	0.005206
80	260	0.004803
80	270	0.004766
80	280	0.004179
80	290	0.004711
80	300	0.003996
80	310	0.003666
80	320	0.004894
80	330	0.004695
80	340	0.003959
80	350	0.004583
30	-40
0	0	0.001761
5	0	0.001530
5	10	0.001529
5	20	0.001555
5	30	0.001646
5	40	0.001817
5	50	0.001953
5	60	0.002019
5	70	0.001975
5	80	0.001870
5	90	0.001707
5	100	0.001655
5	110	0.001640
5	120	0.002034
5	130	0.024682
5	140	0.060718
5	150	0.015534
5	160	0.002079
5	170	0.001794
5	180	0.001931
5	190	0.002093
5	200	0.007032
5	210	0.020071
5	220	0.006126
5	230	0.001879
5	240	0.001798
5	250	0.002037
5	260	0.002627
5	270	0.003423
5	280	0.003819
5	290	0.003102
5	300	0.002335
5	310	0.001865
5	320	0.001647
5	330	0.001652
5	340	0.001606
5	350	0.001575
10	0	0.002626
10	10	0.005084
10	20	0.003160
10	30	0.002488
10	40	0.001954
10	50	0.026222
10	60	0.001841
10	70	0.001909
10	80	0.001705
10	90	0.001673
10	100	0.001509
10	110	0.001536
10	120	0.001547
10	130	0.001450
10	140	0.001749
10	150	0.003108
10	160	0.082998
10	170	0.003200
10	180	0.001988
10	190	0.005949
10	200	0.002016
10	210	0.001540
10	220	0.003683
10	230	0.001522
10	240	0.001528
10	250	0.001636
10	260	0.001883
10	270	0.002469
10	280	0.002610
10	290	0.002138
10	300	0.002032
10	310	0.037871
10	320	0.003127
10	330	0.001689
10	340	0.001957
10	350	0.001926
15	0	0.001790
15	10	0.002124
15	20	0.001867
15	30	0.001828
15	40	0.001874
15	50	0.002220
15	60	0.016973
15	70	0.001739
15	80	0.001721
15	90	0.001867
15	100	0.001716
15	110	0.001983
15	120	0.584577
15	130	0.002896
15	140	0.001679
15	150	0.006960
15	160	0.001792
15	170	0.001791
15	180	0.001576
15	190	0.001822
15	200	0.001976
15	210	0.017019
15	220	0.001506
15	230	0.002946
15	240	0.001494
15	250	0.001534
15	260	0.001632
15	270	0.001715
15	280	0.001721
15	290	0.001729
15	300	0.002902
15	310	0.001933
15	320	0.001945
15	330	0.001972
15	340	0.001718
15	350	0.001948
20	0	0.001713
20	10	0.001652
20	20	0.001848
20	30	0.001649
20	40	0.001621
20	50	0.001835
20	60	0.001476
20	70	0.004792
20	80	0.001669
20	90	0.001991
20	100	0.001699
20	180	0.001736
20	190	0.001883
20	200	0.529192
20	210	0.001590
20	220	0.001902
20	230	0.001862
20	240	0.090502
20	250	0.001917
20	260	0.001666
20	270	0.001688
20	280	0.001408
20	290	0.002367
20	300	0.003427
20	310	0.001977
20	320	0.011016
20	330	0.000673
20	340	0.002370
20	350	0.002001
25	0	0.002022
25	10	0.001843
25	20	0.001906
25	30	0.210075
25	40	0.001931
25	50	0.001506
25	60	0.002858
25	70	0.003704
25	80	0.002359
25	90	0.002651
25	100	0.001864
25	180	0.001713
25	190	0.001412
25	200	0.001461
25	210	0.001262
25	220	0.002682
25	230	0.001148
25	240	0.001215
25	250	0.008625
25	260	0.001433
25	270	0.001358
25	280	0.001674
25	290	0.001881
25	300	0.002394
25	310	0.005074
25	320	0.002777
25	330	0.039230
25	340	0.002598
25	350	0.002152
30	0	0.002259
30	10	0.001844
30	20	0.001765
30	30	0.001917
30	40	0.001667
30	50	0.001863
30	60	0.001665
30	70	0.001620
30	80	0.001572
30	90	0.001644
30	100	0.001721
30	180	0.002976
30	190	0.006177
30	200	0.001416
30	210	0.001661
30	220	0.001305
30	230	0.004839
30	240	0.001395
30	250	0.076038
30	260	0.001568
30	270	0.001875
30	280	0.002329
30	290	0.006707
30	300	0.002285
30	310	0.004314
30	320	0.005738
30	330	0.002969
30	340	0.002641
30	350	0.002270
35	0	0.002490
35	10	0.003286
35	20	0.016863
35	30	0.001870
35	40	0.001734
35	50	0.001595
35	60	0.001713
35	70	0.002235
35	80	0.001632
35	90	0.002128
35	100	0.004455
35	180	0.001872
35	190	0.001708
35	200	0.001422
35	210	0.382040
35	220	0.002118
35	230	0.001594
35	240	0.001516
35	250	0.001555
35	260	0.001515
35	270	0.001949
35	280	0.028676
35	290	0.002202
35	300	0.002342
35	310	0.002458
35	320	0.004024
35	330	0.002598
35	340	0.003391
35	350	0.002847
40	0	0.002479
40	10	0.036635
40	20	0.001849
40	30	0.002172
40	40	0.001950
40	50	0.001603
40	60	0.005716
40	70	0.001922
40	80	0.001583
40	90	0.001658
40	100	0.001713
40	180	0.001487
40	190	0.001896
40	200	0.001672
40	210	0.001502
40	220	0.001682
40	230	0.001351
40	240	0.033544
40	250	0.001558
40	260	0.001778
40	270	0.019320
40	280	0.002504
40	290	0.001936
40	300	0.002126
40	310	0.002126
40	320	0.002130
40	330	0.002745
40	340	0.002238
40	350	0.002296
45	0	0.005292
45	10	0.002020
45	20	0.001708
45	30	0.001890
45	40	0.001940
45	50	0.001948
45	60	0.002036
45	70	0.001690
45	80	0.001678
45	90	0.002126
45	100	0.001723
45	110	0.001930
45	120	0.001979
45	130	0.001988
45	140	0.002148
45	150	0.001966
45	160	0.330608
45	170	0.002139
45	180	0.001773
45	190	0.003091
45	200	0.001996
45	210	0.001767
45	220	0.002384
45	230	0.001565
45	240	0.001799
45	250	0.001405
45	260	0.001268
45	270	0.001625
45	280	0.001507
45	290	0.001756
45	300	0.001888
45	310	0.002475
45	320	0.002337
45	330	0.002492
45	340	0.001909
45	350	0.002483
50	0	0.001910
50	10	0.001752
50	20	0.002006
50	30	0.002023
50	40	0.001785
50	50	0.001876
50	60	0.002117
50	70	0.002047
50	80	0.002130
50	90	0.002848
50	100	0.023884
50	110	0.001880
50	120	0.006727
50	130	0.014233
50	140	0.002229
50	150	0.003060
50	160	0.001983
50	170	0.001894
50	180	0.001880
50	190	0.001652
50	200	0.001788
50	210	0.002385
50	220	0.001727
50	230	0.001533
50	240	0.001746
50	250	0.002890
50	260	0.001588
50	270	0.001360
50	280	0.001410
50	290	0.001696
50	300	0.001981
50	310	0.001954
50	320	0.002183
50	330	0.002084
50	340	0.002452
50	350	0.002152
55	0	0.002126
55	10	0.001916
55	20	0.001854
55	30	0.004352
55	40	0.001915
55	50	0.001821
55	60	0.002411
55	70	0.001892
55	80	0.001851
55	90	0.001847
55	100	0.001929
55	110	0.003572
55	120	0.001879
55	130	0.002068
55	140	0.002346
55	150	0.002298
55	160	0.001970
55	170	0.001949
55	180	0.001641
55	190	0.001829
55	200	0.011375
55	210	0.002078
55	220	0.001530
55	230	0.072764
55	240	0.001447
55	250	0.001447
55	260	0.002194
55	270	0.038873
55	280	0.001963
55	290	0.001702
55	300	0.001979
55	310	0.001950
55	320	0.001994
55	330	0.046409
55	340	0.001994
55	350	0.007285
60	0	0.002380
60	10	0.001940
60	20	0.006415
60	30	0.002376
60	40	0.002490
60	50	0.002232
60	60	0.002032
60	70	0.002072
60	80	0.001939
60	90	0.001915
60	100	0.002010
60	110	0.002055
60	120	0.002230
60	130	0.005750
60	140	0.005602
60	150	0.002905
60	160	0.002285
60	170	0.002030
60	180	0.002061
60	190	0.002258
60	200	0.001729
60	210	0.001914
60	220	0.001882
60	230	0.002124
60	240	0.001780
60	250	0.002450
60	260	0.001710
60	270	0.001914
60	280	0.001844
60	290	0.001679
60	300	0.001812
60	310	0.003117
60	320	0.002422
60	330	0.002181
60	340	0.002017
60	350	0.002481
65	0	0.019475
65	10	0.006475
65	20	0.002210
65	30	0.002134
65	40	0.002731
65	50	0.003081
65	60	0.002142
65	70	0.002073
65	80	0.002099
65	90	0.002398
65	100	0.002253
65	110	0.002230
65	120	0.002570
65	130	0.002211
65	140	0.002163
65	150	0.002228
65	160	0.002298
65	170	0.002157
65	180	0.002174
65	190	0.001941
65	200	0.002684
65	210	0.002445
65	220	0.002498
65	230	0.001858
65	240	0.002242
65	250	0.002543
65	260	0.002347
65	270	0.002008
65	280	0.002099
65	290	0.002362
65	300	0.002061
65	310	0.002169
65	320	0.002646
65	330	0.002181
65	340	0.002542
65	350	2.360360
70	0	0.002938
70	10	0.006102
70	20	0.002744
70	30	0.002485
70	40	0.002721
70	50	0.003572
70	60	0.002745
70	70	0.002586
70	80	0.002888
70	90	0.002440
70	100	0.003044
70	110	0.002515
70	120	0.002574
70	130	0.002564
70	140	0.003761
70	150	0.003013
70	160	0.002523
70	170	0.009211
70	180	0.002770
70	190	0.002929
70	200	0.003077
70	210	0.002649
70	220	0.003926
70	230	0.005050
70	240	0.003011
70	250	0.002603
70	260	0.002649
70	270	0.003003
70	280	0.003170
70	290	0.002873
70	300	0.002929
70	310	0.002668
70	320	0.002748
70	330	0.002566
70	340	0.017801
70	350	0.002990
75	0	0.003808
75	10	0.003784
75	20	0.006212
75	30	0.003661
75	40	0.003599
75	50	0.003267
75	60	0.002935
75	70	0.003452
75	80	0.003095
75	90	0.003452
75	100	0.003475
75	110	0.003944
75	120	0.030625
75	130	0.003561
75	140	0.003120
75	150	0.003495
75	160	0.003529
75	170	0.003259
75	180	0.003624
75	190	0.003649
75	200	0.002923
75	210	0.003962
75	220	0.003304
75	230	0.003599
75	240	0.004297
75	250	0.025663
75	260	0.003501
75	270	0.003415
75	280	0.003501
75	290	0.002923
75	300	0.002972
75	310	0.003489
75	320	0.004245
75	330	0.003599
75	340	0.006514
75	350	0.003292
80	0	0.004980
80	10	0.005255
80	20	0.012807
80	30	0.004338
80	40	0.004833
80	50	0.005181
80	60	0.004888
80	70	0.004375
80	80	0.004485
80	90	0.004742
80	100	0.004577
80	110	0.005062
80	120	0.005119
80	130	0.005038
80	140	0.004906
80	150	0.004998
80	160	0.004800
80	170	0.005104
80	180	0.005401
80	190	0.005090
80	200	0.004247
80	210	0.004796
80	220	0.004723
80	230	0.004338
80	240	0.005365
80	250	0.005346
80	260	0.005346
80	270	0.005035
80	280	0.005273
80	290	0.004412
80	300	0.004467
80	310	0.005401
80	320	0.006847
80	330	0.004448
80	340	0.005200
80	350	0.005805
30	-50
0	0	0.001949
5	0	0.002622
5	10	0.002355
5	20	0.001960
5	30	0.001655
5	40	0.006497
5	50	0.040388
5	60	0.013498
5	70	0.001941
5	80	0.001682
5	90	0.001643
5	100	0.009690
5	110	0.049226
5	120	0.014759
5	130	0.002224
5	140	0.001724
5	150	0.001623
5	160	0.001552
5	170	0.001616
5	180	0.001630
5	190	0.001655
5	200	0.001641
5	210	0.001708
5	220	0.001780
5	230	0.001684
5	240	0.001568
5	250	0.001678
5	260	0.001592
5	270	0.001561
5	280	0.001560
5	290	0.001589
5	300	0.001502
5	310	0.001610
5	320	0.001841
5	330	0.002032
5	340	0.002403
5	350	0.002610
10	0	0.003042
10	10	0.001920
10	20	0.001923
10	30	0.001971
10	40	0.001422
10	50	0.001748
10	60	0.001923
10	70	0.028430
10	80	0.001742
10	90	0.001965
10	100	0.055582
10	110	0.001933
10	120	0.001443
10	130	0.001473
10	140	0.001512
10	150	0.001515
10	160	0.001614
10	170	0.001730
10	180	0.002194
10	190	0.001823
10	200	0.001657
10	210	0.001803
10	220	0.005375
10	230	0.001642
10	240	0.002109
10	250	0.003888
10	260	0.084639
10	270	0.003251
10	280	0.002339
10	290	0.002324
10	300	0.001690
10	310	0.001823
10	320	0.037412
10	330	0.002278
10	340	0.002102
10	350	0.003431
15	0	0.001690
15	10	0.001697
15	20	0.001690
15	30	0.001759
15	40	0.001634
15	50	0.001690
15	60	0.001720
15	70	0.001564
15	80	0.001970
15	90	0.001924
15	100	0.001964
15	110	0.002096
15	120	0.001728
15	130	0.002308
15	140	0.712615
15	150	0.002563
15	160	0.001568
15	170	0.001656
15	180	0.001539
15	190	0.001707
15	200	0.001781
15	210	0.001688
15	220	0.009247
15	230	0.001571
15	240	0.001571
15	250	0.001685
15	260	0.003730
15	270	0.001831
15	280	0.002425
15	290	0.001680
15	300	0.002026
15	310	0.002147
15	320	0.001887
15	330	0.002045
15	340	0.001830
15	350	0.001691
20	0	0.001666
20	10	0.002378
20	20	0.004125
20	30	0.005968
20	40	0.001748
20	50	0.001653
20	60	0.002201
20	70	0.003191
20	80	0.010243
20	90	0.004478
20	170	0.001679
20	180	0.001928
20	190	0.001499
20	200	0.001621
20	210	0.034323
20	220	0.001666
20	230	0.006441
20	240	0.001586
20	250	0.001717
20	260	0.001868
20	270	0.001422
20	280	0.002154
20	290	0.002181
20	300	0.001924
20	310	0.004293
20	320	0.000965
20	330	0.003672
20	340	0.011005
20	350	0.001734
25	0	0.001840
25	10	0.002314
25	20	0.039048
25	30	0.001728
25	40	0.001534
25	50	0.001773
25	60	0.001759
25	70	0.001893
25	80	0.012197
25	90	0.002943
25	170	0.001456
25	180	0.001882
25	190	0.001362
25	200	0.001858
25	210	0.001297
25	220	0.001475
25	230	0.001777
25	240	0.443867
25	250	0.001452
25	260	0.001360
25	270	0.001650
25	280	0.001858
25	290	0.002293
25	300	0.020788
25	310	0.002881
25	320	0.004123
25	330	0.002753
25	340	0.002353
25	350	0.001998
30	0	0.002025
30	10	0.002115
30	20	0.003785
30	30	0.001657
30	40	0.001662
30	50	0.001868
30	60	0.001566
30	70	0.001856
30	80	0.002049
30	90	0.003685
30	170	0.001549
30	180	0.001537
30	190	0.001671
30	200	0.054592
30	210	0.001389
30	220	0.001597
30	230	0.001371
30	240	0.001551
30	250	0.001407
30	260	0.001800
30	270	0.001930
30	280	0.001995
30	290	0.002616
30	300	0.003888
30	310	0.006654
30	320	0.002459
30	330	0.003197
30	340	0.006869
30	350	0.002212
35	0	0.002113
35	10	0.001814
35	20	0.001742
35	30	0.002667
35	40	0.001600
35	50	0.001640
35	60	0.002710
35	70	0.001571
35	80	0.001604
35	90	0.001721
35	170	0.003271
35	180	0.003559
35	190	0.002316
35	200	0.002067
35	210	0.001625
35	220	0.001452
35	230	0.002246
35	240	0.001543
35	250	0.014129
35	260	0.001604
35	270	0.001586
35	280	0.002580
35	290	0.002494
35	300	0.002549
35	310	0.003458
35	320	0.002661
35	330	0.003652
35	340	0.002529
35	350	0.002906
40	0	0.002642
40	10	0.001958
40	20	0.001629
40	30	0.001772
40	40	0.016916
40	50	0.020485
40	60	0.001744
40	70	0.001613
40	80	0.001650
40	90	0.001997
40	170	0.003515
40	180	0.030050
40	190	0.001685
40	200	0.001483
40	210	0.003818
40	220	0.001321
40	230	0.001869
40	240	0.001450
40	250	0.002472
40	260	0.001987
40	270	0.001652
40	280	0.002763
40	290	0.002135
40	300	0.002555
40	310	0.002073
40	320	0.002489
40	330	0.002526
40	340	0.002397
40	350	0.002264
45	0	0.001776
45	10	0.001781
45	20	0.004258
45	30	0.001688
45	40	0.002138
45	50	0.002389
45	60	0.001664
45	70	0.007886
45	80	0.002321
45	90	0.002949
45	100	0.002030
45	110	0.002241
45	120	0.009732
45	130	0.003182
45	140	0.020739
45	150	0.002300
45	160	0.001694
45	170	0.001720
45	180	0.004641
45	190	0.001566
45	200	0.001770
45	210	0.001634
45	220	0.001670
45	230	0.001582
45	240	0.001291
45	250	0.001408
45	260	0.003052
45	270	0.001856
45	280	0.003983
45	290	0.001697
45	300	0.002067
45	310	0.003340
45	320	0.002615
45	330	0.002102
45	340	0.002286
45	350	0.001860
50	0	0.001723
50	10	0.086682
50	20	0.001747
50	30	0.002013
50	40	0.078728
50	50	0.007501
50	60	0.002059
50	70	0.001938
50	80	0.001829
50	90	0.014001
50	100	0.001812
50	110	0.001939
50	120	0.003721
50	130	0.002059
50	140	0.002507
50	150	0.002113
50	160	0.038951
50	170	0.001938
50	180	0.001976
50	190	0.002560
50	200	0.002144
50	210	0.001782
50	220	0.002748
50	230	0.001733
50	240	0.001772
50	250	0.001658
50	260	0.001371
50	270	0.001401
50	280	0.001722
50	290	0.001687
50	300	0.001941
50	310	0.002147
50	320	0.002060
50	330	0.004320
50	340	0.001956
50	350	0.003428
55	0	0.004420
55	10	0.002377
55	20	0.001895
55	30	0.001794
55	40	0.002350
55	50	0.001979
55	60	0.001882
55	70	0.001858
55	80	0.001876
55	90	0.002036
55	100	0.002047
55	110	0.021182
55	120	0.002136
55	130	0.017373
55	140	0.047240
55	150	0.002665
55	160	0.001906
55	170	0.001631
55	180	0.013302
55	190	0.001914
55	200	0.001762
55	210	0.001575
55	220	0.001703
55	230	0.001448
55	240	0.007597
55	250	0.001509
55	260	0.001736
55	270	0.001825
55	280	0.002408
55	290	0.001936
55	300	0.023190
55	310	0.002023
55	320	0.002074
55	330	0.002027
55	340	0.002085
55	350	0.001965
60	0	0.002221
60	10	0.008244
60	20	0.003129
60	30	0.001989
60	40	0.001980
60	50	0.002131
60	60	0.007902
60	70	0.001969
60	80	0.043116
60	90	0.004764
60	100	0.002229
60	110	0.001982
60	120	0.002100
60	130	0.003802
60	140	0.002404
60	150	0.002100
60	160	0.001961
60	170	0.002056
60	180	0.002177
60	190	0.001718
60	200	0.001903
60	210	0.002281
60	220	0.002075
60	230	0.002075
60	240	0.001737
60	250	0.001655
60	260	0.001954
60	270	0.001718
60	280	0.001712
60	290	0.003119
60	300	0.002241
60	310	0.002132
60	320	0.006092
60	330	0.002044
60	340	0.001994
60	350	0.002395
65	0	0.002232
65	10	0.002406
65	20	2.683681
65	30	0.002168
65	40	0.002535
65	50	0.002229
65	60	0.002116
65	70	0.002839
65	80	0.002268
65	90	0.002169
65	100	0.002263
65	110	0.002290
65	120	0.002302
65	130	0.002209
65	140	0.002728
65	150	0.002246
65	160	0.002163
65	170	0.002611
65	180	0.018889
65	190	0.002888
65	200	0.002334
65	210	0.002635
65	220	0.001920
65	230	0.126911
65	240	0.002229
65	250	0.002439
65	260	0.001950
65	270	0.002161
65	280	0.002944
65	290	0.002085
65	300	0.002084
65	310	0.002508
65	320	0.002261
65	330	0.003322
65	340	0.002466
65	350	0.002260
70	0	0.002530
70	10	0.002578
70	20	0.003020
70	30	0.002666
70	40	0.002409
70	50	0.002758
70	60	0.002586
70	70	0.002839
70	80	0.002391
70	90	0.008950
70	100	0.002562
70	110	0.002841
70	120	0.002504
70	130	0.003209
70	140	0.003975
70	150	0.002530
70	160	0.002937
70	170	0.002926
70	180	0.003042
70	190	0.003397
70	200	0.002726
70	210	0.003145
70	220	0.002856
70	230	0.002670
70	240	0.002568
70	250	0.003404
70	260	0.003033
70	270	0.003210
70	280	0.002940
70	290	0.020325
70	300	0.015420
70	310	0.002941
70	320	0.002633
70	330	0.002456
70	340	0.002847
70	350	0.003231
75	0	0.003651
75	10	0.003848
75	20	0.003787
75	30	0.005502
75	40	0.003245
75	50	0.002999
75	60	0.003614
75	70	0.003098
75	80	0.003516
75	90	0.003532
75	100	0.003328
75	110	0.003121
75	120	0.003600
75	130	0.003104
75	140	0.003472
75	150	0.003532
75	160	0.003909
75	170	0.003639
75	180	0.003602
75	190	0.002999
75	200	0.007956
75	210	0.003295
75	220	0.003799
75	230	0.003479
75	240	0.003565
75	250	0.003590
75	260	0.003479
75	270	0.003651
75	280	0.003012
75	290	0.003049
75	300	0.003430
75	310	0.010209
75	320	0.003676
75	330	0.003602
75	340	0.003650
75	350	0.003762
80	0	0.005314
80	10	0.004874
80	20	0.004452
80	30	0.421312
80	40	0.005167
80	50	0.004947
80	60	0.006362
80	70	0.004599
80	80	0.004764
80	90	0.004639
80	100	0.005017
80	110	0.005193
80	120	0.004810
80	130	0.005011
80	140	0.005057
80	150	0.004797
80	160	0.005206
80	170	0.005369
80	180	0.005332
80	190	0.004342
80	200	0.005699
80	210	0.004801
80	220	0.004434
80	230	0.005369
80	240	0.005332
80	250	0.005351
80	260	0.004911
80	270	0.005497
80	280	0.004416
80	290	0.004251
80	300	0.004966
80	310	0.017724
80	320	0.004672
80	330	0.005039
80	340	0.005571
80	350	0.004599
30	-60
0	0	0.002223
5	0	0.001752
5	10	0.005365
5	20	0.004711
5	30	0.001571
5	40	0.001462
5	50	0.001501
5	60	0.001530
5	70	0.001492
5	80	0.001584
5	90	0.002473
5	100	0.002215
5	110	0.001650
5	120	0.001669
5	130	0.001620
5	140	0.001592
5	150	0.001550
5	160	0.002179
5	170	0.003191
5	180	0.001695
5	190	0.001592
5	200	0.001703
5	210	0.001852
5	220	0.001778
5	230	0.001668
5	240	0.001648
5	250	0.001926
5	260	0.002403
5	270	0.001970
5	280	0.002129
5	290	0.002704
5	300	0.007763
5	310	0.595099
5	320	0.630288
5	330	0.013984
5	340	0.003206
5	350	0.002096
10	0	0.001543
10	10	0.001950
10	20	0.001808
10	30	0.002377
10	40	0.001607
10	50	0.001798
10	60	0.001549
10	70	0.001510
10	80	0.001533
10	90	0.002378
10	100	0.001588
10	110	0.001413
10	120	0.001563
10	130	0.003366
10	140	0.001661
10	150	0.001583
10	160	0.001466
10	170	0.001555
10	180	0.001504
10	190	0.001558
10	200	0.001727
10	210	0.001818
10	220	0.001779
10	230	0.002450
10	240	0.003938
10	250	0.001589
10	260	0.002033
10	270	0.001772
10	280	0.001834
10	290	0.006032
10	300	0.009529
10	310	0.001714
10	320	0.001798
10	330	0.004375
10	340	0.007321
10	350	0.001679
15	0	0.002769
15	10	0.001939
15	20	0.569875
15	30	0.004163
15	40	0.001761
15	50	0.023899
15	60	0.001559
15	70	0.002700
15	80	0.002565
15	90	0.002667
15	100	0.001568
15	110	0.001912
15	120	0.001597
15	130	0.003601
15	140	0.001636
15	150	0.001796
15	160	0.002016
15	170	0.001520
15	180	0.001708
15	190	0.002158
15	200	0.001587
15	210	0.001498
15	220	0.001701
15	230	0.001780
15	240	0.003733
15	250	0.115234
15	260	0.002283
15	270	0.002351
15	280	0.002387
15	290	0.021490
15	300	0.002058
15	310	0.001809
15	320	0.001875
15	330	0.002003
15	340	0.017672
15	350	0.001935
20	0	0.010404
20	10	0.001637
20	20	0.001891
20	30	0.001620
20	40	0.001600
20	50	0.002453
20	60	0.002047
20	70	0.001813
20	80	0.001756
20	160	0.002117
20	170	0.001543
20	180	0.001507
20	190	0.001595
20	200	0.001484
20	210	0.001847
20	220	0.005274
20	230	0.001594
20	240	0.001634
20	250	0.013898
20	260	0.001475
20	270	0.002508
20	280	0.014262
20	290	0.002057
20	300	0.001468
20	310	0.012274
20	320	0.002196
20	330	0.002077
20	340	0.001851
20	350	0.005682
25	0	0.038926
25	10	0.015219
25	20	0.002597
25	30	0.001438
25	40	0.013368
25	50	0.001943
25	60	0.001428
25	70	0.001525
25	80	0.001810
25	160	0.001417
25	170	0.001376
25	180	0.001560
25	190	0.001473
25	200	0.001469
25	210	0.001549
25	220	0.001568
25	230	0.039952
25	240	0.001518
25	250	0.001978
25	260	0.001859
25	270	0.005234
25	280	0.235400
25	290	0.005354
25	300	0.007326
25	310	0.003615
25	320	0.002849
25	330	0.002670
25	340	0.002354
25	350	0.030673
30	0	0.034535
30	10	0.004742
30	20	0.001626
30	30	0.002814
30	40	0.001587
30	50	0.001530
30	60	0.061030
30	70	0.001815
30	80	0.001750
30	160	0.001740
30	170	0.001537
30	180	0.001554
30	190	0.001810
30	200	0.001430
30	210	0.001553
30	220	0.010476
30	230	0.001709
30	240	0.002096
30	250	0.001673
30	260	0.002545
30	270	0.007955
30	280	0.006771
30	290	0.002409
30	300	0.020384
30	310	0.002456
30	320	0.002530
30	330	0.005823
30	340	0.002453
30	350	0.045111
35	0	0.002989
35	10	0.004103
35	20	0.001647
35	30	0.001687
35	40	0.002659
35	50	0.001997
35	60	0.001592
35	70	0.001653
35	80	0.001664
35	160	0.004015
35	170	0.001437
35	180	0.001375
35	190	0.001403
35	200	0.001608
35	210	0.001388
35	220	0.001548
35	230	0.001552
35	240	0.023126
35	250	0.001473
35	260	0.002947
35	270	0.002488
35	280	0.002441
35	290	0.002162
35	300	0.002816
35	310	0.002900
35	320	0.002620
35	330	0.002418
35	340	0.001983
35	350	0.002368
40	0	0.001681
40	10	0.002009
40	20	0.001828
40	30	0.001606
40	40	0.001746
40	50	0.002299
40	60	0.001577
40	70	0.002533
40	80	0.003723
40	160	0.010448
40	170	0.015197
40	180	0.002382
40	190	0.001644
40	200	0.002897
40	210	0.001982
40	220	0.001751
40	230	0.001388
40	240	0.001567
40	250	0.001541
40	260	0.001749
40	270	0.001723
40	280	0.001968
40	290	0.002415
40	300	0.002189
40	310	0.003080
40	320	0.012916
40	330	0.002594
40	340	0.003201
40	350	0.001926
45	0	0.001648
45	10	0.001631
45	20	0.001884
45	30	0.027434
45	40	0.001990
45	50	0.001675
45	60	0.008406
45	70	0.002728
45	80	0.001731
45	90	0.004503
45	100	0.001861
45	110	0.002140
45	120	0.002160
45	130	0.002167
45	140	0.001811
45	150	0.002003
45	160	0.001776
45	170	0.004048
45	180	0.001483
45	190	0.001597
45	200	0.001789
45	210	0.001809
45	220	0.001401
45	230	0.001597
45	240	0.001293
45	250	0.001653
45	260	0.001520
45	270	0.001459
45	280	0.001647
45	290	0.004634
45	300	0.002347
45	310	0.002477
45	320	0.002126
45	330	0.002072
45	340	0.002657
45	350	0.001739
50	0	0.086164
50	10	0.002358
50	20	0.001887
50	30	0.001741
50	40	0.002423
50	50	0.001897
50	60	0.002014
50	70	0.002822
50	80	0.001796
50	90	0.001829
50	100	0.001911
50	110	0.032900
50	120	0.002205
50	130	0.002038
50	140	0.011767
50	150	0.001803
50	160	0.001732
50	170	0.001655
50	180	0.001736
50	190	0.001646
50	200	0.001774
50	210	0.001833
50	220	0.001660
50	230	0.002190
50	240	0.006102
50	250	0.001378
50	260	0.008232
50	270	0.002069
50	280	0.001716
50	290	0.001878
50	300	0.002085
50	310	0.004345
50	320	0.002702
50	330	0.002031
50	340	0.002425
50	350	0.003306
55	0	0.001791
55	10	0.001836
55	20	0.023451
55	30	0.002147
55	40	0.001965
55	50	0.003055
55	60	0.001888
55	70	0.002133
55	80	0.002094
55	90	0.002166
55	100	0.002394
55	110	0.002011
55	120	0.001975
55	130	0.002113
55	140	0.002085
55	150	0.001898
55	160	0.002189
55	170	0.004930
55	180	0.002500
55	190	0.002019
55	200	0.001589
55	210	0.008887
55	220	0.001544
55	230	0.001445
55	240	0.001483
55	250	0.003664
55	260	0.001811
55	270	0.001672
55	280	0.001905
55	290	0.001971
55	300	0.001956
55	310	0.002349
55	320	0.001959
55	330	0.002135
55	340	0.007444
55	350	0.001897
60	0	0.002013
60	10	0.002145
60	20	0.002131
60	30	0.003228
60	40	0.001926
60	50	0.002429
60	60	0.002006
60	70	0.001993
60	80	0.001973
60	90	0.002028
60	100	0.001975
60	110	0.002368
60	120	0.002123
60	130	0.002521
60	140	0.002064
60	150	0.001931
60	160	0.003828
60	170	0.002045
60	180	0.001644
60	190	0.001905
60	200	0.002636
60	210	0.002077
60	220	0.003911
60	230	0.003637
60	240	0.002816
60	250	0.001912
60	260	0.001676
60	270	0.001613
60	280	0.011054
60	290	0.001928
60	300	0.003369
60	310	0.002232
60	320	0.002060
60	330	0.189160
60	340	0.002035
60	350	0.001854
65	0	0.002189
65	10	0.002171
65	20	0.002114
65	30	0.008961
65	40	0.002202
65	50	0.002089
65	60	0.144602
65	70	0.002215
65	80	0.002241
65	90	0.002270
65	100	0.005477
65	110	0.002175
65	120	0.002357
65	130	0.002565
65	140	0.002176
65	150	0.002965
65	160	0.002141
65	170	0.001945
65	180	0.002149
65	190	0.002315
65	200	0.002292
65	210	0.001961
65	220	0.002217
65	230	0.002186
65	240	0.002971
65	250	0.001825
65	260	0.002126
65	270	0.002277
65	280	0.002028
65	290	0.002093
65	300	0.002401
65	310	0.012701
65	320	0.002567
65	330	0.002853
65	340	0.002089
65	350	0.002217
70	0	0.002899
70	10	0.002518
70	20	0.002542
70	30	0.002479
70	40	0.002858
70	50	0.002901
70	60	0.002809
70	70	0.002302
70	80	0.002481
70	90	0.002529
70	100	0.002595
70	110	0.002494
70	120	0.002494
70	130	0.002664
70	140	0.002513
70	150	0.003149
70	160	0.002758
70	170	0.002934
70	180	0.003065
70	190	0.002627
70	200	0.006415
70	210	0.005587
70	220	0.002571
70	230	0.002525
70	240	0.002534
70	250	0.002972
70	260	0.003279
70	270	0.003281
70	280	0.002879
70	290	0.002655
70	300	0.002694
70	310	0.002553
70	320	0.003599
70	330	0.002618
70	340	0.002739
70	350	0.002581
75	0	0.003804
75	10	0.018353
75	20	0.003644
75	30	0.003177
75	40	0.003029
75	50	0.003312
75	60	0.003029
75	70	0.003398
75	80	0.003463
75	90	0.003200
75	100	0.003097
75	110	0.003552
75	120	0.003232
75	130	0.003477
75	140	0.003552
75	150	0.003148
75	160	0.003595
75	170	0.003865
75	180	0.003300
75	190	0.003287
75	200	0.003251
75	210	0.003632
75	220	0.003460
75	230	0.004030
75	240	0.003730
75	250	0.003779
75	260	0.003644
75	270	0.003066
75	280	0.003324
75	290	0.003460
75	300	0.003342
75	310	0.004414
75	320	0.048423
75	330	0.003140
75	340	0.004210
75	350	0.003669
80	0	0.004826
80	10	0.004442
80	20	0.004332
80	30	0.005083
80	40	0.005376
80	50	0.004222
80	60	0.004423
80	70	0.004680
80	80	0.004597
80	90	0.005158
80	100	0.005171
80	110	0.004726
80	120	0.004891
80	130	0.004973
80	140	0.004803
80	150	0.005129
80	160	0.005321
80	170	0.005395
80	180	0.004643
80	190	0.004753
80	200	0.004698
80	210	0.004350
80	220	0.005340
80	230	0.079066
80	240	0.005175
80	250	0.005138
80	260	0.005340
80	270	0.004423
80	280	0.004460
80	290	0.004900
80	300	0.005171
80	310	0.004771
80	320	0.008922
80	330	0.005468
80	340	0.004588
80	350	0.005083
30	-70
0	0	0.007901
5	0	0.002737
5	10	0.001515
5	20	0.001481
5	30	0.001950
5	40	0.005265
5	50	0.001766
5	60	0.001478
5	70	0.001532
5	80	0.002050
5	90	0.003672
5	100	0.001937
5	110	0.001481
5	120	0.001393
5	130	0.001431
5	140	0.001457
5	150	0.001514
5	160	0.001487
5	170	0.001662
5	180	0.015749
5	190	0.054814
5	200	0.010750
5	210	0.001662
5	220	0.001668
5	230	0.001903
5	240	0.002446
5	250	0.003987
5	260	0.026768
5	270	0.088189
5	280	0.010126
5	290	0.002720
5	300	0.001915
5	310	0.001620
5	320	0.001545
5	330	0.001611
5	340	0.014206
5	350	0.021310
10	0	0.001755
10	10	0.002728
10	20	0.490455
10	30	0.004344
10	40	0.001901
10	50	0.001454
10	60	0.035270
10	70	0.001413
10	80	0.001356
10	90	0.002011
10	100	0.001308
10	110	0.001815
10	120	0.039572
10	130	0.001557
10	140	0.001427
10	150	0.001679
10	160	0.002918
10	170	0.001422
10	180	0.017476
10	190	0.004535
10	200	0.001730
10	210	0.002154
10	220	0.001858
10	230	0.001565
10	240	0.001475
10	250	0.001538
10	260	0.001687
10	270	0.004383
10	280	0.001613
10	290	0.001724
10	300	0.001610
10	310	0.001758
10	320	0.002519
10	330	0.006118
10	340	0.002196
10	350	0.004251
15	0	0.001671
15	10	0.001826
15	20	0.001585
15	30	0.001608
15	40	0.001434
15	50	0.002148
15	60	0.002149
15	70	0.018329
15	80	0.001849
15	90	0.030186
15	100	0.002132
15	110	0.103755
15	120	0.001643
15	130	0.001889
15	140	0.003391
15	150	0.001406
15	160	0.001408
15	170	0.001401
15	180	0.012430
15	190	0.001425
15	200	0.001711
15	210	0.002096
15	220	0.001611
15	230	0.003940
15	240	0.001714
15	250	0.001746
15	260	0.001777
15	270	0.004274
15	280	0.001760
15	290	0.001775
15	300	0.001845
15	310	0.040777
15	320	0.001663
15	330	0.001946
15	340	0.002696
15	350	0.002446
20	0	0.001968
20	10	0.399559
20	20	0.001853
20	30	0.001321
20	40	0.017757
20	50	0.001853
20	60	0.002107
20	70	0.001664
20	150	0.001547
20	160	0.002261
20	170	0.005866
20	180	0.019541
20	190	0.001476
20	200	0.001419
20	210	0.001361
20	220	0.001498
20	230	0.001589
20	240	0.002861
20	250	0.001359
20	260	0.001802
20	270	0.002073
20	280	0.001945
20	290	0.001428
20	300	0.002090
20	310	0.001965
20	320	0.001907
20	330	0.001657
20	340	0.058992
20	350	0.002382
25	0	0.001865
25	10	0.004535
25	20	0.001317
25	30	0.002132
25	40	0.001946
25	50	0.018411
25	60	0.001377
25	70	0.001802
25	150	0.001372
25	160	0.001424
25	170	0.001925
25	180	0.002487
25	190	0.001277
25	200	0.001041
25	210	0.001470
25	220	0.001851
25	230	0.001395
25	240	0.001415
25	250	0.001507
25	260	0.001749
25	270	0.002382
25	280	0.003203
25	290	0.014325
25	300	0.004275
25	310	0.002462
25	320	0.102450
25	330	0.002013
25	340	0.001823
25	350	0.001679
30	0	0.001878
30	10	0.002889
30	20	0.001450
30	30	0.003802
30	40	0.001449
30	50	0.002088
30	60	0.001506
30	70	0.001605
30	150	0.066145
30	160	0.001659
30	170	0.001816
30	180	0.001516
30	190	0.001359
30	200	0.001311
30	210	0.001676
30	220	0.001410
30	230	0.001310
30	240	0.002004
30	250	0.004146
30	260	0.001709
30	270	0.002047
30	280	0.002077
30	290	0.022085
30	300	0.003286
30	310	0.082803
30	320	0.002015
30	330	0.001845
30	340	0.001680
30	350	0.002138
35	0	0.001498
35	10	0.001596
35	20	0.001811
35	30	0.001769
35	40	0.001487
35	50	0.001918
35	60	0.001846
35	70	0.001663
35	150	0.003292
35	160	0.001624
35	170	0.001819
35	180	0.001300
35	190	0.001465
35	200	0.001410
35	210	0.001473
35	220	0.009731
35	230	0.101767
35	240	0.001392
35	250	0.041800
35	260	0.001923
35	270	0.001866
35	280	0.002153
35	290	0.002561
35	300	0.002211
35	310	0.002550
35	320	0.002223
35	330	0.440449
35	340	0.001689
35	350	0.001683
40	0	0.001567
40	10	0.001495
40	20	0.056529
40	30	0.001430
40	40	0.002560
40	50	0.001505
40	60	0.001851
40	70	0.002625
40	150	0.001483
40	160	0.001525
40	170	0.001542
40	180	0.001199
40	190	0.001324
40	200	0.001177
40	210	0.001242
40	220	0.001347
40	230	0.001337
40	240	0.001368
40	250	0.002859
40	260	0.011747
40	270	0.003615
40	280	0.001962
40	290	0.002061
40	300	0.094678
40	310	0.002248
40	320	0.002668
40	330	0.002211
40	340	0.006832
40	350	0.001651
45	0	0.001901
45	10	0.036158
45	20	0.001702
45	30	0.001498
45	40	0.001611
45	50	0.001554
45	60	0.003060
45	70	0.001595
45	80	0.001544
45	90	0.001779
45	100	0.001639
45	110	0.001765
45	120	0.004426
45	130	0.001585
45	140	0.001779
45	150	0.023904
45	160	0.001754
45	170	0.002638
45	180	0.009508
45	190	0.002350
45	200	0.001594
45	210	0.004912
45	220	0.011403
45	230	0.002935
45	240	0.018020
45	250	0.001332
45	260	0.001415
45	270	0.013703
45	280	0.001757
45	290	0.001990
45	300	0.001851
45	310	0.001968
45	320	0.002152
45	330	0.001878
45	340	0.002116
45	350	0.032839
50	0	0.001585
50	10	0.001509
50	20	0.001665
50	30	0.001946
50	40	0.001589
50	50	0.003697
50	60	0.001622
50	70	0.001681
50	80	0.002056
50	90	0.130316
50	100	0.002340
50	110	0.001753
50	120	0.001720
50	130	0.002525
50	140	0.001678
50	150	0.001693
50	160	0.003333
50	170	0.001453
50	180	0.001466
50	190	0.001610
50	200	0.015609
50	210	0.001526
50	220	0.001496
50	230	0.001506
50	240	0.001209
50	250	0.003819
50	260	0.001540
50	270	0.001691
50	280	0.001689
50	290	0.003899
50	300	0.002265
50	310	0.002142
50	320	0.002709
50	330	0.003078
50	340	0.002345
50	350	0.001795
55	0	0.001658
55	10	0.001579
55	20	0.001663
55	30	0.017420
55	40	0.001644
55	50	0.001998
55	60	0.001727
55	70	0.001871
55	80	0.001876
55	90	0.001677
55	100	0.001899
55	110	0.001940
55	120	0.002256
55	130	0.003388
55	140	0.001728
55	150	0.004768
55	160	0.004684
55	170	0.001699
55	180	0.001305
55	190	0.001388
55	200	0.001393
55	210	0.002483
55	220	0.026200
55	230	0.109199
55	240	0.001388
55	250	0.001688
55	260	0.001753
55	270	0.002492
55	280	0.023152
55	290	0.001708
55	300	0.001750
55	310	0.001834
55	320	0.002132
55	330	0.001983
55	340	0.001704
55	350	0.001713
60	0	0.002984
60	10	0.001755
60	20	0.001674
60	30	0.001721
60	40	0.001833
60	50	0.001832
60	60	0.001831
60	70	0.001786
60	80	0.001899
60	90	0.001807
60	100	0.004295
60	110	0.001905
60	120	0.001828
60	130	0.001895
60	140	0.001773
60	150	0.001936
60	160	0.001872
60	170	0.001599
60	180	0.001936
60	190	0.001579
60	200	0.001834
60	210	0.002012
60	220	0.001535
60	230	0.001420
60	240	0.001707
60	250	0.001465
60	260	0.001408
60	270	0.001516
60	280	0.001737
60	290	0.104383
60	300	0.001931
60	310	0.004153
60	320	0.006201
60	330	0.001864
60	340	0.001932
60	350	0.022397
65	0	0.001988
65	10	0.002172
65	20	0.002034
65	30	0.001848
65	40	0.090879
65	50	0.001795
65	60	0.002095
65	70	0.001902
65	80	0.001962
65	90	0.002000
65	100	0.001981
65	110	0.001672
65	120	0.002006
65	130	0.002452
65	140	0.002453
65	150	0.002095
65	160	0.003092
65	170	0.001982
65	180	0.002027
65	190	0.002095
65	200	0.001726
65	210	0.002587
65	220	0.002072
65	230	0.002027
65	240	0.001929
65	250	0.001869
65	260	0.002087
65	270	0.001823
65	280	0.009952
65	290	0.001957
65	300	0.001874
65	310	0.002209
65	320	0.002272
65	330	0.001942
65	340	0.629860
65	350	0.002142
70	0	0.002226
70	10	0.002307
70	20	0.002139
70	30	0.002415
70	40	0.002504
70	50	0.002503
70	60	0.001983
70	70	0.002172
70	80	0.002293
70	90	0.027286
70	100	0.002947
70	110	0.002031
70	120	0.002864
70	130	0.002207
70	140	0.002716
70	150	0.002402
70	160	0.002737
70	170	0.002756
70	180	0.002356
70	190	0.002821
70	200	0.002551
70	210	0.002281
70	220	0.264918
70	230	0.002235
70	240	0.002681
70	250	0.002886
70	260	0.002672
70	270	0.002598
70	280	0.002486
70	290	0.002427
70	300	0.010750
70	310	0.002123
70	320	0.003411
70	330	0.002644
70	340	0.002281
70	350	0.002147
75	0	0.003445
75	10	0.003223
75	20	0.002941
75	30	0.002498
75	40	0.002916
75	50	0.002891
75	60	0.003002
75	70	0.003033
75	80	0.002882
75	90	0.002757
75	100	0.005253
75	110	0.002645
75	120	0.003014
75	130	0.003107
75	140	0.002749
75	150	0.003579
75	160	0.003162
75	170	0.002596
75	180	0.005122
75	190	0.002916
75	200	0.003223
75	210	0.003100
75	220	0.003613
75	230	0.003027
75	240	0.002928
75	250	0.003137
75	260	0.002818
75	270	0.003589
75	280	0.003285
75	290	0.002852
75	300	0.014538
75	310	0.003187
75	320	0.002928
75	330	0.009471
75	340	0.003064
75	350	0.003371
80	0	0.003833
80	10	0.003778
80	20	0.004603
80	30	0.004273
80	40	0.003595
80	50	0.004310
80	60	0.004071
80	70	0.003969
80	80	0.004335
80	90	0.004509
80	100	0.004190
80	110	0.004337
80	120	0.004383
80	130	0.004194
80	140	0.006520
80	150	0.004768
80	160	0.004493
80	170	0.003833
80	180	0.004090
80	190	0.007483
80	200	0.003760
80	210	0.004749
80	220	0.004658
80	230	0.004585
80	240	0.004145
80	250	0.004676
80	260	0.004255
80	270	0.005004
80	280	0.010304
80	290	0.004561
80	300	0.003778
80	310	0.004511
80	320	0.004878
80	330	0.182338
80	340	0.004475
80	350	0.004145
30	-80
0	0	0.001691
5	0	0.001680
5	10	0.002554
5	20	0.109648
5	30	0.118002
5	40	0.005095
5	50	0.001899
5	60	0.001563
5	70	0.001481
5	80	0.001417
5	90	0.001431
5	100	0.001542
5	110	0.001520
5	120	0.001507
5	130	0.001536
5	140	0.002711
5	150	0.014670
5	160	0.004540
5	170	0.001635
5	180	0.001631
5	190	0.002496
5	200	0.036323
5	210	0.033744
5	220	0.002030
5	230	0.001758
5	240	0.001813
5	250	0.001754
5	260	0.001674
5	270	0.001514
5	280	0.001627
5	290	0.001770
5	300	0.001907
5	310	0.001956
5	320	0.002272
5	330	0.020797
5	340	0.009528
5	350	0.001612
10	0	0.001712
10	10	0.021277
10	20	0.003125
10	30	0.001832
10	40	0.001463
10	50	0.001948
10	60	0.002256
10	70	0.001533
10	80	0.001586
10	90	0.001596
10	100	0.001543
10	110	0.001751
10	120	0.037683
10	130	0.001769
10	140	0.001387
10	150	0.001424
10	160	0.014040
10	170	0.003412
10	180	0.001554
10	190	0.040916
10	200	0.001910
10	210	0.001811
10	220	0.002491
10	230	0.020240
10	240	0.019279
10	250	0.002329
10	260	0.001693
10	270	0.001661
10	280	0.001710
10	290	0.002178
10	300	0.004211
10	310	0.002470
10	320	0.001880
10	330	0.001652
10	340	0.003775
10	350	0.002795
15	0	0.001759
15	10	0.153940
15	20	0.001687
15	30	0.001548
15	40	0.001465
15	50	0.003341
15	60	0.002362
15	70	0.002906
15	80	0.001520
15	90	0.001795
15	100	0.001820
15	110	0.024921
15	120	0.002115
15	130	0.001749
15	140	0.001418
15	150	0.001404
15	160	0.001525
15	170	0.024467
15	180	0.001450
15	190	0.007652
15	200	0.002315
15	210	0.002204
15	220	0.001553
15	230	0.003337
15	240	0.001916
15	250	0.002135
15	260	0.001621
15	270	0.001904
15	280	0.001857
15	290	0.001900
15	300	0.001923
15	310	0.003682
15	320	0.001846
15	330	0.004501
15	340	0.003041
15	350	0.021821
20	0	0.001429
20	10	0.001595
20	20	0.001493
20	30	0.001720
20	40	0.380565
20	50	0.001859
20	60	0.049313
20	140	0.153792
20	150	0.001491
20	160	0.001424
20	170	0.029306
20	180	0.001628
20	190	0.001449
20	200	0.001827
20	210	0.001697
20	220	0.045052
20	230	0.001691
20	240	0.051494
20	250	0.002987
20	260	0.001998
20	270	0.001815
20	280	0.001757
20	290	0.000551
20	300	0.008437
20	310	0.002255
20	320	0.020463
20	330	0.001751
20	340	0.002208
20	350	0.033683
25	0	0.002345
25	10	0.002096
25	20	0.001576
25	30	0.006500
25	40	0.001381
25	50	0.001432
25	60	0.001692
25	140	0.001309
25	150	0.001303
25	160	0.001322
25	170	0.004481
25	180	0.001381
25	190	0.001170
25	200	0.001195
25	210	0.017125
25	220	0.001307
25	230	0.001337
25	240	0.001583
25	250	0.001815
25	260	0.002029
25	270	0.002728
25	280	0.021587
25	290	0.045833
25	300	0.002419
25	310	0.003469
25	320	0.002022
25	330	0.001787
25	340	0.003188
25	350	0.002683
30	0	0.001616
30	10	0.001511
30	20	0.001666
30	30	0.002565
30	40	0.001512
30	50	0.001582
30	60	0.001615
30	140	0.001568
30	150	0.068772
30	160	0.001325
30	170	0.001628
30	180	0.001264
30	190	0.001595
30	200	0.001335
30	210	0.001852
30	220	0.001447
30	230	0.001592
30	240	0.002006
30	250	0.055040
30	260	0.014712
30	270	0.002752
30	280	0.050819
30	290	0.011235
30	300	0.002557
30	310	0.008692
30	320	0.002984
30	330	0.001826
30	340	0.001835
30	350	0.001693
35	0	0.001839
35	10	0.001499
35	20	0.009745
35	30	0.001680
35	40	0.046079
35	50	0.001538
35	60	0.001588
35	140	0.002296
35	150	0.001364
35	160	0.001371
35	170	0.001437
35	180	0.001458
35	190	0.001345
35	200	0.012706
35	210	0.001437
35	220	0.010576
35	230	0.001499
35	240	0.002848
35	250	0.002164
35	260	0.084206
35	270	0.015088
35	280	0.017289
35	290	0.002401
35	300	0.002789
35	310	0.002078
35	320	0.001965
35	330	0.001907
35	340	0.001763
35	350	0.001901
40	0	0.001709
40	10	0.001491
40	20	0.047851
40	30	0.001503
40	40	0.001508
40	50	0.001575
40	60	0.001992
40	140	0.002846
40	150	0.001525
40	160	0.004520
40	170	0.001751
40	180	0.001365
40	190	0.001680
40	200	0.003469
40	210	0.001384
40	220	0.001383
40	230	0.001417
40	240	0.001608
40	250	0.001690
40	260	0.003240
40	270	0.031679
40	280	0.002199
40	290	0.002339
40	300	0.004869
40	310	0.907441
40	320	0.035593
40	330	0.002384
40	340	0.046618
40	350	0.001982
45	0	0.001850
45	10	0.003556
45	20	0.001564
45	30	0.002577
45	40	0.008408
45	50	0.210302
45	60	0.001670
45	70	0.001624
45	80	0.001854
45	90	0.001606
45	100	0.001894
45	110	0.028958
45	120	0.001791
45	130	0.001632
45	140	0.001753
45	150	0.001738
45	160	0.001371
45	170	0.001515
45	180	0.001273
45	190	0.026320
45	200	0.001516
45	210	0.001419
45	220	0.010132
45	230	0.004874
45	240	0.001529
45	250	0.002714
45	260	0.001702
45	270	0.001841
45	280	0.002027
45	290	0.003933
45	300	0.001966
45	310	0.001903
45	320	0.001975
45	330	0.002340
45	340	0.001623
45	350	0.002255
50	0	0.003439
50	10	0.001629
50	20	0.001662
50	30	0.001711
50	40	0.001719
50	50	0.001759
50	60	0.001729
50	70	0.003490
50	80	0.002488
50	90	0.002388
50	100	0.007043
50	110	0.002174
50	120	0.001781
50	130	0.005688
50	140	0.009091
50	150	0.001545
50	160	0.001558
50	170	0.001609
50	180	0.001643
50	190	0.001788
50	200	0.001673
50	210	0.001603
50	220	0.001806
50	230	0.001282
50	240	0.001367
50	250	0.001857
50	260	0.001534
50	270	0.001707
50	280	0.001951
50	290	0.001837
50	300	0.003175
50	310	0.105392
50	320	1.269066
50	330	0.001705
50	340	0.001665
50	350	0.002732
55	0	0.001905
55	10	0.002088
55	20	0.001674
55	30	0.001781
55	40	0.003051
55	50	0.001798
55	60	0.001980
55	70	0.002224
55	80	0.001753
55	90	0.005088
55	100	0.001825
55	110	0.002349
55	120	0.001855
55	130	0.002052
55	140	0.001531
55	150	0.001774
55	160	0.004278
55	170	0.001381
55	180	0.001425
55	190	0.001940
55	200	0.002265
55	210	0.001414
55	220	0.001654
55	230	0.001692
55	240	0.001714
55	250	0.001564
55	260	0.002458
55	270	0.014621
55	280	0.001948
55	290	0.001775
55	300	0.001850
55	310	0.001996
55	320	0.002074
55	330	0.001785
55	340	0.003526
55	350	0.002488
60	0	0.001802
60	10	0.001796
60	20	0.001760
60	30	0.002267
60	40	0.001949
60	50	0.001811
60	60	0.006069
60	70	0.002273
60	80	0.001868
60	90	0.001879
60	100	0.001915
60	110	0.001889
60	120	0.004437
60	130	0.001842
60	140	0.001998
60	150	0.005378
60	160	0.001584
60	170	0.001769
60	180	0.001756
60	190	0.001909
60	200	0.002068
60	210	0.001654
60	220	0.001527
60	230	0.001851
60	240	0.001590
60	250	0.005455
60	260	0.001622
60	270	0.001829
60	280	0.002033
60	290	0.002266
60	300	0.001974
60	310	0.004684
60	320	0.001915
60	330	0.002008
60	340	0.002214
60	350	0.001857
65	0	0.001968
65	10	0.002131
65	20	0.002036
65	30	0.002023
65	40	0.001964
65	50	0.002071
65	60	0.001993
65	70	0.002059
65	80	0.002133
65	90	0.002829
65	100	0.001770
65	110	0.002123
65	120	0.002023
65	130	0.002118
65	140	0.002303
65	150	0.002352
65	160	0.002002
65	170	0.002138
65	180	0.002145
65	190	0.001746
65	200	0.002017
65	210	0.007387
65	220	0.002198
65	230	0.001633
65	240	0.001972
65	250	0.002077
65	260	0.001934
65	270	0.002131
65	280	0.002122
65	290	0.002119
65	300	0.002205
65	310	0.005715
65	320	0.002220
65	330	0.004450
65	340	0.002052
65	350	0.002009
70	0	0.003498
70	10	0.002309
70	20	0.002511
70	30	0.002353
70	40	0.002548
70	50	0.002368
70	60	0.003008
70	70	0.002362
70	80	0.002555
70	90	0.002513
70	100	0.002376
70	110	0.002431
70	120	0.002316
70	130	0.002621
70	140	0.002548
70	150	0.002716
70	160	0.002902
70	170	0.002464
70	180	0.002958
70	190	0.002651
70	200	0.002437
70	210	0.002893
70	220	0.002409
70	230	0.002762
70	240	0.004255
70	250	0.002725
70	260	0.002734
70	270	0.002585
70	280	0.002682
70	290	0.002576
70	300	0.003151
70	310	0.002464
70	320	0.002502
70	330	0.002923
70	340	0.002297
70	350	0.002479
75	0	0.011202
75	10	0.003720
75	20	0.002691
75	30	0.003072
75	40	0.002789
75	50	0.008127
75	60	0.003190
75	70	0.002922
75	80	0.002842
75	90	0.003284
75	100	0.002863
75	110	0.003187
75	120	0.003260
75	130	0.003215
75	140	0.004570
75	150	0.003281
75	160	0.002716
75	170	0.008779
75	180	0.003072
75	190	0.003429
75	200	0.003257
75	210	0.003220
75	220	0.003171
75	230	0.003306
75	240	0.003244
75	250	0.002728
75	260	0.002826
75	270	0.003294
75	280	0.003112
75	290	0.003417
75	300	0.003613
75	310	0.003011
75	320	0.003441
75	330	0.003220
75	340	0.003478
75	350	0.161145
80	0	0.004212
80	10	0.027639
80	20	0.004524
80	30	0.003864
80	40	0.004047
80	50	0.004377
80	60	0.004156
80	70	0.004579
80	80	0.004729
80	90	0.004401
80	100	0.004533
80	110	0.004707
80	120	0.004447
80	130	0.004722
80	140	0.005111
80	150	0.004689
80	160	0.003901
80	170	0.004304
80	180	0.004396
80	190	0.004102
80	200	0.004964
80	210	0.004872
80	220	0.004836
80	230	0.004304
80	240	0.004836
80	250	0.003992
80	260	0.003956
80	270	0.004799
80	280	0.004914
80	290	0.004231
80	300	0.005257
80	310	0.005129
80	320	0.004084
80	330	0.004671
80	340	0.004781
80	350	0.004826
30	-90
0	0	0.001807
5	0	0.001570
5	10	0.014570
5	20	0.067498
5	30	0.015204
5	40	0.001749
5	50	0.001524
5	60	0.001471
5	70	0.001434
5	80	0.001543
5	90	0.001788
5	100	0.001823
5	110	0.001753
5	120	0.001597
5	130	0.001631
5	140	0.001946
5	150	0.029093
5	160	0.058970
5	170	0.003899
5	180	0.001659
5	190	0.001684
5	200	0.003156
5	210	0.016191
5	220	0.003682
5	230	0.001711
5	240	0.001732
5	250	0.001952
5	260	0.002185
5	270	0.002911
5	280	0.002627
5	290	0.001974
5	300	0.001770
5	310	0.001885
5	320	0.022631
5	330	0.039672
5	340	0.002538
5	350	0.001536
10	0	0.001464
10	10	0.020172
10	20	0.001738
10	30	0.001560
10	40	0.001441
10	50	0.001742
10	60	0.001714
10	70	0.001623
10	80	0.001661
10	90	0.002137
10	100	0.001722
10	110	0.001589
10	120	0.003705
10	130	0.001817
10	140	0.001498
10	150	0.001554
10	160	0.001747
10	170	0.009760
10	180	0.001467
10	190	0.002447
10	200	0.004546
10	210	0.002243
10	220	0.002107
10	230	0.002035
10	240	0.008755
10	250	0.001822
10	260	0.002265
10	270	0.002508
10	280	0.001923
10	290	0.001841
10	300	0.003352
10	310	0.002374
10	320	0.003067
10	330	0.002427
10	340	0.012291
10	350	0.001754
15	0	0.001667
15	10	0.005651
15	20	0.001545
15	30	0.001518
15	40	0.002158
15	50	0.228564
15	60	0.001716
15	70	0.001644
15	80	0.001871
15	90	0.002153
15	100	0.001678
15	110	0.002300
15	120	0.001880
15	130	0.026292
15	140	0.001647
15	150	0.001476
15	160	0.001478
15	170	0.023595
15	180	0.001430
15	190	0.003291
15	200	0.001673
15	210	0.002070
15	220	0.002560
15	230	0.001890
15	240	0.001729
15	250	0.011326
15	260	0.001990
15	270	0.002089
15	280	0.001874
15	290	0.002790
15	300	0.001961
15	310	0.001952
15	320	0.002461
15	330	0.002122
15	340	0.001716
15	350	0.004797
20	0	0.002391
20	10	0.001893
20	20	0.001801
20	30	0.001649
20	40	0.003400
20	50	0.001466
20	130	0.001584
20	140	0.008127
20	150	0.001434
20	160	0.001506
20	170	0.012440
20	180	0.001459
20	190	0.002092
20	200	0.002219
20	210	0.001683
20	220	0.024245
20	230	0.001422
20	240	0.024256
20	250	0.002072
20	260	0.002299
20	270	0.002399
20	280	0.000653
20	290	0.003200
20	300	0.021303
20	310	0.001696
20	320	0.005324
20	330	0.002310
20	340	0.003346
20	350	0.016672
25	0	0.001559
25	10	0.001618
25	20	0.001625
25	30	0.013412
25	40	0.001485
25	50	0.001713
25	130	0.001390
25	140	0.001752
25	150	0.008379
25	160	0.001218
25	170	0.001471
25	180	0.001078
25	190	0.001211
25	200	0.001482
25	210	0.007234
25	220	0.001278
25	230	0.004288
25	240	0.001840
25	250	0.002303
25	260	0.004105
25	270	0.022145
25	280	0.005914
25	290	0.041654
25	300	0.002033
25	310	0.002061
25	320	0.001780
25	330	0.001678
25	340	0.002226
25	350	0.009264
30	0	0.001930
30	10	0.001596
30	20	0.001547
30	30	0.001550
30	40	0.001527
30	50	0.001568
30	130	0.002017
30	140	0.001429
30	150	0.001446
30	160	0.001466
30	170	0.001394
30	180	0.001451
30	190	0.001381
30	200	0.001337
30	210	0.001354
30	220	0.001886
30	230	0.001805
30	240	0.001922
30	250	0.010022
30	260	0.129554
30	270	0.126421
30	280	0.004818
30	290	0.003825
30	300	0.002293
30	310	0.002175
30	320	0.001683
30	330	0.004228
30	340	0.002281
30	350	0.001708
35	0	0.001487
35	10	0.001503
35	20	0.037892
35	30	0.001532
35	40	0.043043
35	50	0.001856
35	130	0.001600
35	140	0.001395
35	150	0.001453
35	160	0.002288
35	170	0.001446
35	180	0.001303
35	190	0.001969
35	200	0.001946
35	210	0.001519
35	220	0.001611
35	230	0.002035
35	240	0.002276
35	250	0.002047
35	260	0.009935
35	270	0.055330
35	280	0.002377
35	290	0.002214
35	300	0.004421
35	310	0.002066
35	320	0.001725
35	330	0.001996
35	340	0.001905
35	350	0.001614
40	0	0.001624
40	10	0.001483
40	20	0.001790
40	30	0.001695
40	40	0.002003
40	50	0.001627
40	130	0.011796
40	140	0.005551
40	150	0.001543
40	160	0.024598
40	170	0.001341
40	180	0.001241
40	190	0.001325
40	200	0.006215
40	210	0.001471
40	220	0.001418
40	230	0.001844
40	240	0.001647
40	250	0.001956
40	260	0.002181
40	270	0.002168
40	280	0.002409
40	290	0.002106
40	300	0.002260
40	310	0.095528
40	320	0.024353
40	330	0.001708
40	340	0.002206
40	350	0.001601
45	0	0.003898
45	10	0.007331
45	20	0.001668
45	30	0.005995
45	40	0.002568
45	50	0.008945
45	60	0.001624
45	70	0.002002
45	80	0.001638
45	90	0.002815
45	100	0.001827
45	110	0.005793
45	120	0.001706
45	130	0.001675
45	140	0.001632
45	150	0.001341
45	160	0.001760
45	170	0.003803
45	180	0.001738
45	190	0.278593
45	200	0.001252
45	210	0.001250
45	220	0.002754
45	230	0.001463
45	240	0.001721
45	250	0.001937
45	260	0.001828
45	270	0.002158
45	280	0.001831
45	290	0.059033
45	300	0.001894
45	310	0.002169
45	320	0.002097
45	330	0.001970
45	340	0.001845
45	350	0.004844
50	0	0.001812
50	10	0.001618
50	20	0.002004
50	30	0.002898
50	40	0.001705
50	50	0.001878
50	60	0.001727
50	70	0.009273
50	80	0.002146
50	90	0.002777
50	100	0.004111
50	110	0.001890
50	120	0.001751
50	130	0.030355
50	140	0.012993
50	150	0.002990
50	160	0.001803
50	170	0.001603
50	180	0.001346
50	190	0.001623
50	200	0.002260
50	210	0.001524
50	220	0.001372
50	230	0.001343
50	240	0.001955
50	250	0.001525
50	260	0.001896
50	270	0.002095
50	280	0.040057
50	290	0.001917
50	300	0.002395
50	310	0.070647
50	320	0.007117
50	330	0.002081
50	340	0.001742
50	350	0.001642
55	0	0.001672
55	10	0.001635
55	20	0.001704
55	30	0.003150
55	40	0.007058
55	50	0.006947
55	60	0.002718
55	70	0.001941
55	80	0.001880
55	90	0.015774
55	100	0.001838
55	110	0.002881
55	120	0.001896
55	130	0.001576
55	140	0.001653
55	150	0.004883
55	160	0.001381
55	170	0.001403
55	180	0.001408
55	190	0.001353
55	200	0.001392
55	210	0.001508
55	220	0.001531
55	230	0.002492
55	240	0.001569
55	250	0.001791
55	260	0.001885
55	270	0.004651
55	280	0.002707
55	290	0.001876
55	300	0.001866
55	310	0.002330
55	320	0.002239
55	330	0.002016
55	340	0.001739
55	350	0.001677
60	0	0.161883
60	10	0.002128
60	20	0.001779
60	30	0.001769
60	40	0.002149
60	50	0.001854
60	60	0.001935
60	70	0.001912
60	80	0.001897
60	90	0.001898
60	100	0.001932
60	110	0.001945
60	120	0.001961
60	130	0.001934
60	140	0.003086
60	150	0.001546
60	160	0.001794
60	170	0.001654
60	180	0.002004
60	190	0.002122
60	200	0.001609
60	210	0.001705
60	220	0.001813
60	230	0.002059
60	240	0.004149
60	250	0.001609
60	260	0.002933
60	270	0.002028
60	280	0.006448
60	290	0.002049
60	300	0.001823
60	310	0.002629
60	320	0.002166
60	330	0.002051
60	340	0.001855
60	350	0.004400
65	0	0.002254
65	10	0.003549
65	20	0.001928
65	30	0.002002
65	40	0.003271
65	50	0.002093
65	60	0.002060
65	70	0.002058
65	80	0.002276
65	90	0.056160
65	100	0.002209
65	110	0.002015
65	120	0.002267
65	130	0.002032
65	140	0.005617
65	150	0.002002
65	160	0.002168
65	170	0.002168
65	180	0.001761
65	190	0.002138
65	200	0.002541
65	210	0.002213
65	220	0.002529
65	230	0.001949
65	240	0.002100
65	250	0.002571
65	260	0.001960
65	270	0.002160
65	280	0.002025
65	290	2.827095
65	300	0.002312
65	310	0.006551
65	320	0.007809
65	330	0.002039
65	340	0.002506
65	350	0.002382
70	0	0.002223
70	10	0.002644
70	20	0.002700
70	30	0.002511
70	40	0.002101
70	50	0.002359
70	60	0.002341
70	70	0.002407
70	80	0.002616
70	90	0.002128
70	100	0.002578
70	110	0.002412
70	120	0.002634
70	130	0.002474
70	140	0.002753
70	150	0.003000
70	160	0.002492
70	170	0.002958
70	180	0.002669
70	190	0.002427
70	200	0.002832
70	210	0.002427
70	220	0.002781
70	230	0.002911
70	240	0.002744
70	250	0.002623
70	260	0.004763
70	270	0.002715
70	280	0.002867
70	290	0.002222
70	300	0.002418
70	310	0.002585
70	320	0.002148
70	330	0.002226
70	340	0.003885
70	350	0.002314
75	0	0.003458
75	10	0.002728
75	20	0.003436
75	30	0.002802
75	40	0.003146
75	50	0.003264
75	60	0.002837
75	70	0.003574
75	80	0.003263
75	90	0.002845
75	100	0.003226
75	110	0.010439
75	120	0.003567
75	130	0.003417
75	140	0.003281
75	150	0.002679
75	160	0.003072
75	170	0.003387
75	180	0.003527
75	190	0.003220
75	200	0.003207
75	210	0.003183
75	220	0.003547
75	230	0.014252
75	240	0.002691
75	250	0.002728
75	260	0.003330
75	270	0.003200
75	280	0.003490
75	290	0.003318
75	300	0.005938
75	310	0.003429
75	320	0.003330
75	330	0.003540
75	340	0.003478
75	350	0.003580
80	0	0.004872
80	10	0.008744
80	20	0.003919
80	30	0.004066
80	40	0.004341
80	50	0.004156
80	60	0.004550
80	70	0.004984
80	80	0.004337
80	90	0.004652
80	100	0.004579
80	110	0.004859
80	120	0.004779
80	130	0.005001
80	140	0.004689
80	150	0.004597
80	160	0.004304
80	170	0.004414
80	180	0.004066
80	190	0.005092
80	200	0.004927
80	210	0.005019
80	220	0.004469
80	230	0.004872
80	240	0.004102
80	250	0.003901
80	260	0.004671
80	270	0.005074
80	280	0.004102
80	290	0.004634
80	300	0.085821
80	310	0.004084
80	320	0.004689
80	330	0.005048
80	340	0.003956
80	350	0.003956
50	0
0	0	0.001479
5	0	0.001566
5	10	0.001882
5	20	0.002250
5	30	0.002169
5	40	0.001775
5	50	0.001568
5	60	0.001456
5	70	0.001434
5	80	0.001366
5	90	0.001317
5	100	0.001292
5	110	0.001297
5	120	0.001327
5	130	0.001374
5	140	0.001482
5	150	0.001726
5	160	0.001935
5	170	0.001791
5	180	0.001561
5	190	0.001429
5	200	0.001355
5	210	0.001306
5	220	0.001324
5	230	0.002220
5	240	0.002580
5	250	0.001362
5	260	0.001323
5	270	0.001339
5	280	0.001390
5	290	0.001366
5	300	0.003324
5	310	0.016170
5	320	0.014517
5	330	0.001844
5	340	0.001492
5	350	0.001544
10	0	0.001578
10	10	0.001674
10	20	0.001445
10	30	0.001344
10	40	0.003513
10	50	0.001346
10	60	0.001446
10	70	0.001831
10	80	0.001711
10	90	0.001401
10	100	0.001330
10	110	0.001634
10	120	0.001454
10	130	0.011065
10	140	0.005172
10	150	0.001491
10	160	0.001967
10	170	0.002264
10	180	0.001673
10	190	0.001496
10	200	0.001503
10	210	0.001433
10	220	0.001809
10	230	0.017753
10	240	0.001556
10	250	0.001517
10	260	0.001423
10	270	0.001437
10	280	0.001893
10	290	0.014964
10	300	0.001825
10	310	0.001468
10	320	0.001336
10	330	0.001359
10	340	0.001707
10	350	0.001392
15	0	0.001745
15	10	0.001727
15	20	0.002007
15	30	0.001816
15	40	0.002039
15	50	0.002626
15	60	0.001422
15	70	0.001669
15	80	0.001689
15	90	0.001580
15	100	0.001372
15	110	0.001461
15	120	0.002274
15	130	0.001613
15	140	0.001481
15	150	0.001429
15	160	0.001444
15	170	0.002434
15	180	0.001726
15	190	0.001446
15	200	0.001391
15	210	0.003712
15	220	0.001537
15	230	0.001432
15	240	0.018682
15	250	0.001314
15	260	0.001321
15	270	0.001347
15	280	0.001995
15	290	0.001314
15	300	0.001686
15	310	0.001359
15	320	0.002178
15	330	0.017750
15	340	0.001377
15	350	0.001371
20	0	0.000853
20	10	0.000357
20	20	0.002816
20	30	0.001753
20	40	0.001719
20	50	0.002363
20	60	0.001556
20	70	0.001536
20	80	0.002830
20	90	0.001865
20	100	0.001712
20	110	0.001668
20	120	0.001382
20	130	0.001509
20	140	0.003023
20	150	0.001359
20	160	0.000564
20	170	0.001248
20	180	0.001279
20	190	0.001601
20	200	0.003005
20	210	0.001807
20	220	0.001415
20	230	0.001371
20	240	0.002056
20	250	0.123437
20	260	0.001542
20	270	0.001626
20	280	0.008861
20	290	0.003448
20	300	0.001455
20	310	0.001583
20	320	0.001056
20	330	0.001534
20	340	0.001501
20	350	0.001593
25	0	0.002214
25	10	0.002035
25	20	0.002506
25	30	0.002025
25	40	0.007778
25	50	0.001863
25	60	0.007202
25	70	0.001466
25	80	0.001793
25	90	0.001480
25	100	0.001817
25	110	0.003005
25	120	0.003563
25	130	0.001849
25	140	0.001702
25	150	0.033241
25	160	0.001364
25	170	0.001751
25	180	0.001914
25	190	0.001687
25	200	0.007377
25	210	0.001314
25	220	0.001719
25	230	0.002253
25	240	0.001293
25	250	0.003998
25	260	0.001177
25	270	0.001223
25	280	0.001195
25	290	0.001702
25	300	0.001431
25	310	0.001282
25	320	0.001250
25	330	0.001613
25	340	0.173745
25	350	0.003517
30	0	0.004218
30	10	0.055182
30	20	0.002009
30	30	0.001695
30	40	0.001891
30	50	0.001769
30	60	0.003598
30	70	0.001533
30	80	0.001648
30	90	0.001549
30	100	0.001488
30	110	0.001688
30	120	0.001713
30	130	0.003361
30	140	0.001618
30	150	0.001957
30	160	0.002148
30	170	0.001983
30	180	0.002503
30	190	0.001961
30	200	0.001884
30	210	0.001605
30	220	0.004501
30	230	0.001893
30	240	0.001309
30	250	0.001820
30	260	0.001466
30	270	0.001702
30	280	0.001392
30	290	0.001436
30	300	0.001238
30	310	0.001289
30	320	0.037452
30	330	0.001454
30	340	0.002140
30	350	0.002292
35	0	0.061934
35	10	0.044506
35	20	0.002862
35	30	0.002209
35	40	0.002508
35	50	0.001560
35	60	0.001815
35	70	0.002205
35	80	0.002140
35	90	0.001720
35	100	0.015102
35	110	0.004676
35	120	0.001651
35	130	0.001616
35	140	0.004451
35	150	0.002015
35	160	0.005271
35	170	0.002065
35	180	0.002032
35	190	0.001980
35	200	0.001871
35	210	0.009829
35	220	0.001656
35	230	0.001507
35	240	0.002162
35	250	0.001421
35	260	0.001258
35	270	0.001290
35	280	0.001272
35	290	0.001658
35	300	0.002256
35	310	0.001524
35	320	0.001580
35	330	0.001590
35	340	0.001740
35	350	0.002535
40	0	0.014414
40	10	0.002682
40	20	0.002408
40	30	0.002242
40	40	0.001864
40	50	0.002574
40	60	0.001771
40	70	0.001719
40	80	0.001615
40	90	0.001886
40	100	0.014403
40	110	0.001672
40	120	0.002611
40	130	0.001727
40	140	0.002121
40	220	0.001652
40	230	0.001558
40	240	0.001761
40	250	0.001334
40	260	0.001648
40	270	0.001705
40	280	0.001527
40	290	0.001382
40	300	0.001415
40	310	0.012916
40	320	0.006293
40	330	0.005296
40	340	0.002233
40	350	0.002557
45	0	0.014591
45	10	0.004013
45	20	0.006187
45	30	0.003140
45	40	0.002096
45	50	0.002717
45	60	0.003292
45	70	0.001871
45	80	0.002549
45	90	0.003515
45	100	0.003852
45	110	0.001724
45	120	0.001755
45	130	0.028621
45	140	0.001950
45	220	0.002053
45	230	0.001694
45	240	0.001863
45	250	0.003482
45	260	0.002181
45	270	0.001586
45	280	0.001447
45	290	0.003104
45	300	0.001339
45	310	0.001384
45	320	0.001448
45	330	0.001685
45	340	0.041196
45	350	0.002811
50	0	0.010176
50	10	0.006013
50	20	0.002919
50	30	0.002504
50	40	0.003890
50	50	0.001832
50	60	0.001881
50	70	0.048589
50	80	0.001897
50	90	0.001793
50	100	0.002377
50	110	0.114943
50	120	0.001862
50	130	0.002025
50	140	0.002044
50	220	0.002068
50	230	0.001962
50	240	0.002701
50	250	0.001745
50	260	0.009381
50	270	0.001443
50	280	0.004533
50	290	0.001696
50	300	0.002454
50	310	0.006410
50	320	0.004108
50	330	0.001958
50	340	0.002380
50	350	0.008753
55	0	0.004014
55	10	0.003497
55	20	0.003193
55	30	0.002687
55	40	0.003634
55	50	0.001981
55	60	0.323174
55	70	0.001910
55	80	0.002003
55	90	0.001905
55	100	0.001949
55	110	0.002079
55	120	0.002190
55	130	0.002031
55	140	0.002566
55	220	0.002079
55	230	0.002930
55	240	0.001723
55	250	0.001590
55	260	0.001817
55	270	0.002095
55	280	0.001767
55	290	0.002491
55	300	0.001862
55	310	0.001695
55	320	0.001873
55	330	0.002037
55	340	0.002809
55	350	0.003484
60	0	0.003594
60	10	0.004300
60	20	0.003330
60	30	0.003250
60	40	0.002688
60	50	0.002334
60	60	0.002189
60	70	0.002100
60	80	0.002091
60	90	0.002084
60	100	0.002127
60	110	0.002139
60	120	0.004024
60	130	0.002120
60	140	0.002388
60	220	0.010755
60	230	0.001919
60	240	0.002187
60	250	0.002229
60	260	0.008750
60	270	0.002503
60	280	0.002295
60	290	0.001690
60	300	0.001696
60	310	0.001894
60	320	0.001747
60	330	0.002507
60	340	0.002394
60	350	0.003396
65	0	0.012395
65	10	0.003747
65	20	0.003653
65	30	0.003105
65	40	0.002717
65	50	0.008191
65	60	0.002417
65	70	0.002733
65	80	0.005147
65	90	0.002548
65	100	0.003258
65	110	0.002411
65	120	0.002266
65	130	0.002524
65	140	0.002581
65	150	0.002600
65	160	0.002690
65	170	0.002857
65	180	0.003168
65	190	0.003017
65	200	0.002837
65	210	0.002589
65	220	0.002602
65	230	0.002421
65	240	0.002301
65	250	0.005765
65	260	0.002361
65	270	0.002037
65	280	0.002037
65	290	0.003051
65	300	0.002384
65	310	0.002579
65	320	0.002293
65	330	0.002564
65	340	0.002734
65	350	0.003687
70	0	0.011436
70	10	0.132709
70	20	0.003603
70	30	0.004361
70	40	0.002889
70	50	0.006929
70	60	0.003093
70	70	0.002920
70	80	0.002957
70	90	0.002945
70	100	0.002640
70	110	0.003089
70	120	0.002863
70	130	0.002861
70	140	0.002948
70	150	0.004711
70	160	0.003094
70	170	0.003264
70	180	0.003179
70	190	0.003075
70	200	0.002860
70	210	0.003299
70	220	0.003215
70	230	0.003392
70	240	0.002992
70	250	0.003085
70	260	0.003038
70	270	0.003448
70	280	0.002982
70	290	0.003392
70	300	0.003429
70	310	0.003215
70	320	0.003401
70	330	0.003365
70	340	0.003522
70	350	2.600303
75	0	0.004952
75	10	0.010152
75	20	0.004394
75	30	0.004288
75	40	0.003757
75	50	0.003658
75	60	0.003888
75	70	0.003978
75	80	0.003794
75	90	0.003351
75	100	0.003757
75	110	0.003880
75	120	0.003941
75	130	0.023976
75	140	0.003674
75	150	0.003463
75	160	0.003860
75	170	0.003882
75	180	0.003523
75	190	0.003778
75	200	0.003605
75	210	0.004099
75	220	0.003277
75	230	0.003351
75	240	0.097152
75	250	0.003339
75	260	0.003498
75	270	0.003572
75	280	0.003966
75	290	0.003277
75	300	0.003388
75	310	0.003228
75	320	0.003388
75	330	0.003412
75	340	0.005983
75	350	0.004894
80	0	0.007034
80	10	0.006169
80	20	0.023453
80	30	0.005471
80	40	0.006571
80	50	0.005031
80	60	0.005343
80	70	0.005398
80	80	0.004903
80	90	0.005251
80	100	0.005618
80	110	0.005618
80	120	0.004866
80	130	0.005581
80	140	0.004976
80	150	0.005258
80	160	0.005024
80	170	0.005132
80	180	0.005673
80	190	0.005352
80	200	0.005310
80	210	0.005508
80	220	0.004793
80	230	0.004994
80	240	0.005343
80	250	0.004884
80	260	0.005013
80	270	0.005288
80	280	0.005893
80	290	0.004829
80	300	0.005783
80	310	0.004756
80	320	0.004811
80	330	0.004976
80	340	5.506965
80	350	0.006424
50	-10
0	0	0.001276
5	0	0.001229
5	10	0.001309
5	20	0.001462
5	30	0.001882
5	40	0.006525
5	50	0.146401
5	60	0.141634
5	70	0.008598
5	80	0.002197
5	90	0.001680
5	100	0.001599
5	110	0.010458
5	120	0.029817
5	130	0.007804
5	140	0.001492
5	150	0.001243
5	160	0.001201
5	170	0.001244
5	180	0.001220
5	190	0.001210
5	200	0.001192
5	210	0.001185
5	220	0.001183
5	230	0.001227
5	240	0.001188
5	250	0.001309
5	260	0.001437
5	270	0.001632
5	280	0.001838
5	290	0.002022
5	300	0.001675
5	310	0.001376
5	320	0.001309
5	330	0.001364
5	340	0.001332
5	350	0.001166
10	0	0.001346
10	10	0.001547
10	20	0.001679
10	30	0.001465
10	40	0.001253
10	50	0.001248
10	60	0.001309
10	70	0.007987
10	80	0.001458
10	90	0.001215
10	100	0.002363
10	110	0.001637
10	120	0.001474
10	130	0.001486
10	140	0.001561
10	150	0.003381
10	160	0.002091
10	170	0.001386
10	180	0.001320
10	190	0.001381
10	200	0.001474
10	210	0.014199
10	220	0.162836
10	230	0.001658
10	240	0.001244
10	250	0.001215
10	260	0.001245
10	270	0.001245
10	280	0.001494
10	290	0.001329
10	300	0.001292
10	310	0.001299
10	320	0.020964
10	330	0.001418
10	340	0.001304
10	350	0.001325
15	0	0.001353
15	10	0.001840
15	20	0.001867
15	30	0.006114
15	40	0.001607
15	50	0.001351
15	60	0.011333
15	70	0.002485
15	80	0.039324
15	90	0.001776
15	100	0.006624
15	110	0.002408
15	120	0.015488
15	130	0.001480
15	140	0.004614
15	150	0.001235
15	160	0.001447
15	170	0.001365
15	180	0.001313
15	190	0.001320
15	200	0.001740
15	210	0.001318
15	220	0.001322
15	230	0.001390
15	240	0.001349
15	250	0.001233
15	260	0.001292
15	270	0.001594
15	280	0.001823
15	290	0.001273
15	300	0.001190
15	310	0.001264
15	320	0.001299
15	330	0.004320
15	340	0.002534
15	350	0.001294
20	0	0.000230
20	10	0.001463
20	20	0.001381
20	30	0.001389
20	40	0.001765
20	50	0.002486
20	60	0.001416
20	70	0.001572
20	80	0.010884
20	90	0.001490
20	100	0.001226
20	110	0.016331
20	120	0.001501
20	130	0.002256
20	140	0.001218
20	150	0.030371
20	160	0.000471
20	170	0.001446
20	180	0.001535
20	190	0.002238
20	200	0.007371
20	210	0.002619
20	220	0.001299
20	230	0.008057
20	240	0.001703
20	250	0.001402
20	260	0.001202
20	270	0.001237
20	280	0.001241
20	290	0.001210
20	300	0.001446
20	310	0.006692
20	320	0.001192
20	330	0.001325
20	340	0.003719
20	350	0.000655
25	0	0.001640
25	10	0.002171
25	20	0.048963
25	30	0.002322
25	40	0.001441
25	50	0.001352
25	60	0.001731
25	70	0.012830
25	80	0.033706
25	90	0.001774
25	100	0.001700
25	110	0.002041
25	120	0.001458
25	130	0.001668
25	140	0.003164
25	150	0.001433
25	160	0.002107
25	170	0.001818
25	180	0.001563
25	190	0.001475
25	200	0.001157
25	210	0.001190
25	220	0.093613
25	230	0.001213
25	240	0.001619
25	250	0.001235
25	260	0.001107
25	270	0.001204
25	280	0.000956
25	290	0.000939
25	300	0.016490
25	310	0.001134
25	320	0.002343
25	330	0.001482
25	340	0.002209
25	350	0.001735
30	0	0.001643
30	10	0.001715
30	20	0.001624
30	30	0.001641
30	40	0.005256
30	50	0.002645
30	60	0.001778
30	70	0.001437
30	80	0.001603
30	90	0.001402
30	100	0.001465
30	110	0.001431
30	120	0.001643
30	130	0.001649
30	140	0.005285
30	150	0.002345
30	160	0.033311
30	170	0.016839
30	180	0.003620
30	190	0.173610
30	200	0.002418
30	210	0.001595
30	220	0.001424
30	230	0.001347
30	240	0.001521
30	250	0.002536
30	260	0.001233
30	270	0.001183
30	280	0.001227
30	290	0.001464
30	300	0.001342
30	310	0.001283
30	320	0.001625
30	330	0.001540
30	340	0.001489
30	350	0.002176
35	0	0.002242
35	10	0.002747
35	20	0.002289
35	30	0.001651
35	40	0.001671
35	50	0.001942
35	60	0.001406
35	70	0.001719
35	80	0.002476
35	90	0.002405
35	100	0.003108
35	110	0.001451
35	120	0.006686
35	130	0.002475
35	140	0.001675
35	150	0.002188
35	160	0.002009
35	170	0.014877
35	180	0.013771
35	190	0.038077
35	200	0.001657
35	210	0.003346
35	220	0.001354
35	230	0.001885
35	240	0.001480
35	250	0.001120
35	260	0.001125
35	270	0.001173
35	280	0.001313
35	290	0.003101
35	300	0.001367
35	310	0.001698
35	320	0.001420
35	330	0.002409
35	340	0.001935
35	350	0.052232
40	0	0.003457
40	10	0.003374
40	20	0.002011
40	30	0.004899
40	40	0.005801
40	50	0.021835
40	60	0.001684
40	70	0.006250
40	80	0.001531
40	90	0.001532
40	100	0.001757
40	110	0.001736
40	120	0.002115
40	130	0.001633
40	210	0.001403
40	220	0.001918
40	230	0.001426
40	240	0.001232
40	250	0.001410
40	260	0.001961
40	270	0.002431
40	280	0.009682
40	290	0.001472
40	300	0.001261
40	310	0.001320
40	320	0.001650
40	330	0.002339
40	340	0.002231
40	350	0.002745
45	0	0.003781
45	10	0.003012
45	20	0.002192
45	30	0.002080
45	40	0.001742
45	50	0.002075
45	60	0.002152
45	70	0.054068
45	80	0.001505
45	90	0.001568
45	100	0.001672
45	110	0.001600
45	120	0.001897
45	130	0.001777
45	210	0.001594
45	220	0.001594
45	230	0.001483
45	240	0.002552
45	250	0.001468
45	260	0.001256
45	270	0.001265
45	280	0.001179
45	290	0.001197
45	300	0.001384
45	310	0.001369
45	320	0.002390
45	330	0.001935
45	340	0.003210
45	350	0.010727
50	0	0.004025
50	10	0.030811
50	20	0.003779
50	30	0.071661
50	40	0.004715
50	50	0.005369
50	60	0.002027
50	70	0.002970
50	80	0.005257
50	90	0.004613
50	100	0.039011
50	110	0.001746
50	120	0.001780
50	130	0.004101
50	210	0.002000
50	220	0.001759
50	230	0.001673
50	240	0.001590
50	250	0.001312
50	260	0.001283
50	270	0.001302
50	280	0.001500
50	290	0.001456
50	300	0.001852
50	310	0.001638
50	320	0.001860
50	330	0.002625
50	340	0.002907
50	350	0.002916
55	0	0.003511
55	10	0.003718
55	20	0.002890
55	30	0.003493
55	40	0.002395
55	50	0.002179
55	60	0.002063
55	70	0.002356
55	80	0.001703
55	90	0.001713
55	100	0.001827
55	110	0.900073
55	120	0.001857
55	130	0.001959
55	210	0.002024
55	220	0.001626
55	230	0.001847
55	240	0.010622
55	250	0.001537
55	260	0.482490
55	270	0.002885
55	280	0.001799
55	290	0.001582
55	300	0.001509
55	310	0.001687
55	320	0.001822
55	330	0.002396
55	340	0.002888
55	350	0.003765
60	0	0.003431
60	10	0.003282
60	20	0.002661
60	30	0.004393
60	40	0.003794
60	50	0.002278
60	60	0.008006
60	70	0.001857
60	80	0.001888
60	90	0.001830
60	100	0.001881
60	110	0.001893
60	120	0.002259
60	130	0.002027
60	210	0.017673
60	220	0.001668
60	230	0.001980
60	240	0.001649
60	250	0.003998
60	260	0.001592
60	270	0.001763
60	280	0.001458
60	290	0.011771
60	300	0.001490
60	310	0.001841
60	320	0.001840
60	330	0.002708
60	340	0.003279
60	350	0.003235
65	0	0.013467
65	10	0.004165
65	20	0.002870
65	30	0.002570
65	40	0.002193
65	50	0.002206
65	60	0.002151
65	70	0.002251
65	80	0.002115
65	90	0.002215
65	100	0.002136
65	110	0.002041
65	120	0.004045
65	130	0.002086
65	140	0.002311
65	150	0.002438
65	160	0.002487
65	170	0.002909
65	180	0.003765
65	190	0.002519
65	200	0.002486
65	210	0.002335
65	220	0.002455
65	230	0.002003
65	240	0.002388
65	250	0.002192
65	260	0.002269
65	270	0.001747
65	280	0.002003
65	290	0.001936
65	300	0.002079
65	310	0.001981
65	320	0.002237
65	330	0.002397
65	340	0.003010
65	350	0.009623
70	0	0.005258
70	10	0.036194
70	20	0.003681
70	30	0.002601
70	40	0.003661
70	50	0.008469
70	60	0.002379
70	70	0.002646
70	80	0.004051
70	90	0.002588
70	100	0.002560
70	110	0.002485
70	120	0.002466
70	130	0.002598
70	140	0.034777
70	150	0.002700
70	160	0.002853
70	170	0.003148
70	180	0.002735
70	190	0.007710
70	200	0.002746
70	210	0.002922
70	220	0.003099
70	230	0.002476
70	240	0.003434
70	250	0.003314
70	260	0.003118
70	270	0.002643
70	280	0.002950
70	290	0.003062
70	300	0.014360
70	310	0.002997
70	320	0.003004
70	330	0.003118
70	340	0.003555
70	350	0.006183
75	0	0.004904
75	10	0.006727
75	20	0.004281
75	30	0.006494
75	40	0.003431
75	50	0.004284
75	60	0.003799
75	70	0.003419
75	80	0.002989
75	90	0.003284
75	100	0.003345
75	110	0.003603
75	120	0.002939
75	130	0.003210
75	140	0.003006
75	150	0.003355
75	160	0.152625
75	170	0.003056
75	180	0.003426
75	190	0.003190
75	200	0.003110
75	210	0.002829
75	220	0.003001
75	230	0.003087
75	240	0.002902
75	250	0.003124
75	260	0.003210
75	270	0.003677
75	280	0.002816
75	290	0.002939
75	300	0.002767
75	310	0.002829
75	320	0.003837
75	330	0.003112
75	340	0.023994
75	350	0.004349
80	0	0.005948
80	10	0.007019
80	20	0.007473
80	30	0.005701
80	40	0.004509
80	50	0.004693
80	60	0.005059
80	70	0.012428
80	80	0.004564
80	90	0.004876
80	100	0.004858
80	110	0.004289
80	120	0.004839
80	130	0.004420
80	140	0.004546
80	150	0.004269
80	160	0.004379
80	170	0.004225
80	180	0.004808
80	190	0.004674
80	200	0.045167
80	210	0.004161
80	220	0.004399
80	230	0.004399
80	240	0.004289
80	250	0.004509
80	260	0.004876
80	270	0.006548
80	280	0.004271
80	290	0.004546
80	300	0.004069
80	310	0.004143
80	320	0.006258
80	330	0.004344
80	340	0.006126
80	350	0.006242
50	-20
0	0	0.001380
5	0	0.001402
5	10	0.007747
5	20	0.005174
5	30	0.001362
5	40	0.001253
5	50	0.001318
5	60	0.001400
5	70	0.001808
5	80	0.002185
5	90	0.001950
5	100	0.001582
5	110	0.001399
5	120	0.001360
5	130	0.001335
5	140	0.001234
5	150	0.005646
5	160	0.007722
5	170	0.002163
5	180	0.001293
5	190	0.001282
5	200	0.001533
5	210	0.014920
5	220	0.024259
5	230	0.002827
5	240	0.001357
5	250	0.001418
5	260	0.001616
5	270	0.001768
5	280	0.002007
5	290	0.001928
5	300	0.001635
5	310	0.001536
5	320	0.001597
5	330	0.001710
5	340	0.001451
5	350	0.001319
10	0	0.001996
10	10	0.011557
10	20	0.001611
10	30	0.001870
10	40	0.001881
10	50	0.001665
10	60	0.001371
10	70	0.001264
10	80	0.001380
10	90	0.001700
10	100	0.001460
10	110	0.001519
10	120	0.001422
10	130	0.001428
10	140	0.004373
10	150	0.001506
10	160	0.001421
10	170	0.014246
10	180	0.001498
10	190	0.005650
10	200	0.186134
10	210	0.001779
10	220	0.001261
10	230	0.001241
10	240	0.003213
10	250	0.001284
10	260	0.001265
10	270	0.001365
10	280	0.001369
10	290	0.001247
10	300	0.003763
10	310	0.001891
10	320	0.001204
10	330	0.001346
10	340	0.011058
10	350	0.001585
15	0	0.002213
15	10	0.001409
15	20	0.001580
15	30	0.001679
15	40	0.001510
15	50	0.002235
15	60	0.001576
15	70	0.001529
15	80	0.001931
15	90	0.002508
15	100	0.001614
15	110	0.001259
15	120	0.001401
15	130	0.006868
15	140	0.001356
15	150	0.010200
15	160	0.001422
15	170	0.003630
15	180	0.001307
15	190	0.016704
15	200	0.001375
15	210	0.001322
15	220	0.001436
15	230	0.002628
15	240	0.002097
15	250	0.003438
15	260	0.001466
15	270	0.002816
15	280	0.001586
15	290	0.003942
15	300	0.001495
15	310	0.001394
15	320	0.001576
15	330	0.001235
15	340	0.001353
15	350	0.001775
20	0	0.004414
20	10	0.001867
20	20	0.002541
20	30	0.001392
20	40	0.001552
20	50	0.002470
20	60	0.003828
20	70	0.001437
20	80	0.001609
20	90	0.001565
20	100	0.001305
20	110	0.001806
20	120	0.030456
20	130	0.001019
20	140	0.000192
20	150	0.000383
20	160	0.174287
20	170	0.005295
20	180	0.001707
20	190	0.143320
20	200	0.001366
20	210	0.001377
20	220	0.017657
20	230	0.001544
20	240	0.001565
20	250	0.001236
20	260	0.001204
20	270	0.001303
20	280	0.001224
20	290	0.001474
20	300	0.001053
20	310	0.001480
20	320	0.002023
20	330	0.001410
20	340	0.000813
20	350	0.011097
25	0	0.001650
25	10	0.001401
25	20	0.001571
25	30	0.001988
25	40	0.001416
25	50	0.001296
25	60	0.024399
25	70	0.001303
25	80	0.001440
25	90	0.001781
25	100	0.001423
25	110	0.002663
25	120	0.001563
25	130	0.001760
25	140	0.003235
25	150	0.001490
25	160	0.002016
25	170	0.001560
25	180	0.001251
25	190	0.001324
25	200	0.001213
25	210	0.006631
25	220	0.001478
25	230	0.001174
25	240	0.001343
25	250	0.002905
25	260	0.004640
25	270	0.021428
25	280	0.002125
25	290	0.001981
25	300	0.001309
25	310	0.006663
25	320	0.001426
25	330	0.002406
25	340	0.001612
25	350	0.001872
30	0	0.001827
30	10	0.001721
30	20	0.001719
30	30	0.001455
30	40	0.001421
30	50	0.001466
30	60	0.001580
30	70	0.002000
30	80	0.001505
30	90	0.001771
30	100	0.001602
30	110	0.010971
30	120	0.001550
30	130	0.042276
30	140	0.001904
30	150	0.001533
30	160	0.001967
30	170	0.001926
30	180	0.001842
30	190	0.001754
30	200	0.001528
30	210	0.001483
30	220	0.001250
30	230	0.001907
30	240	0.001258
30	250	0.001439
30	260	0.005238
30	270	0.018977
30	280	0.006388
30	290	0.001292
30	300	0.001527
30	310	0.001455
30	320	0.001845
30	330	0.002474
30	340	0.001880
30	350	0.002092
35	0	0.001765
35	10	0.002476
35	20	0.013539
35	30	0.002258
35	40	0.001853
35	50	0.138328
35	60	0.001420
35	70	0.070296
35	80	0.001449
35	90	0.001531
35	100	0.001412
35	110	0.001502
35	120	0.002114
35	130	0.002285
35	140	0.001893
35	150	0.144325
35	160	0.001918
35	170	0.001792
35	180	0.001846
35	190	0.001733
35	200	0.002208
35	210	0.001397
35	220	0.001248
35	230	0.001380
35	240	0.001164
35	250	0.001423
35	260	0.001744
35	270	0.151311
35	280	0.001578
35	290	0.001501
35	300	0.002841
35	310	0.001787
35	320	0.001580
35	330	0.001928
35	340	0.002097
35	350	0.002118
40	0	0.002120
40	10	0.003146
40	20	0.001906
40	30	0.001909
40	40	0.001840
40	50	0.001639
40	60	0.001526
40	70	0.007839
40	80	0.014405
40	90	0.005439
40	100	0.004276
40	110	0.001800
40	120	0.032332
40	200	0.007322
40	210	0.001358
40	220	0.001711
40	230	0.001280
40	240	0.001650
40	250	0.001530
40	260	0.001405
40	270	0.001214
40	280	0.001327
40	290	0.001399
40	300	0.001444
40	310	0.001741
40	320	0.002117
40	330	0.002714
40	340	0.002662
40	350	0.002369
45	0	0.053416
45	10	0.004407
45	20	0.002004
45	30	0.001780
45	40	0.175683
45	50	0.007141
45	60	0.004177
45	70	0.001843
45	80	0.001523
45	90	0.001682
45	100	0.001668
45	110	0.001853
45	120	0.003574
45	200	0.001716
45	210	0.001547
45	220	0.001545
45	230	0.001495
45	240	0.001620
45	250	0.001417
45	260	0.001274
45	270	0.001265
45	280	0.001202
45	290	0.001331
45	300	0.001768
45	310	0.001569
45	320	0.001991
45	330	0.003930
45	340	0.007720
45	350	0.005492
50	0	0.002932
50	10	0.002547
50	20	0.212864
50	30	0.001700
50	40	0.001725
50	50	0.001800
50	60	0.002079
50	70	0.001573
50	80	0.001633
50	90	0.001861
50	100	0.001761
50	110	0.001756
50	120	0.001953
50	200	0.002121
50	210	0.001998
50	220	0.001442
50	230	0.001994
50	240	0.001352
50	250	0.001347
50	260	0.001795
50	270	0.046297
50	280	0.002056
50	290	0.001585
50	300	0.001740
50	310	0.002032
50	320	0.002289
50	330	0.002640
50	340	0.003561
50	350	0.003599
55	0	0.003013
55	10	0.003972
55	20	0.002098
55	30	0.004609
55	40	0.010126
55	50	0.003129
55	60	0.001824
55	70	0.001815
55	80	0.004971
55	90	0.004957
55	100	0.750313
55	110	0.001930
55	120	0.001982
55	200	0.001904
55	210	0.002520
55	220	0.001554
55	230	0.001443
55	240	0.001822
55	250	0.001793
55	260	0.001604
55	270	0.001493
55	280	0.001632
55	290	0.001588
55	300	0.001693
55	310	0.001927
55	320	0.002462
55	330	0.336484
55	340	0.003602
55	350	0.003035
60	0	0.003703
60	10	0.002751
60	20	0.002458
60	30	0.005246
60	40	0.001925
60	50	0.002045
60	60	0.001952
60	70	0.001888
60	80	0.001880
60	90	0.001882
60	100	0.001937
60	110	0.050981
60	120	0.002039
60	200	0.001913
60	210	0.001707
60	220	0.002070
60	230	0.001694
60	240	0.006634
60	250	0.001662
60	260	0.001860
60	270	0.001503
60	280	0.001669
60	290	0.001535
60	300	0.001605
60	310	0.001880
60	320	0.002133
60	330	0.003107
60	340	0.003137
60	350	0.004482
65	0	0.003639
65	10	0.175079
65	20	0.002959
65	30	0.002242
65	40	0.002419
65	50	0.002374
65	60	0.002171
65	70	0.002170
65	80	0.002141
65	90	0.002159
65	100	0.002340
65	110	0.002351
65	120	0.002224
65	130	0.002332
65	140	0.002428
65	150	0.002631
65	160	0.056902
65	170	0.002727
65	180	0.002550
65	190	0.002518
65	200	0.002584
65	210	0.002253
65	220	0.003235
65	230	0.002396
65	240	0.002177
65	250	0.001854
65	260	0.001846
65	270	0.002215
65	280	0.001974
65	290	0.002147
65	300	0.002057
65	310	0.002321
65	320	0.004188
65	330	0.003054
65	340	0.005681
65	350	0.003887
70	0	0.003608
70	10	0.003898
70	20	0.006562
70	30	0.002477
70	40	0.007567
70	50	0.002423
70	60	0.002692
70	70	0.002946
70	80	0.002283
70	90	0.002286
70	100	0.002527
70	110	0.002538
70	120	0.003202
70	130	0.002691
70	140	0.002765
70	150	0.002875
70	160	0.002923
70	170	0.003081
70	180	0.002899
70	190	0.002879
70	200	0.003039
70	210	0.003128
70	220	0.002542
70	230	0.002746
70	240	0.002663
70	250	0.003230
70	260	0.004596
70	270	0.037852
70	280	0.003470
70	290	0.002905
70	300	0.003175
70	310	0.003072
70	320	0.003824
70	330	0.002978
70	340	0.004048
70	350	0.004031
75	0	0.004929
75	10	0.004477
75	20	0.007971
75	30	0.003346
75	40	0.005735
75	50	0.003666
75	60	0.003457
75	70	0.002953
75	80	0.003334
75	90	0.003568
75	100	0.003580
75	110	0.003027
75	120	0.003522
75	130	0.003066
75	140	0.003397
75	150	0.031289
75	160	0.003199
75	170	0.003659
75	180	0.003372
75	190	0.003279
75	200	0.002965
75	210	0.003002
75	220	0.003174
75	230	0.014218
75	240	0.003211
75	250	0.003433
75	260	0.003924
75	270	0.002941
75	280	0.003920
75	290	0.002854
75	300	0.002928
75	310	0.003027
75	320	0.003137
75	330	0.005014
75	340	0.004128
75	350	0.004784
80	0	0.007147
80	10	0.005637
80	20	0.005886
80	30	0.004475
80	40	0.004566
80	50	0.004896
80	60	0.004346
80	70	0.004640
80	80	0.005226
80	90	0.005116
80	100	0.004383
80	110	0.005024
80	120	0.004451
80	130	0.004689
80	140	0.004478
80	150	0.004608
80	160	0.044335
80	170	0.004828
80	180	0.004839
80	190	0.005076
80	200	0.004236
80	210	0.004493
80	220	0.004475
80	230	0.004200
80	240	0.004566
80	250	0.005189
80	260	0.005446
80	270	0.004346
80	280	0.004676
80	290	0.004236
80	300	0.004218
80	310	0.004475
80	320	0.004438
80	330	0.006489
80	340	0.006097
80	350	0.016353
50	-30
0	0	0.001579
5	0	0.002261
5	10	0.002055
5	20	0.001678
5	30	0.001307
5	40	0.001190
5	50	0.002275
5	60	0.002939
5	70	0.001280
5	80	0.001170
5	90	0.001271
5	100	0.004303
5	110	0.049614
5	120	0.028680
5	130	0.001802
5	140	0.001316
5	150	0.001458
5	160	0.001556
5	170	0.001507
5	180	0.001394
5	190	0.001332
5	200	0.001317
5	210	0.001361
5	220	0.001297
5	230	0.001338
5	240	0.002696
5	250	0.004220
5	260	0.001339
5	270	0.001249
5	280	0.001250
5	290	0.001753
5	300	0.002366
5	310	0.001396
5	320	0.001399
5	330	0.001395
5	340	0.001814
5	350	0.002181
10	0	0.001627
10	10	0.001378
10	20	0.001347
10	30	0.002256
10	40	0.001312
10	50	0.001219
10	60	0.001157
10	70	0.028479
10	80	0.002534
10	90	0.001931
10	100	0.247247
10	110	0.006567
10	120	0.001531
10	130	0.001397
10	140	0.001300
10	150	0.001404
10	160	0.001246
10	170	0.001356
10	180	0.001354
10	190	0.001348
10	200	0.001258
10	210	0.002544
10	220	0.001842
10	230	0.001212
10	240	0.001413
10	250	0.004539
10	260	0.029482
10	270	0.001388
10	280	0.002184
10	290	0.001603
10	300	0.001457
10	310	0.001316
10	320	0.003510
10	330	0.006706
10	340	0.001368
10	350	0.001627
15	0	0.001422
15	10	0.001199
15	20	0.001220
15	30	0.001308
15	40	0.001733
15	50	0.001486
15	60	0.001578
15	70	0.001203
15	80	0.008255
15	90	0.001320
15	100	0.009145
15	110	0.001318
15	120	0.001299
15	130	0.001569
15	140	0.298878
15	150	0.001856
15	160	0.001395
15	170	0.001314
15	180	0.001578
15	190	0.001295
15	200	0.001786
15	210	0.001495
15	220	0.003847
15	230	0.001309
15	240	0.001197
15	250	0.001215
15	260	0.006173
15	270	0.001180
15	280	0.003223
15	290	0.001304
15	300	0.001291
15	310	0.001481
15	320	0.001476
15	330	0.001267
15	340	0.001313
15	350	0.001268
20	0	0.001402
20	10	0.001325
20	20	0.002060
20	30	0.019535
20	40	0.001406
20	50	0.002212
20	60	0.001819
20	70	0.003662
20	80	0.048978
20	90	0.001870
20	100	0.001684
20	110	0.002066
20	120	0.000907
20	130	0.011758
20	140	0.000559
20	150	0.020435
20	160	0.001321
20	170	0.001351
20	180	0.001527
20	190	0.001268
20	200	0.001261
20	210	0.009226
20	220	0.001412
20	230	0.013112
20	240	0.001239
20	250	0.001397
20	260	0.011173
20	270	0.001600
20	280	0.001507
20	290	0.001266
20	300	0.001192
20	310	0.014932
20	320	0.001621
20	330	0.040950
20	340	0.000461
20	350	0.001236
25	0	0.001830
25	10	0.001444
25	20	0.043477
25	30	0.001370
25	40	0.001359
25	50	0.001809
25	60	0.001317
25	70	0.001451
25	80	0.015882
25	90	0.001598
25	100	0.001433
25	110	0.001503
25	120	0.004271
25	130	0.001363
25	140	0.001461
25	150	0.002049
25	160	0.002034
25	170	0.001250
25	180	0.003098
25	190	0.001389
25	200	0.004808
25	210	0.001525
25	220	0.001252
25	230	0.001479
25	240	0.050800
25	250	0.001014
25	260	0.001024
25	270	0.000950
25	280	0.001024
25	290	0.001339
25	300	0.036098
25	310	0.001451
25	320	0.014797
25	330	0.002675
25	340	0.001577
25	350	0.001585
30	0	0.001908
30	10	0.001764
30	20	0.009501
30	30	0.001281
30	40	0.003847
30	50	0.001698
30	60	0.001349
30	70	0.001744
30	80	0.001804
30	90	0.007244
30	100	0.001823
30	110	0.001734
30	120	0.001628
30	130	0.001727
30	140	0.006645
30	150	0.001696
30	160	0.020950
30	170	0.002014
30	180	0.001514
30	190	0.003091
30	200	0.004815
30	210	0.001159
30	220	0.001681
30	230	0.001186
30	240	0.001734
30	250	0.001061
30	260	0.001375
30	270	0.001206
30	280	0.001363
30	290	0.001294
30	300	0.001422
30	310	0.001628
30	320	0.001595
30	330	0.001895
30	340	0.003620
30	350	0.001841
35	0	0.001943
35	10	0.001482
35	20	0.001357
35	30	0.002214
35	40	0.001612
35	50	0.001326
35	60	0.001982
35	70	0.001566
35	80	0.001394
35	90	0.001428
35	100	0.001463
35	110	0.004830
35	120	0.002059
35	130	0.078603
35	140	0.002433
35	150	0.001451
35	160	0.006563
35	170	0.043615
35	180	0.113121
35	190	0.001871
35	200	0.001477
35	210	0.001153
35	220	0.001362
35	230	0.001122
35	240	0.001335
35	250	0.001916
35	260	0.001350
35	270	0.001315
35	280	0.001725
35	290	0.007915
35	300	0.001664
35	310	0.001864
35	320	0.002188
35	330	0.002194
35	340	0.003828
35	350	0.006497
40	0	0.009137
40	10	0.002510
40	20	0.001515
40	30	0.003336
40	40	0.096860
40	50	0.046161
40	60	0.001440
40	70	0.002434
40	80	0.001483
40	90	0.001687
40	100	0.001500
40	110	0.002310
40	190	0.001358
40	200	0.001269
40	210	0.001763
40	220	0.001298
40	230	0.001886
40	240	0.001350
40	250	0.006603
40	260	0.001105
40	270	0.001219
40	280	0.003781
40	290	0.002040
40	300	0.002331
40	310	0.001979
40	320	0.002360
40	330	0.002414
40	340	0.002697
40	350	0.004068
45	0	0.002017
45	10	0.002183
45	20	0.026294
45	30	0.003137
45	40	0.001752
45	50	0.002570
45	60	0.001424
45	70	0.006240
45	80	0.004081
45	90	0.002397
45	100	0.003509
45	110	0.003245
45	190	0.001562
45	200	0.007455
45	210	0.001671
45	220	0.001359
45	230	0.001515
45	240	0.001175
45	250	0.001278
45	260	0.002264
45	270	0.001391
45	280	0.040253
45	290	0.001287
45	300	0.001667
45	310	0.003552
45	320	0.003057
45	330	0.004954
45	340	0.002859
45	350	0.002404
50	0	0.002165
50	10	0.050739
50	20	0.001776
50	30	0.002765
50	40	0.087024
50	50	0.089482
50	60	0.001825
50	70	0.001741
50	80	0.001608
50	90	0.003321
50	100	0.001681
50	110	0.001863
50	190	0.003249
50	200	0.001769
50	210	0.001312
50	220	0.004467
50	230	0.001253
50	240	0.001278
50	250	0.001444
50	260	0.001446
50	270	0.001372
50	280	0.001476
50	290	0.002501
50	300	0.001788
50	310	0.002183
50	320	0.002828
50	330	0.004843
50	340	0.004000
50	350	0.002713
55	0	0.006142
55	10	0.005629
55	20	0.001906
55	30	0.001701
55	40	0.003711
55	50	0.001790
55	60	0.001637
55	70	0.001658
55	80	0.001655
55	90	0.001771
55	100	0.001796
55	110	0.003074
55	190	0.001723
55	200	0.001847
55	210	0.001460
55	220	0.001471
55	230	0.001299
55	240	0.005883
55	250	0.001504
55	260	0.001404
55	270	0.001498
55	280	0.001448
55	290	0.001532
55	300	0.002329
55	310	0.002533
55	320	0.004076
55	330	0.003207
55	340	0.003284
55	350	0.003224
60	0	0.002903
60	10	0.008664
60	20	0.003361
60	30	0.001808
60	40	0.001936
60	50	0.001913
60	60	0.002574
60	70	0.001737
60	80	0.284756
60	90	0.007357
60	100	0.002094
60	110	0.001909
60	190	0.001802
60	200	0.001592
60	210	0.009651
60	220	0.001566
60	230	0.001763
60	240	0.001541
60	250	0.001744
60	260	0.001420
60	270	0.001547
60	280	0.001496
60	290	0.001528
60	300	0.001802
60	310	0.002063
60	320	0.003400
60	330	0.003404
60	340	0.017921
60	350	0.003582
65	0	0.002799
65	10	0.002547
65	20	0.045824
65	30	0.002110
65	40	0.002045
65	50	0.002022
65	60	0.002076
65	70	0.004133
65	80	0.002016
65	90	0.001891
65	100	0.002319
65	110	0.002097
65	120	0.010039
65	130	0.002870
65	140	0.002366
65	150	0.002121
65	160	0.002532
65	170	0.002449
65	180	0.003606
65	190	0.002410
65	200	0.002320
65	210	0.002019
65	220	0.002139
65	230	0.214831
65	240	0.001702
65	250	0.001943
65	260	0.002064
65	270	0.001860
65	280	0.002139
65	290	0.001921
65	300	0.002154
65	310	0.002425
65	320	0.002966
65	330	0.003489
65	340	0.003194
65	350	0.003435
70	0	0.003543
70	10	0.002901
70	20	0.002676
70	30	0.003051
70	40	0.002326
70	50	0.002564
70	60	0.002465
70	70	0.002197
70	80	0.002129
70	90	0.002347
70	100	0.002336
70	110	0.002715
70	120	0.002489
70	130	0.002554
70	140	0.003998
70	150	0.002745
70	160	0.002755
70	170	0.002749
70	180	0.002734
70	190	0.002942
70	200	0.002960
70	210	0.002383
70	220	0.002559
70	230	0.002420
70	240	0.003043
70	250	0.003330
70	260	0.002885
70	270	0.002997
70	280	0.002727
70	290	0.003312
70	300	0.003252
70	310	0.002922
70	320	0.002776
70	330	0.005802
70	340	0.003713
70	350	0.003269
75	0	0.003937
75	10	0.003558
75	20	0.003382
75	30	0.012766
75	40	0.003431
75	50	0.003247
75	60	0.002989
75	70	0.003062
75	80	0.003099
75	90	0.003296
75	100	0.002755
75	110	0.003124
75	120	0.002854
75	130	0.003144
75	140	0.003257
75	150	0.002995
75	160	0.004014
75	170	0.003044
75	180	0.002986
75	190	0.002706
75	200	0.002878
75	210	0.002939
75	220	0.002730
75	230	0.002853
75	240	0.003198
75	250	0.003591
75	260	0.002804
75	270	0.002841
75	280	0.002632
75	290	0.002693
75	300	0.002743
75	310	0.005695
75	320	0.004024
75	330	0.003777
75	340	0.004695
75	350	0.003680
80	0	0.004848
80	10	0.005683
80	20	0.004381
80	30	0.023243
80	40	0.004509
80	50	0.003959
80	60	0.040639
80	70	0.004693
80	80	0.004564
80	90	0.003904
80	100	0.004674
80	110	0.004101
80	120	0.004346
80	130	0.004007
80	140	0.004108
80	150	0.003877
80	160	0.004500
80	170	0.004473
80	180	0.004665
80	190	0.003868
80	200	0.006078
80	210	0.004289
80	220	0.003831
80	230	0.004088
80	240	0.004528
80	250	0.005261
80	260	0.004124
80	270	0.004363
80	280	0.003886
80	290	0.003868
80	300	0.004014
80	310	0.004436
80	320	0.005426
80	330	0.007166
80	340	0.004810
80	350	0.005761
50	-40
0	0	0.001291
5	0	0.001370
5	10	0.001412
5	20	0.001594
5	30	0.013743
5	40	0.045519
5	50	0.015313
5	60	0.001522
5	70	0.001396
5	80	0.001385
5	90	0.001378
5	100	0.001365
5	110	0.001423
5	120	0.001311
5	130	0.001342
5	140	0.001540
5	150	0.001536
5	160	0.001490
5	170	0.001367
5	180	0.001276
5	190	0.001272
5	200	0.001309
5	210	0.001257
5	220	0.001302
5	230	0.001308
5	240	0.001350
5	250	0.001316
5	260	0.001449
5	270	0.001601
5	280	0.001727
5	290	0.001976
5	300	0.002038
5	310	0.001719
5	320	0.001483
5	330	0.001844
5	340	0.001468
5	350	0.001346
10	0	0.001500
10	10	0.001695
10	20	0.004298
10	30	0.001473
10	40	0.001347
10	50	0.001253
10	60	0.001314
10	70	0.001770
10	80	0.001439
10	90	0.001567
10	100	0.001582
10	110	0.001382
10	120	0.002730
10	130	0.005109
10	140	0.001546
10	150	0.002034
10	160	0.001771
10	170	0.001434
10	180	0.001360
10	190	0.001357
10	200	0.001383
10	210	0.001589
10	220	0.024363
10	230	0.014312
10	240	0.001396
10	250	0.001315
10	260	0.001341
10	270	0.001369
10	280	0.001505
10	290	0.001721
10	300	0.001655
10	310	0.001533
10	320	0.013244
10	330	0.001416
10	340	0.001429
10	350	0.001368
15	0	0.001622
15	10	0.015163
15	20	0.001933
15	30	0.013952
15	40	0.001587
15	50	0.001663
15	60	0.002121
15	70	0.003245
15	80	0.002809
15	90	0.001459
15	100	0.001581
15	110	0.014252
15	120	0.002846
15	130	0.001400
15	140	0.003549
15	150	0.001437
15	160	0.001869
15	170	0.002144
15	180	0.001360
15	190	0.001327
15	200	0.001342
15	210	0.001354
15	220	0.001262
15	230	0.001252
15	240	0.001422
15	250	0.001364
15	260	0.001341
15	270	0.001406
15	280	0.001550
15	290	0.001352
15	300	0.001381
15	310	0.003344
15	320	0.001408
15	330	0.015163
15	340	0.001391
15	350	0.001717
20	0	0.001508
20	10	0.002062
20	20	0.007204
20	30	0.001422
20	40	0.001947
20	50	0.001489
20	60	0.001875
20	70	0.001347
20	80	0.001550
20	90	0.001462
20	100	0.001323
20	110	0.002576
20	120	0.000312
20	130	0.000470
20	140	0.002867
20	150	0.003078
20	160	0.002004
20	170	0.001743
20	180	0.001392
20	190	0.001484
20	200	0.002338
20	210	0.001370
20	220	0.001330
20	230	0.001495
20	240	0.001622
20	250	0.002030
20	260	0.001310
20	270	0.001357
20	280	0.001129
20	290	0.001378
20	300	0.002377
20	310	0.004077
20	320	0.000839
20	330	0.000382
20	340	0.017867
20	350	0.001580
25	0	0.001712
25	10	0.002096
25	20	0.009137
25	30	0.002345
25	40	0.001372
25	50	0.001383
25	60	0.002233
25	70	0.008611
25	80	0.023745
25	90	0.001618
25	100	0.003012
25	110	0.002127
25	120	0.001333
25	130	0.025609
25	140	0.001894
25	150	0.001674
25	160	0.001309
25	170	0.001491
25	180	0.001145
25	190	0.001358
25	200	0.001265
25	210	0.001235
25	220	0.003416
25	230	0.001641
25	240	0.012874
25	250	0.001012
25	260	0.001114
25	270	0.001193
25	280	0.001388
25	290	0.004270
25	300	0.002306
25	310	0.001931
25	320	0.003597
25	330	0.002240
25	340	0.373661
25	350	0.002141
30	0	0.001693
30	10	0.001608
30	20	0.001592
30	30	0.002361
30	40	0.001546
30	50	0.018255
30	60	0.002235
30	70	0.004077
30	80	0.006030
30	90	0.005276
30	100	0.019776
30	110	0.001778
30	120	0.002980
30	130	0.002281
30	140	0.002917
30	150	0.019112
30	160	0.002649
30	170	0.001891
30	180	0.001532
30	190	0.005214
30	200	0.002164
30	210	0.001518
30	220	0.001276
30	230	0.001241
30	240	0.001221
30	250	0.001509
30	260	0.001409
30	270	0.001398
30	280	0.001648
30	290	0.001866
30	300	0.001649
30	310	0.109342
30	320	0.018906
30	330	0.001726
30	340	0.002086
30	350	0.001727
35	0	0.004122
35	10	0.002284
35	20	0.001789
35	30	0.005901
35	40	0.003023
35	50	0.001732
35	60	0.001487
35	70	0.001618
35	80	0.008180
35	90	0.014553
35	100	0.101042
35	110	0.001782
35	120	0.014835
35	130	0.002641
35	140	0.002472
35	150	0.002676
35	160	0.001775
35	170	0.001640
35	180	0.001538
35	190	0.003166
35	200	0.002431
35	210	0.001875
35	220	0.001200
35	230	0.001332
35	240	0.001377
35	250	0.002859
35	260	0.001579
35	270	0.001528
35	280	0.001759
35	290	0.001815
35	300	0.001870
35	310	0.002971
35	320	0.002287
35	330	0.002866
35	340	0.002559
35	350	0.005361
40	0	0.001974
40	10	0.001634
40	20	0.005815
40	30	0.001733
40	40	0.001911
40	50	0.012288
40	60	0.002495
40	70	0.001968
40	80	0.001598
40	90	0.001674
40	100	0.001744
40	180	0.003398
40	190	0.099317
40	200	0.001514
40	210	0.001258
40	220	0.001925
40	230	0.001490
40	240	0.001527
40	250	0.001249
40	260	0.041273
40	270	0.001573
40	280	0.001902
40	290	0.002173
40	300	0.223368
40	310	0.004486
40	320	0.003071
40	330	0.180781
40	340	0.002276
40	350	0.002251
45	0	0.002049
45	10	0.001846
45	20	0.001772
45	30	0.006198
45	40	0.001623
45	50	0.003880
45	60	0.001935
45	70	0.016278
45	80	0.001675
45	90	0.001765
45	100	0.001839
45	180	0.001739
45	190	0.001625
45	200	0.002879
45	210	0.001489
45	220	0.001944
45	230	0.001515
45	240	0.001778
45	250	0.001358
45	260	0.001245
45	270	0.001361
45	280	0.001428
45	290	0.002879
45	300	0.002164
45	310	0.003060
45	320	0.005384
45	330	0.002677
45	340	0.017676
45	350	0.002083
50	0	0.003852
50	10	0.016573
50	20	0.002124
50	30	0.002516
50	40	0.003112
50	50	0.002051
50	60	0.001804
50	70	0.002756
50	80	0.002146
50	90	0.002036
50	100	0.003223
50	180	0.001981
50	190	0.001876
50	200	0.001783
50	210	0.001707
50	220	0.001425
50	230	0.001622
50	240	0.001316
50	250	0.001613
50	260	0.001529
50	270	0.001613
50	280	0.001741
50	290	0.002024
50	300	0.005733
50	310	0.003277
50	320	0.007755
50	330	0.006043
50	340	0.002751
50	350	0.157989
55	0	0.002065
55	10	0.001906
55	20	0.034326
55	30	0.001856
55	40	0.002937
55	50	0.001884
55	60	0.002028
55	70	0.001969
55	80	0.001863
55	90	0.001966
55	100	0.002024
55	180	0.002492
55	190	0.001868
55	200	0.001674
55	210	0.001541
55	220	0.001491
55	230	0.002024
55	240	0.001813
55	250	0.001563
55	260	0.070744
55	270	0.001702
55	280	0.002000
55	290	0.001960
55	300	0.002737
55	310	0.002969
55	320	0.003361
55	330	0.003210
55	340	0.004437
55	350	0.002549
60	0	0.002331
60	10	0.002213
60	20	0.002024
60	30	0.002682
60	40	0.002072
60	50	0.001962
60	60	0.004418
60	70	0.001976
60	80	0.002004
60	90	0.002027
60	100	0.002115
60	180	0.001895
60	190	0.001793
60	200	0.002705
60	210	0.002740
60	220	0.001933
60	230	0.001704
60	240	0.001901
60	250	0.470473
60	260	0.001596
60	270	0.001589
60	280	0.001647
60	290	0.001863
60	300	0.002223
60	310	0.007389
60	320	0.016188
60	330	0.003346
60	340	0.003210
60	350	0.002672
65	0	0.005835
65	10	0.002404
65	20	0.002591
65	30	0.003656
65	40	0.002151
65	50	0.002257
65	60	0.002205
65	70	0.002245
65	80	0.002118
65	90	0.002412
65	100	0.002307
65	110	0.002434
65	120	0.002698
65	130	0.002533
65	140	0.002277
65	150	0.009020
65	160	0.002567
65	170	0.003551
65	180	0.002573
65	190	0.002340
65	200	0.002144
65	210	0.002423
65	220	0.002491
65	230	0.001888
65	240	0.002061
65	250	0.002234
65	260	0.002137
65	270	0.002265
65	280	0.002137
65	290	0.002400
65	300	0.002659
65	310	0.003143
65	320	0.003437
65	330	0.004245
65	340	0.003372
65	350	0.003545
70	0	0.068532
70	10	0.007554
70	20	0.003176
70	30	0.002573
70	40	0.002936
70	50	0.006111
70	60	0.002410
70	70	0.002367
70	80	0.003418
70	90	0.002628
70	100	0.003135
70	110	0.002814
70	120	0.002800
70	130	0.002922
70	140	0.002816
70	150	0.002728
70	160	0.002723
70	170	0.002956
70	180	0.003049
70	190	0.003236
70	200	0.002659
70	210	0.003485
70	220	0.002659
70	230	0.003208
70	240	0.165899
70	250	0.003379
70	260	0.003366
70	270	0.003059
70	280	0.003198
70	290	0.003143
70	300	0.003236
70	310	0.003371
70	320	0.004829
70	330	0.004148
70	340	0.003344
70	350	6.667768
75	0	0.003906
75	10	0.016562
75	20	0.003737
75	30	0.003845
75	40	0.003575
75	50	0.003676
75	60	0.003489
75	70	0.003513
75	80	0.003649
75	90	0.003071
75	100	0.003485
75	110	0.003315
75	120	0.003516
75	130	0.003720
75	140	0.003107
75	150	0.003427
75	160	0.003362
75	170	0.003344
75	180	0.003095
75	190	0.003107
75	200	0.003366
75	210	0.003046
75	220	0.013733
75	230	0.003329
75	240	0.003919
75	250	0.003366
75	260	0.003316
75	270	0.003046
75	280	0.003071
75	290	0.003705
75	300	0.003415
75	310	0.003981
75	320	0.004197
75	330	0.004402
75	340	0.015590
75	350	0.004899
80	0	0.006098
80	10	0.005394
80	20	0.005218
80	30	0.005200
80	40	0.004485
80	50	0.004851
80	60	0.005218
80	70	0.005200
80	80	0.004430
80	90	0.005200
80	100	0.004644
80	110	0.004908
80	120	0.004549
80	130	0.011328
80	140	0.004485
80	150	0.004873
80	160	0.004954
80	170	0.005260
80	180	0.019094
80	190	0.004632
80	200	0.004687
80	210	0.004393
80	220	0.004613
80	230	0.004943
80	240	0.005695
80	250	0.004778
80	260	0.005126
80	270	0.004650
80	280	0.004448
80	290	0.004558
80	300	0.004668
80	310	0.005786
80	320	0.012292
80	330	0.005455
80	340	0.266596
80	350	0.005126
50	-50
0	0	0.001352
5	0	0.001754
5	10	0.001371
5	20	0.001307
5	30	0.002182
5	40	0.003494
5	50	0.001616
5	60	0.001314
5	70	0.001322
5	80	0.001344
5	90	0.001388
5	100	0.001450
5	110	0.001327
5	120	0.001283
5	130	0.001394
5	140	0.001345
5	150	0.001321
5	160	0.001317
5	170	0.001386
5	180	0.001359
5	190	0.001358
5	200	0.001290
5	210	0.001328
5	220	0.001363
5	230	0.001440
5	240	0.001406
5	250	0.001415
5	260	0.001368
5	270	0.001302
5	280	0.001331
5	290	0.001433
5	300	0.001435
5	310	0.001388
5	320	0.001781
5	330	0.001804
5	340	0.001810
5	350	0.001863
10	0	0.001547
10	10	0.001351
10	20	0.001490
10	30	0.001671
10	40	0.005504
10	50	0.001697
10	60	0.001745
10	70	0.001440
10	80	0.001564
10	90	0.001473
10	100	0.001942
10	110	0.001916
10	120	0.001572
10	130	0.016606
10	140	0.001401
10	150	0.001375
10	160	0.001309
10	170	0.001338
10	180	0.001464
10	190	0.001645
10	200	0.001428
10	210	0.001325
10	220	0.003895
10	230	0.008172
10	240	0.001290
10	250	0.001613
10	260	0.001786
10	270	0.001454
10	280	0.001415
10	290	0.001309
10	300	0.001347
10	310	0.001928
10	320	0.010121
10	330	0.001776
10	340	0.002713
10	350	0.002079
15	0	0.001481
15	10	0.001407
15	20	0.001693
15	30	0.019113
15	40	0.001644
15	50	0.001601
15	60	0.002026
15	70	0.001388
15	80	0.001344
15	90	0.001604
15	100	0.001552
15	110	0.001352
15	120	0.002560
15	130	0.001442
15	140	0.005171
15	150	0.001873
15	160	0.001397
15	170	0.001334
15	180	0.001562
15	190	0.001518
15	200	0.001385
15	210	0.002139
15	220	0.001266
15	230	0.001271
15	240	0.003329
15	250	0.001470
15	260	0.001693
15	270	0.001445
15	280	0.001283
15	290	0.001281
15	300	0.005572
15	310	0.001538
15	320	0.001494
15	330	0.020564
15	340	0.001445
15	350	0.001494
20	0	0.001510
20	10	0.001683
20	20	0.450586
20	30	0.002232
20	40	0.001477
20	50	0.001554
20	60	0.016472
20	70	0.002140
20	80	0.001531
20	90	0.001832
20	100	0.001635
20	110	0.007096
20	120	0.000853
20	130	0.000902
20	140	0.001484
20	150	0.001970
20	160	0.001459
20	170	0.001349
20	180	0.001715
20	190	0.001536
20	200	0.001439
20	210	0.001293
20	220	0.001286
20	230	0.001318
20	240	0.001282
20	250	0.001321
20	260	0.001371
20	270	0.001015
20	280	0.001329
20	290	0.001587
20	300	0.001669
20	310	0.000832
20	320	0.002056
20	330	0.002699
20	340	0.002825
20	350	0.002076
25	0	0.001606
25	10	0.001584
25	20	0.002887
25	30	0.001440
25	40	0.006975
25	50	0.002131
25	60	0.001552
25	70	0.009114
25	80	0.001671
25	90	0.001566
25	100	0.001685
25	110	0.001268
25	120	0.001517
25	130	0.006588
25	140	0.001577
25	150	0.001387
25	160	0.008481
25	170	0.001191
25	180	0.001482
25	190	0.001386
25	200	0.001345
25	210	0.039669
25	220	0.001167
25	230	0.001098
25	240	0.031209
25	250	0.001393
25	260	0.001039
25	270	0.001249
25	280	0.001761
25	290	0.347546
25	300	0.002247
25	310	0.001880
25	320	0.002110
25	330	0.002419
25	340	0.057845
25	350	0.002103
30	0	0.002234
30	10	0.002993
30	20	0.002152
30	30	0.001543
30	40	0.001841
30	50	0.014016
30	60	0.001516
30	70	0.255430
30	80	0.002006
30	90	0.002274
30	100	0.001940
30	110	0.004432
30	120	0.001584
30	130	0.001753
30	140	0.161260
30	150	0.001621
30	160	0.002062
30	170	0.001512
30	180	0.001546
30	190	0.001254
30	200	0.001495
30	210	0.001377
30	220	0.001342
30	230	0.001451
30	240	0.001360
30	250	0.001225
30	260	0.001236
30	270	0.001374
30	280	0.001490
30	290	0.001852
30	300	0.001830
30	310	0.150189
30	320	0.138563
30	330	0.002036
30	340	0.002231
30	350	0.004862
35	0	0.002448
35	10	0.002718
35	20	0.001511
35	30	0.270098
35	40	0.001597
35	50	0.001627
35	60	0.001868
35	70	0.001501
35	80	0.001626
35	90	0.002478
35	100	0.016612
35	110	0.001849
35	120	0.009621
35	130	0.001892
35	140	0.001686
35	150	0.001966
35	160	0.003132
35	170	0.001938
35	180	0.004717
35	190	0.004262
35	200	0.006345
35	210	0.001269
35	220	0.001369
35	230	0.001224
35	240	0.001364
35	250	0.001656
35	260	0.001902
35	270	0.002017
35	280	0.002642
35	290	0.001942
35	300	0.002234
35	310	0.002506
35	320	0.003648
35	330	0.002211
35	340	0.002343
35	350	0.002121
40	0	0.002106
40	10	0.002288
40	20	0.001559
40	30	0.001779
40	40	0.001838
40	50	0.001997
40	60	0.024199
40	70	0.001632
40	80	0.001924
40	90	0.025579
40	170	0.001462
40	180	0.002489
40	190	0.003656
40	200	0.001422
40	210	0.001559
40	220	0.001483
40	230	0.001462
40	240	0.003120
40	250	0.001342
40	260	0.001444
40	270	0.001530
40	280	0.001949
40	290	0.002308
40	300	0.231567
40	310	0.004815
40	320	0.007816
40	330	0.225974
40	340	0.002563
40	350	0.002223
45	0	0.001780
45	10	0.002245
45	20	0.002670
45	30	0.001664
45	40	0.002522
45	50	0.001648
45	60	0.002518
45	70	0.002676
45	80	0.001802
45	90	0.001844
45	170	0.001870
45	180	0.002453
45	190	0.001597
45	200	0.001530
45	210	0.001851
45	220	0.001354
45	230	0.001527
45	240	0.001264
45	250	0.001278
45	260	0.001296
45	270	0.001432
45	280	0.001600
45	290	0.002624
45	300	0.002628
45	310	0.018217
45	320	0.003772
45	330	0.002709
45	340	0.221225
45	350	0.001996
50	0	0.002030
50	10	0.002601
50	20	0.001972
50	30	0.015914
50	40	0.001889
50	50	0.001899
50	60	0.002068
50	70	0.001963
50	80	0.001938
50	90	0.001966
50	170	0.002387
50	180	0.002024
50	190	0.001714
50	200	0.001703
50	210	0.001505
50	220	0.001440
50	230	0.001346
50	240	0.001629
50	250	0.002181
50	260	0.001673
50	270	0.001703
50	280	0.003139
50	290	0.002359
50	300	0.040621
50	310	0.010029
50	320	0.004064
50	330	0.007135
50	340	0.002660
50	350	0.003234
55	0	0.001929
55	10	0.004126
55	20	0.015148
55	30	0.001961
55	40	0.001863
55	50	0.021930
55	60	0.001849
55	70	0.001898
55	80	0.002217
55	90	0.023718
55	170	0.002399
55	180	0.003756
55	190	0.001631
55	200	0.001514
55	210	0.001587
55	220	0.001931
55	230	0.001670
55	240	0.005066
55	250	0.001692
55	260	0.001675
55	270	0.001720
55	280	0.001916
55	290	0.003179
55	300	0.002998
55	310	0.003287
55	320	0.003855
55	330	0.003073
55	340	0.002728
55	350	0.002175
60	0	0.002435
60	10	0.004925
60	20	0.003517
60	30	0.001967
60	40	0.002465
60	50	0.002084
60	60	0.001979
60	70	0.002234
60	80	0.002214
60	90	0.002135
60	170	0.001916
60	180	0.001814
60	190	0.002107
60	200	0.002266
60	210	0.002234
60	220	0.001788
60	230	0.001928
60	240	0.001769
60	250	0.001801
60	260	0.001610
60	270	0.001635
60	280	0.001795
60	290	0.002210
60	300	0.003144
60	310	0.035810
60	320	0.004347
60	330	0.003154
60	340	0.006034
60	350	0.002364
65	0	0.002292
65	10	0.002538
65	20	0.008674
65	30	0.002233
65	40	0.002261
65	50	0.002212
65	60	0.002257
65	70	0.002277
65	80	0.002408
65	90	0.002315
65	100	0.002457
65	110	0.002613
65	120	0.002569
65	130	0.002277
65	140	0.002732
65	150	0.002576
65	160	0.002459
65	170	0.151909
65	180	0.020388
65	190	0.002221
65	200	0.002379
65	210	0.002229
65	220	0.001950
65	230	0.002221
65	240	0.002214
65	250	0.002183
65	260	0.002394
65	270	0.002342
65	280	0.002846
65	290	0.002515
65	300	0.003298
65	310	0.003556
65	320	0.003413
65	330	0.005106
65	340	0.002803
65	350	0.002668
70	0	0.002831
70	10	0.003085
70	20	0.002896
70	30	0.003096
70	40	0.002879
70	50	0.013215
70	60	0.002438
70	70	0.002611
70	80	0.002653
70	90	0.002843
70	100	0.003012
70	110	0.002857
70	120	0.003002
70	130	0.002845
70	140	0.002777
70	150	0.002692
70	160	0.003202
70	170	0.003205
70	180	0.003266
70	190	0.002754
70	200	0.002847
70	210	0.002988
70	220	0.003238
70	230	0.003147
70	240	0.003275
70	250	0.003542
70	260	0.003406
70	270	0.003284
70	280	0.003388
70	290	0.003228
70	300	0.003129
70	310	0.004019
70	320	0.026756
70	330	0.003961
70	340	0.003493
70	350	0.140512
75	0	0.003504
75	10	0.003638
75	20	0.004084
75	30	0.008509
75	40	0.003110
75	50	0.003467
75	60	0.003841
75	70	0.004671
75	80	0.003098
75	90	0.003504
75	100	0.003316
75	110	0.003608
75	120	0.003563
75	130	0.003172
75	140	0.003463
75	150	0.003356
75	160	0.003472
75	170	0.003122
75	180	0.003159
75	190	0.003332
75	200	0.003110
75	210	0.003245
75	220	0.003381
75	230	0.003799
75	240	0.003209
75	250	0.003541
75	260	0.003258
75	270	0.003172
75	280	0.003184
75	290	0.010551
75	300	0.037755
75	310	0.004174
75	320	0.004306
75	330	0.004036
75	340	0.003994
75	350	0.003504
80	0	0.004727
80	10	0.004966
80	20	0.005461
80	30	0.005600
80	40	0.004911
80	50	0.005222
80	60	0.005186
80	70	0.004526
80	80	0.005259
80	90	0.004764
80	100	0.004978
80	110	0.004707
80	120	0.004698
80	130	0.004526
80	140	0.005015
80	150	0.004973
80	160	0.005222
80	170	0.004507
80	180	0.005039
80	190	0.004709
80	200	0.004856
80	210	0.004691
80	220	0.005021
80	230	0.005681
80	240	0.004636
80	250	0.005332
80	260	0.004691
80	270	0.004581
80	280	0.004599
80	290	0.005021
80	300	0.005754
80	310	0.019887
80	320	0.005373
80	330	0.006230
80	340	0.005316
80	350	0.005790
50	-60
0	0	0.001365
5	0	0.001292
5	10	0.001408
5	20	0.001506
5	30	0.001732
5	40	0.002262
5	50	0.005303
5	60	0.006669
5	70	0.002952
5	80	0.002127
5	90	0.001806
5	100	0.001449
5	110	0.001408
5	120	0.007020
5	130	0.028068
5	140	0.009675
5	150	0.001449
5	160	0.001294
5	170	0.001267
5	180	0.001289
5	190	0.001230
5	200	0.001262
5	210	0.001272
5	220	0.001300
5	230	0.001257
5	240	0.001368
5	250	0.001497
5	260	0.001646
5	270	0.002038
5	280	0.002675
5	290	0.002969
5	300	0.001958
5	310	0.001450
5	320	0.001342
5	330	0.001316
5	340	0.001337
5	350	0.001321
10	0	0.001358
10	10	0.001678
10	20	0.001585
10	30	0.001284
10	40	0.001284
10	50	0.002832
10	60	0.001360
10	70	0.001569
10	80	0.001448
10	90	0.001342
10	100	0.001402
10	110	0.001372
10	120	0.001248
10	130	0.001305
10	140	0.001447
10	150	0.003324
10	160	0.003217
10	170	0.001450
10	180	0.001310
10	190	0.001338
10	200	0.001371
10	210	0.001556
10	220	0.033885
10	230	0.001612
10	240	0.001314
10	250	0.001303
10	260	0.001307
10	270	0.001442
10	280	0.001470
10	290	0.001546
10	300	0.001475
10	310	0.009492
10	320	0.003148
10	330	0.001509
10	340	0.001366
10	350	0.001396
15	0	0.001322
15	10	0.001678
15	20	0.001612
15	30	0.012283
15	40	0.001517
15	50	0.001665
15	60	0.018850
15	70	0.001352
15	80	0.002001
15	90	0.001441
15	100	0.001467
15	110	0.001797
15	120	0.216120
15	130	0.001696
15	140	0.001364
15	150	0.001625
15	160	0.001355
15	170	0.001352
15	180	0.001252
15	190	0.001297
15	200	0.001323
15	210	0.003274
15	220	0.001236
15	230	0.001660
15	240	0.002621
15	250	0.001316
15	260	0.001367
15	270	0.001303
15	280	0.001327
15	290	0.001273
15	300	0.001734
15	310	0.001489
15	320	0.001746
15	330	0.005117
15	340	0.001505
15	350	0.001318
20	0	0.001983
20	10	0.002135
20	20	0.001495
20	30	0.001515
20	40	0.001996
20	50	0.002382
20	60	0.001336
20	70	0.001905
20	80	0.001410
20	90	0.000949
20	100	0.000220
20	110	0.004730
20	120	0.000741
20	130	0.002318
20	140	0.001437
20	150	0.002511
20	160	0.001468
20	170	0.001435
20	180	0.001314
20	190	0.001606
20	200	0.114901
20	210	0.001277
20	220	0.001255
20	230	0.001351
20	240	0.002593
20	250	0.001667
20	260	0.001010
20	270	0.001317
20	280	0.001439
20	290	0.001830
20	300	0.008475
20	310	0.001275
20	320	0.001457
20	330	0.001590
20	340	0.001756
20	350	0.001413
25	0	0.001768
25	10	0.001936
25	20	0.002986
25	30	0.004219
25	40	0.001582
25	50	0.001571
25	60	0.003029
25	70	0.011904
25	80	0.003025
25	90	0.002446
25	100	0.001515
25	110	0.020164
25	120	0.001694
25	130	0.001575
25	140	0.001862
25	150	0.001239
25	160	0.005821
25	170	0.001915
25	180	0.001216
25	190	0.001116
25	200	0.001145
25	210	0.001105
25	220	0.032085
25	230	0.000955
25	240	0.000997
25	250	0.001634
25	260	0.001212
25	270	0.002115
25	280	0.001613
25	290	0.001627
25	300	0.009695
25	310	0.002354
25	320	0.001720
25	330	0.044834
25	340	0.003418
25	350	0.001622
30	0	0.001620
30	10	0.001661
30	20	0.001622
30	30	0.001648
30	40	0.004737
30	50	0.006693
30	60	0.001725
30	70	0.001482
30	80	0.001588
30	90	0.001699
30	100	0.001651
30	110	0.001493
30	120	0.001874
30	130	0.002206
30	140	0.003522
30	150	0.002026
30	160	0.002030
30	170	0.102398
30	180	0.001876
30	190	0.030372
30	200	0.001245
30	210	0.001252
30	220	0.001157
30	230	0.006334
30	240	0.001239
30	250	0.002526
30	260	0.001399
30	270	0.001801
30	280	0.001816
30	290	0.003136
30	300	0.002217
30	310	0.001688
30	320	0.002750
30	330	0.001798
30	340	0.001791
30	350	0.001666
35	0	0.002149
35	10	0.003005
35	20	0.003243
35	30	0.001910
35	40	0.001555
35	50	0.001609
35	60	0.001670
35	70	0.001627
35	80	0.002410
35	90	0.002791
35	100	0.002418
35	110	0.001851
35	120	0.007066
35	130	0.001649
35	140	0.001843
35	150	0.002655
35	160	0.001621
35	170	0.001435
35	180	0.004680
35	190	0.003125
35	200	0.001161
35	210	0.304282
35	220	0.001214
35	230	0.001505
35	240	0.001488
35	250	0.001442
35	260	0.001526
35	270	0.001627
35	280	0.002570
35	290	0.002865
35	300	0.002422
35	310	0.004097
35	320	0.002469
35	330	0.002216
35	340	0.002577
35	350	0.004007
40	0	0.001933
40	10	0.001818
40	20	0.001814
40	30	0.003531
40	40	0.001787
40	50	0.001683
40	60	0.011822
40	70	0.001830
40	80	0.001721
40	160	0.001576
40	170	0.001835
40	180	0.001501
40	190	0.002320
40	200	0.001356
40	210	0.001456
40	220	0.001714
40	230	0.001248
40	240	0.011478
40	250	0.001344
40	260	0.001603
40	270	0.005702
40	280	0.021962
40	290	0.002993
40	300	0.003024
40	310	0.003172
40	320	0.002378
40	330	0.048152
40	340	0.002043
40	350	0.002856
45	0	0.003274
45	10	0.001591
45	20	0.001626
45	30	0.001997
45	40	0.001632
45	50	0.001804
45	60	0.001863
45	70	0.001966
45	80	0.001833
45	160	0.110875
45	170	0.001802
45	180	0.001568
45	190	0.001918
45	200	0.002302
45	210	0.001298
45	220	0.001700
45	230	0.001275
45	240	0.002169
45	250	0.001338
45	260	0.001380
45	270	0.001628
45	280	0.002066
45	290	0.002743
45	300	0.035258
45	310	0.004305
45	320	0.003022
45	330	0.002477
45	340	0.002029
45	350	0.003076
50	0	0.002226
50	10	0.001766
50	20	0.003011
50	30	0.029023
50	40	0.001757
50	50	0.001932
50	60	0.005843
50	70	0.002138
50	80	0.007079
50	160	0.001979
50	170	0.001849
50	180	0.001462
50	190	0.001695
50	200	0.001542
50	210	0.002052
50	220	0.001314
50	230	0.001660
50	240	0.001591
50	250	0.001861
50	260	0.001700
50	270	0.001839
50	280	0.002207
50	290	0.004478
50	300	0.009115
50	310	0.003422
50	320	0.003032
50	330	0.002652
50	340	0.002968
50	350	0.003577
55	0	0.001881
55	10	0.001793
55	20	0.001780
55	30	0.003320
55	40	0.001965
55	50	0.001817
55	60	0.002183
55	70	0.002081
55	80	0.002088
55	160	0.001806
55	170	0.001813
55	180	0.001633
55	190	0.001578
55	200	0.001511
55	210	0.002033
55	220	0.001661
55	230	0.002675
55	240	0.001883
55	250	0.001578
55	260	0.019725
55	270	0.004858
55	280	0.002668
55	290	0.003406
55	300	0.003195
55	310	0.003968
55	320	0.003159
55	330	0.114365
55	340	0.002534
55	350	0.007058
60	0	0.002299
60	10	0.001967
60	20	0.001949
60	30	0.002103
60	40	0.038462
60	50	0.003518
60	60	0.002151
60	70	0.002059
60	80	0.002182
60	160	0.002865
60	170	0.001765
60	180	0.002052
60	190	0.001848
60	200	0.002026
60	210	0.001759
60	220	0.006712
60	230	0.001587
60	240	0.001600
60	250	0.003516
60	260	0.001676
60	270	0.001810
60	280	0.002341
60	290	0.011684
60	300	0.041679
60	310	0.004261
60	320	0.003399
60	330	0.003007
60	340	0.002466
60	350	0.002206
65	0	0.031882
65	10	0.002907
65	20	0.002205
65	30	0.002282
65	40	0.002302
65	50	0.002269
65	60	0.002113
65	70	0.002415
65	80	0.002287
65	90	0.002510
65	100	0.002541
65	110	0.002707
65	120	0.002791
65	130	0.002706
65	140	0.002678
65	150	0.002555
65	160	0.002480
65	170	0.002299
65	180	0.002126
65	190	0.002345
65	200	0.002307
65	210	0.001893
65	220	0.001968
65	230	0.002141
65	240	0.002156
65	250	0.002367
65	260	0.002345
65	270	0.003036
65	280	0.002506
65	290	0.003542
65	300	0.003502
65	310	0.003783
65	320	0.003587
65	330	0.002926
65	340	0.002515
65	350	0.032864
70	0	0.003357
70	10	0.005540
70	20	0.002981
70	30	0.002828
70	40	0.002607
70	50	0.003278
70	60	0.002577
70	70	0.002583
70	80	0.002999
70	90	0.002882
70	100	0.003300
70	110	0.002967
70	120	0.002845
70	130	0.002746
70	140	0.010988
70	150	0.003039
70	160	0.003055
70	170	0.003307
70	180	0.002655
70	190	0.002907
70	200	0.002655
70	210	0.003381
70	220	0.003054
70	230	0.003130
70	240	0.003833
70	250	0.003272
70	260	0.003452
70	270	0.003289
70	280	0.003279
70	290	0.003137
70	300	0.004060
70	310	0.003882
70	320	0.003302
70	330	0.003558
70	340	0.006313
70	350	0.003868
75	0	0.003373
75	10	0.004068
75	20	0.003937
75	30	0.003201
75	40	0.003447
75	50	0.003447
75	60	0.003890
75	70	0.003540
75	80	0.003446
75	90	0.003292
75	100	0.003626
75	110	0.003771
75	120	0.013022
75	130	0.003455
75	140	0.003270
75	150	0.003305
75	160	0.003115
75	170	0.003140
75	180	0.003287
75	190	0.002980
75	200	0.003201
75	210	0.003583
75	220	0.003755
75	230	0.003029
75	240	0.003435
75	250	0.003578
75	260	0.003410
75	270	0.003300
75	280	0.003324
75	290	0.004038
75	300	0.004331
75	310	0.004982
75	320	0.003997
75	330	0.003975
75	340	0.018206
75	350	0.003349
80	0	0.004753
80	10	0.005266
80	20	0.005459
80	30	0.004918
80	40	0.005431
80	50	0.005120
80	60	0.004442
80	70	0.005175
80	80	0.004610
80	90	0.004938
80	100	0.004636
80	110	0.004689
80	120	0.004423
80	130	0.005001
80	140	0.004887
80	150	0.005107
80	160	0.004423
80	170	0.004625
80	180	0.004643
80	190	0.004332
80	200	0.004625
80	210	0.004936
80	220	0.010454
80	230	0.004478
80	240	0.004936
80	250	0.004643
80	260	0.004753
80	270	0.005365
80	280	0.004625
80	290	0.005780
80	300	0.015339
80	310	0.005913
80	320	0.010619
80	330	0.004918
80	340	0.006018
80	350	0.004570
50	-70
0	0	0.016298
5	0	0.055976
5	10	0.005793
5	20	0.001415
5	30	0.001255
5	40	0.001228
5	50	0.001208
5	60	0.001188
5	70	0.001344
5	80	0.004866
5	90	0.003186
5	100	0.001098
5	110	0.001186
5	120	0.001211
5	130	0.001303
5	140	0.001493
5	150	0.001994
5	160	0.003743
5	170	0.088094
5	180	0.266647
5	190	0.101158
5	200	0.002862
5	210	0.001575
5	220	0.001247
5	230	0.001217
5	240	0.001215
5	250	0.001169
5	260	0.001673
5	270	0.008752
5	280	0.009113
5	290	0.001193
5	300	0.001207
5	310	0.001239
5	320	0.001267
5	330	0.001371
5	340	0.001857
5	350	0.039973
10	0	0.011326
10	10	0.001251
10	20	0.001157
10	30	0.001096
10	40	0.001461
10	50	0.001521
10	60	0.010124
10	70	0.001661
10	80	0.001952
10	90	0.007583
10	100	0.001365
10	110	0.010624
10	120	0.001796
10	130	0.001324
10	140	0.001170
10	150	0.001720
10	160	0.001255
10	170	0.001390
10	180	0.021953
10	190	0.001286
10	200	0.001190
10	210	0.001200
10	220	0.001158
10	230	0.001789
10	240	0.006865
10	250	0.003081
10	260	0.001500
10	270	0.023663
10	280	0.001510
10	290	0.003083
10	300	0.004022
10	310	0.001456
10	320	0.001204
10	330	0.001214
10	340	0.001230
10	350	0.001568
15	0	0.270654
15	10	0.001991
15	20	0.001813
15	30	0.001796
15	40	0.004719
15	50	0.001354
15	60	0.001190
15	70	0.005016
15	80	0.001241
15	90	0.001645
15	100	0.001397
15	110	0.002437
15	120	0.001330
15	130	0.004098
15	140	0.001463
15	150	0.001289
15	160	0.008058
15	170	0.001917
15	180	0.201452
15	190	0.001260
15	200	0.005026
15	210	0.001150
15	220	0.001296
15	230	0.001556
15	240	0.001309
15	250	0.003495
15	260	0.001098
15	270	0.009283
15	280	0.001135
15	290	0.002102
15	300	0.001300
15	310	0.003116
15	320	0.001353
15	330	0.001284
15	340	0.006652
15	350	0.002567
20	0	0.008306
20	10	0.001352
20	20	0.001477
20	30	0.003516
20	40	0.001870
20	50	0.001228
20	60	0.001389
20	70	0.003689
20	80	0.001337
20	90	0.008056
20	100	0.102923
20	110	0.001031
20	120	0.001268
20	130	0.001300
20	140	0.002463
20	150	0.001722
20	160	0.001228
20	170	0.001225
20	180	0.011141
20	190	0.001175
20	200	0.001168
20	210	0.001295
20	220	0.001208
20	230	0.001160
20	240	0.001223
20	250	0.001327
20	260	0.001738
20	270	0.018716
20	280	0.003096
20	290	0.001230
20	300	0.000265
20	310	0.001326
20	320	0.001728
20	330	0.001466
20	340	0.001227
20	350	0.001443
25	0	0.046491
25	10	0.001493
25	20	0.001588
25	30	0.001426
25	40	0.001405
25	50	0.193408
25	60	0.001799
25	70	0.001454
25	80	0.001665
25	90	0.001820
25	100	0.005089
25	110	0.001600
25	120	0.002023
25	130	0.001648
25	140	0.008633
25	150	0.001141
25	160	0.001129
25	170	0.001286
25	180	0.052440
25	190	0.001440
25	200	0.001101
25	210	0.000989
25	220	0.000872
25	230	0.002364
25	240	0.000986
25	250	0.001123
25	260	0.001512
25	270	0.003435
25	280	0.001672
25	290	0.001540
25	300	0.001799
25	310	0.001693
25	320	0.002055
25	330	0.001749
25	340	0.001929
25	350	0.001693
30	0	0.001767
30	10	0.001411
30	20	0.002154
30	30	0.010352
30	40	0.001580
30	50	0.001487
30	60	0.001496
30	70	0.001484
30	80	0.002430
30	90	0.001868
30	100	0.003621
30	110	0.001665
30	120	0.009435
30	130	0.001515
30	140	0.001489
30	150	0.001710
30	160	0.001554
30	170	0.001124
30	180	0.001489
30	190	0.001128
30	200	0.001128
30	210	0.007767
30	220	0.001215
30	230	0.001073
30	240	0.008642
30	250	0.001244
30	260	0.002213
30	270	0.001639
30	280	0.002595
30	290	0.002255
30	300	0.026508
30	310	0.002062
30	320	0.001568
30	330	0.001926
30	340	0.002250
30	350	0.001377
35	0	0.001791
35	10	0.001385
35	20	0.001481
35	30	0.001477
35	40	0.002661
35	50	0.001564
35	60	0.034711
35	70	0.001640
35	80	0.001749
35	90	0.001644
35	100	0.001819
35	110	0.001716
35	120	0.001559
35	130	0.001667
35	140	0.004388
35	150	0.003560
35	160	0.001425
35	170	0.001117
35	180	0.002079
35	190	0.001050
35	200	0.001106
35	210	0.001165
35	220	0.002608
35	230	0.001305
35	240	0.002227
35	250	0.001800
35	260	0.001548
35	270	0.001741
35	280	0.002379
35	290	0.002157
35	300	0.002262
35	310	0.001639
35	320	0.029583
35	330	0.003836
35	340	0.001703
35	350	0.001453
40	0	0.001710
40	10	0.001701
40	20	0.001602
40	30	0.001591
40	40	0.001462
40	50	0.001903
40	60	0.001538
40	70	0.001629
40	150	0.001459
40	160	0.005053
40	170	0.001355
40	180	0.001569
40	190	0.001964
40	200	0.001463
40	210	0.001385
40	220	0.001072
40	230	0.001247
40	240	0.001181
40	250	0.001486
40	260	0.001606
40	270	0.001931
40	280	0.002145
40	290	0.002809
40	300	0.002759
40	310	0.002946
40	320	0.001937
40	330	0.001736
40	340	0.013330
40	350	0.001603
45	0	0.002211
45	10	0.001800
45	20	0.001420
45	30	0.004877
45	40	0.001497
45	50	0.002276
45	60	0.002407
45	70	0.001818
45	150	0.010885
45	160	0.001463
45	170	0.001518
45	180	0.001391
45	190	0.001414
45	200	0.001171
45	210	0.036306
45	220	0.001126
45	230	0.001386
45	240	0.071436
45	250	0.001333
45	260	0.004804
45	270	0.027325
45	280	0.002922
45	290	0.047807
45	300	0.003039
45	310	0.002602
45	320	0.002031
45	330	0.044944
45	340	0.001740
45	350	0.005402
50	0	0.004895
50	10	0.002247
50	20	0.001454
50	30	0.001534
50	40	0.001797
50	50	0.001707
50	60	0.001969
50	70	0.002230
50	150	0.001890
50	160	0.001703
50	170	0.001298
50	180	0.006869
50	190	0.001459
50	200	0.001184
50	210	0.001154
50	220	0.001610
50	230	0.001372
50	240	0.001501
50	250	0.001605
50	260	0.001757
50	270	0.002182
50	280	0.004254
50	290	0.004004
50	300	0.003188
50	310	0.002768
50	320	0.002463
50	330	0.002497
50	340	0.001711
50	350	0.001547
55	0	0.002380
55	10	0.009537
55	20	0.001820
55	30	0.002080
55	40	0.003737
55	50	0.001710
55	60	0.002729
55	70	0.017743
55	150	0.001692
55	160	0.006133
55	170	0.001722
55	180	0.001576
55	190	0.002073
55	200	0.001627
55	210	0.003364
55	220	0.002662
55	230	0.001549
55	240	0.002103
55	250	0.003708
55	260	0.001777
55	270	0.002354
55	280	0.002606
55	290	0.003016
55	300	0.506940
55	310	0.003602
55	320	0.003845
55	330	0.002184
55	340	0.002528
55	350	0.002279
60	0	0.001769
60	10	0.001783
60	20	0.004535
60	30	0.001733
60	40	0.001766
60	50	0.007523
60	60	0.001865
60	70	0.001980
60	150	0.001669
60	160	0.001541
60	170	0.001853
60	180	0.001662
60	190	0.001732
60	200	0.001908
60	210	0.001694
60	220	0.001382
60	230	0.001465
60	240	0.001401
60	250	0.001522
60	260	0.002143
60	270	0.004610
60	280	0.003330
60	290	0.003182
60	300	0.003184
60	310	0.003353
60	320	0.004069
60	330	0.002636
60	340	0.001870
60	350	0.001767
65	0	0.001933
65	10	0.001962
65	20	0.002103
65	30	0.002071
65	40	0.001985
65	50	0.002040
65	60	0.002627
65	70	0.003586
65	80	0.002234
65	90	0.002302
65	100	0.002461
65	110	0.002229
65	120	0.002530
65	130	0.002769
65	140	0.002191
65	150	0.002245
65	160	0.002102
65	170	0.001914
65	180	0.002155
65	190	0.001967
65	200	0.001628
65	210	0.001635
65	220	0.001906
65	230	0.002281
65	240	0.002447
65	250	0.002845
65	260	0.002476
65	270	0.002385
65	280	0.003194
65	290	0.003776
65	300	0.003162
65	310	0.003571
65	320	0.002499
65	330	0.003631
65	340	0.002050
65	350	0.002019
70	0	0.002585
70	10	0.002651
70	20	0.005511
70	30	0.003875
70	40	0.002088
70	50	0.002328
70	60	0.002308
70	70	0.002552
70	80	0.002554
70	90	0.002622
70	100	0.002779
70	110	0.003759
70	120	0.002640
70	130	0.002522
70	140	0.002581
70	150	0.002756
70	160	0.002970
70	170	0.002421
70	180	0.002938
70	190	0.002467
70	200	0.003300
70	210	0.003055
70	220	0.002812
70	230	0.003253
70	240	0.002765
70	250	0.003365
70	260	0.003165
70	270	0.003247
70	280	0.002853
70	290	0.005089
70	300	0.003742
70	310	0.078745
70	320	0.005334
70	330	0.002346
70	340	0.002179
70	350	0.002576
75	0	0.006040
75	10	0.003708
75	20	0.002867
75	30	0.003297
75	40	0.003051
75	50	0.003260
75	60	0.002867
75	70	0.003051
75	80	0.003072
75	90	0.003310
75	100	0.014759
75	110	0.002873
75	120	0.003041
75	130	0.002905
75	140	0.002886
75	150	0.002732
75	160	0.002793
75	170	0.003236
75	180	0.002904
75	190	0.028079
75	200	0.002916
75	210	0.003408
75	220	0.002633
75	230	0.002744
75	240	0.002756
75	250	0.002904
75	260	0.003328
75	270	0.174333
75	280	0.004307
75	290	0.004869
75	300	0.004033
75	310	0.003541
75	320	0.003574
75	330	0.003137
75	340	0.002965
75	350	0.003559
80	0	0.004676
80	10	0.004962
80	20	0.004420
80	30	0.004658
80	40	0.004530
80	50	0.004035
80	60	0.004713
80	70	0.004044
80	80	0.004339
80	90	0.004102
80	100	0.004167
80	110	0.003870
80	120	0.004304
80	130	0.004359
80	140	0.008141
80	150	0.003815
80	160	0.004090
80	170	0.004126
80	180	0.003778
80	190	0.004236
80	200	0.004346
80	210	0.004969
80	220	0.003888
80	230	0.004291
80	240	0.004753
80	250	0.004053
80	260	0.005265
80	270	0.004401
80	280	0.588602
80	290	0.007564
80	300	0.005710
80	310	0.005648
80	320	0.004383
80	330	0.005593
80	340	0.003980
80	350	0.005754
50	-80
0	0	0.001331
5	0	0.001338
5	10	0.001197
5	20	0.001165
5	30	0.001250
5	40	0.001622
5	50	0.001359
5	60	0.001237
5	70	0.001267
5	80	0.001163
5	90	0.001181
5	100	0.001351
5	110	0.001475
5	120	0.002129
5	130	0.001930
5	140	0.001322
5	150	0.001230
5	160	0.001252
5	170	0.001232
5	180	0.001299
5	190	0.001328
5	200	0.001423
5	210	0.001457
5	220	0.001664
5	230	0.001870
5	240	0.001676
5	250	0.001516
5	260	0.001464
5	270	0.001375
5	280	0.001199
5	290	0.001254
5	300	0.001296
5	310	0.001410
5	320	0.001562
5	330	0.001534
5	340	0.001498
5	350	0.001457
10	0	0.001373
10	10	0.001156
10	20	0.001160
10	30	0.002084
10	40	0.052628
10	50	0.004282
10	60	0.001650
10	70	0.001456
10	80	0.001400
10	90	0.001408
10	100	0.001980
10	110	0.001801
10	120	0.001403
10	130	0.009725
10	140	0.001331
10	150	0.001257
10	160	0.001218
10	170	0.001240
10	180	0.001431
10	190	0.001568
10	200	0.001439
10	210	0.001212
10	220	0.001998
10	230	0.003344
10	240	0.001215
10	250	0.001512
10	260	0.001822
10	270	0.001450
10	280	0.001372
10	290	0.001319
10	300	0.001304
10	310	0.002587
10	320	0.004862
10	330	0.001507
10	340	0.001858
10	350	0.001677
15	0	0.001525
15	10	0.001439
15	20	0.001298
15	30	0.015405
15	40	0.001445
15	50	0.001285
15	60	0.005025
15	70	0.001283
15	80	0.001259
15	90	0.001355
15	100	0.001369
15	110	0.001316
15	120	0.002743
15	130	0.001320
15	140	0.004059
15	150	0.007045
15	160	0.001267
15	170	0.001223
15	180	0.001342
15	190	0.001499
15	200	0.001284
15	210	0.005019
15	220	0.001799
15	230	0.001528
15	240	0.012642
15	250	0.001341
15	260	0.001588
15	270	0.001298
15	280	0.001281
15	290	0.001517
15	300	0.108406
15	310	0.001507
15	320	0.001264
15	330	0.002014
15	340	0.001229
15	350	0.001664
20	0	0.001429
20	10	0.001385
20	20	0.185733
20	30	0.001740
20	40	0.001240
20	50	0.001490
20	60	0.005561
20	70	0.003318
20	80	0.000460
20	90	0.000460
20	100	0.001055
20	110	0.033379
20	120	0.001753
20	130	0.001442
20	140	0.001301
20	150	0.001444
20	160	0.001353
20	170	0.001249
20	180	0.001340
20	190	0.001286
20	200	0.001247
20	210	0.001329
20	220	0.001531
20	230	0.001466
20	240	0.000935
20	250	0.001348
20	260	0.001552
20	270	0.001501
20	280	0.000695
20	290	0.000687
20	300	0.001249
20	310	0.001398
20	320	0.001978
20	330	0.001642
20	340	0.001724
20	350	0.002025
25	0	0.001355
25	10	0.001288
25	20	0.002711
25	30	0.001436
25	40	0.004003
25	50	0.001755
25	60	0.001488
25	70	0.025132
25	80	0.001215
25	90	0.001422
25	100	0.001618
25	110	0.001510
25	120	0.001608
25	130	0.003880
25	140	0.001093
25	150	0.001209
25	160	0.034085
25	170	0.001094
25	180	0.001466
25	190	0.001218
25	200	0.001121
25	210	0.002307
25	220	0.000959
25	230	0.000944
25	240	0.012759
25	250	0.002352
25	260	0.001783
25	270	0.001783
25	280	0.001715
25	290	0.002774
25	300	0.001773
25	310	0.001420
25	320	0.001544
25	330	0.001648
25	340	0.002008
25	350	0.001450
30	0	0.001804
30	10	0.003131
30	20	0.002096
30	30	0.001432
30	40	0.001558
30	50	0.017259
30	60	0.001535
30	70	0.008317
30	80	0.001929
30	90	0.001877
30	100	0.003965
30	110	0.002399
30	120	0.001447
30	130	0.001452
30	140	0.086117
30	150	0.001394
30	160	0.001885
30	170	0.001318
30	180	0.001220
30	190	0.001115
30	200	0.001125
30	210	0.001217
30	220	0.001264
30	230	0.002241
30	240	0.001364
30	250	0.001379
30	260	0.001510
30	270	0.001580
30	280	0.001791
30	290	0.001451
30	300	0.001877
30	310	0.002697
30	320	0.002789
30	330	0.001859
30	340	0.001637
30	350	0.002483
35	0	0.001469
35	10	0.002487
35	20	0.001440
35	30	0.238527
35	40	0.001442
35	50	0.001614
35	60	0.001965
35	70	0.001713
35	80	0.001806
35	90	0.002230
35	100	0.010118
35	110	0.001810
35	120	0.015908
35	130	0.001553
35	140	0.001464
35	150	0.001364
35	160	0.001841
35	170	0.001468
35	180	0.002995
35	190	0.003889
35	200	0.001514
35	210	0.001340
35	220	0.001371
35	230	0.001385
35	240	0.001500
35	250	0.002121
35	260	0.002715
35	270	0.002094
35	280	0.009982
35	290	0.002164
35	300	0.007934
35	310	0.001897
35	320	0.001607
35	330	0.001446
35	340	0.001552
35	350	0.001487
40	0	0.002020
40	10	0.002673
40	20	0.001448
40	30	0.001632
40	40	0.001640
40	50	0.001778
40	60	0.025894
40	140	0.001371
40	150	0.225138
40	160	0.001413
40	170	0.001178
40	180	0.001477
40	190	0.001408
40	200	0.001513
40	210	0.001198
40	220	0.001289
40	230	0.001204
40	240	0.005966
40	250	0.001839
40	260	0.002974
40	270	0.002326
40	280	0.003178
40	290	0.003490
40	300	0.003008
40	310	0.001814
40	320	0.002359
40	330	0.034783
40	340	0.002001
40	350	0.002091
45	0	0.001592
45	10	0.002008
45	20	0.001837
45	30	0.001563
45	40	0.001743
45	50	0.001680
45	60	0.001826
45	140	0.001659
45	150	0.001600
45	160	0.001497
45	170	0.001924
45	180	0.001999
45	190	0.001237
45	200	0.001264
45	210	0.001319
45	220	0.001161
45	230	0.001255
45	240	0.001327
45	250	0.001870
45	260	0.002241
45	270	0.003236
45	280	0.045006
45	290	0.003092
45	300	0.002520
45	310	0.002660
45	320	0.001937
45	330	0.001780
45	340	0.027089
45	350	0.001535
50	0	0.001647
50	10	0.002542
50	20	0.001705
50	30	0.013136
50	40	0.001814
50	50	0.001868
50	60	0.001986
50	140	0.002186
50	150	0.001894
50	160	0.002003
50	170	0.003148
50	180	0.001820
50	190	0.001341
50	200	0.001247
50	210	0.001653
50	220	0.001460
50	230	0.001574
50	240	0.002118
50	250	0.003332
50	260	0.003347
50	270	0.003416
50	280	0.003336
50	290	0.003647
50	300	0.047969
50	310	0.002917
50	320	0.001926
50	330	0.011622
50	340	0.001783
50	350	0.001774
55	0	0.001772
55	10	0.002529
55	20	0.001951
55	30	0.001759
55	40	0.001748
55	50	0.002433
55	60	0.002008
55	140	0.001766
55	150	0.001880
55	160	0.001694
55	170	0.001531
55	180	0.001706
55	190	0.001697
55	200	0.001575
55	210	0.001697
55	220	0.001692
55	230	0.001503
55	240	0.002857
55	250	0.001842
55	260	0.003157
55	270	0.002720
55	280	0.003234
55	290	0.003643
55	300	0.002973
55	310	0.002439
55	320	0.002193
55	330	0.002056
55	340	0.001800
55	350	0.001701
60	0	0.001850
60	10	0.002662
60	20	0.002624
60	30	0.001858
60	40	0.008858
60	50	0.002000
60	60	0.002056
60	140	0.001903
60	150	0.001648
60	160	0.001960
60	170	0.001679
60	180	0.001877
60	190	0.001622
60	200	0.001960
60	210	0.001546
60	220	0.001756
60	230	0.001552
60	240	0.001648
60	250	0.003723
60	260	0.002273
60	270	0.002857
60	280	0.003383
60	290	0.003615
60	300	0.010265
60	310	0.066837
60	320	0.011719
60	330	0.001995
60	340	0.002129
60	350	0.001849
65	0	0.001994
65	10	0.002148
65	20	0.003424
65	30	0.002153
65	40	0.001981
65	50	0.002229
65	60	0.002151
65	70	0.002408
65	80	0.002503
65	90	0.002996
65	100	0.002306
65	110	0.002995
65	120	0.002453
65	130	0.002294
65	140	0.002341
65	150	0.002220
65	160	0.002040
65	170	0.010166
65	180	0.061632
65	190	0.001844
65	200	0.001746
65	210	0.002009
65	220	0.002025
65	230	0.002183
65	240	0.002040
65	250	0.002394
65	260	0.003126
65	270	0.004977
65	280	0.004316
65	290	0.003448
65	300	0.003437
65	310	0.002650
65	320	0.002806
65	330	0.003004
65	340	0.002110
65	350	0.002025
70	0	0.002615
70	10	0.002651
70	20	0.002341
70	30	0.002336
70	40	0.002462
70	50	0.004503
70	60	0.002689
70	70	0.002668
70	80	0.002972
70	90	0.002912
70	100	0.072564
70	110	0.002599
70	120	0.002489
70	130	0.002735
70	140	0.002874
70	150	0.003116
70	160	0.003058
70	170	0.002870
70	180	0.002585
70	190	0.003747
70	200	0.002660
70	210	0.002995
70	220	0.003088
70	230	0.003443
70	240	0.003172
70	250	0.003282
70	260	0.004619
70	270	0.003342
70	280	0.004971
70	290	0.003786
70	300	0.003126
70	310	0.003329
70	320	0.014182
70	330	0.002297
70	340	0.002675
70	350	0.002346
75	0	0.003343
75	10	0.002937
75	20	0.003367
75	30	0.008287
75	40	0.003417
75	50	0.002826
75	60	0.003539
75	70	0.024672
75	80	0.003417
75	90	0.003463
75	100	0.003041
75	110	0.003264
75	120	0.003094
75	130	0.003088
75	140	0.002839
75	150	0.002961
75	160	0.003528
75	170	0.002826
75	180	0.002998
75	190	0.003146
75	200	0.003564
75	210	0.002839
75	220	0.002912
75	230	0.002789
75	240	0.002900
75	250	0.003574
75	260	0.003429
75	270	0.004221
75	280	0.004397
75	290	0.014436
75	300	0.003736
75	310	0.003779
75	320	0.003158
75	330	0.003134
75	340	0.003282
75	350	0.003478
80	0	0.004139
80	10	0.004542
80	20	0.004964
80	30	0.005001
80	40	0.004157
80	50	0.004836
80	60	0.004286
80	70	0.004605
80	80	0.004339
80	90	0.004449
80	100	0.004203
80	110	0.004973
80	120	0.004597
80	130	0.004969
80	140	0.004121
80	150	0.004341
80	160	0.004432
80	170	0.004102
80	180	0.004304
80	190	0.004579
80	200	0.005789
80	210	0.004139
80	220	0.004762
80	230	0.004066
80	240	0.004121
80	250	0.004652
80	260	0.004616
80	270	0.005923
80	280	0.005910
80	290	0.006657
80	300	0.005881
80	310	0.017191
80	320	0.005496
80	330	0.004194
80	340	0.004286
80	350	0.004652
50	-90
0	0	0.001462
5	0	0.001260
5	10	0.003868
5	20	0.005126
5	30	0.001427
5	40	0.001247
5	50	0.001314
5	60	0.001440
5	70	0.001578
5	80	0.002393
5	90	0.002142
5	100	0.001648
5	110	0.001430
5	120	0.001278
5	130	0.001210
5	140	0.001259
5	150	0.005071
5	160	0.009898
5	170	0.002647
5	180	0.001296
5	190	0.001360
5	200	0.001636
5	210	0.006600
5	220	0.005611
5	230	0.001401
5	240	0.001404
5	250	0.001631
5	260	0.001955
5	270	0.001982
5	280	0.001739
5	290	0.001574
5	300	0.001490
5	310	0.001450
5	320	0.002649
5	330	0.005710
5	340	0.001624
5	350	0.001332
10	0	0.001405
10	10	0.014819
10	20	0.001635
10	30	0.001481
10	40	0.001586
10	50	0.001679
10	60	0.001424
10	70	0.001461
10	80	0.001472
10	90	0.001489
10	100	0.001420
10	110	0.001471
10	120	0.001596
10	130	0.001412
10	140	0.001490
10	150	0.001451
10	160	0.001605
10	170	0.009831
10	180	0.001438
10	190	0.005812
10	200	0.088417
10	210	0.001616
10	220	0.001250
10	230	0.001218
10	240	0.006544
10	250	0.001242
10	260	0.001324
10	270	0.001618
10	280	0.001393
10	290	0.001333
10	300	0.003385
10	310	0.001258
10	320	0.001330
10	330	0.001767
10	340	0.068234
10	350	0.002165
15	0	0.001558
15	10	0.001551
15	20	0.001354
15	30	0.001415
15	40	0.001331
15	50	0.005335
15	60	0.001315
15	70	0.001326
15	80	0.001752
15	90	0.002385
15	100	0.001421
15	110	0.001326
15	120	0.001304
15	130	0.003697
15	140	0.001407
15	150	0.001353
15	160	0.001272
15	170	0.002357
15	180	0.001256
15	190	0.011829
15	200	0.001279
15	210	0.001209
15	220	0.001288
15	230	0.002479
15	240	0.001428
15	250	0.005845
15	260	0.001367
15	270	0.002151
15	280	0.001464
15	290	0.005834
15	300	0.001991
15	310	0.002901
15	320	0.001280
15	330	0.001215
15	340	0.001558
15	350	0.005503
20	0	0.001930
20	10	0.001856
20	20	0.003397
20	30	0.001297
20	40	0.001717
20	50	0.001527
20	60	0.033066
20	70	0.000419
20	80	0.000409
20	90	0.001274
20	100	0.001656
20	110	0.001509
20	120	0.089409
20	130	0.001372
20	140	0.001958
20	150	0.001376
20	160	0.004829
20	170	0.002075
20	180	0.001645
20	190	0.094139
20	200	0.001258
20	210	0.001247
20	220	0.017187
20	230	0.001045
20	240	0.003099
20	250	0.001347
20	260	0.001412
20	270	0.000834
20	280	0.000314
20	290	0.001300
20	300	0.002364
20	310	0.001459
20	320	0.007479
20	330	0.001442
20	340	0.001581
20	350	0.194689
25	0	0.001257
25	10	0.001478
25	20	0.001755
25	30	0.002763
25	40	0.002756
25	50	0.001713
25	60	0.001798
25	70	0.001264
25	80	0.001520
25	90	0.001936
25	100	0.001625
25	110	0.006658
25	120	0.001159
25	130	0.001380
25	140	0.002226
25	150	0.001261
25	160	0.001206
25	170	0.001215
25	180	0.001164
25	190	0.001112
25	200	0.000901
25	210	0.005671
25	220	0.001140
25	230	0.001510
25	240	0.001630
25	250	0.002560
25	260	0.010104
25	270	0.007010
25	280	0.013254
25	290	0.030748
25	300	0.001562
25	310	0.001654
25	320	0.002595
25	330	0.003062
25	340	0.001253
25	350	0.001970
30	0	0.001503
30	10	0.001761
30	20	0.001417
30	30	0.001540
30	40	0.001976
30	50	0.001560
30	60	0.001749
30	70	0.015900
30	80	0.001936
30	90	0.003131
30	100	0.001911
30	110	0.018682
30	120	0.001508
30	130	0.005601
30	140	0.001837
30	150	0.001226
30	160	0.001435
30	170	0.001335
30	180	0.001450
30	190	0.001230
30	200	0.001220
30	210	0.001246
30	220	0.001158
30	230	0.001852
30	240	0.001533
30	250	0.002774
30	260	0.049336
30	270	0.025441
30	280	0.019219
30	290	0.002028
30	300	0.001708
30	310	0.002539
30	320	0.001385
30	330	0.032507
30	340	0.001413
30	350	0.002175
35	0	0.001414
35	10	0.001771
35	20	0.007063
35	30	0.002049
35	40	0.002302
35	50	0.058197
35	60	0.002000
35	70	0.033930
35	80	0.004142
35	90	0.002577
35	100	0.001616
35	110	0.001693
35	120	0.002156
35	130	0.001736
35	140	0.001379
35	150	0.001628
35	160	0.001321
35	170	0.001183
35	180	0.001196
35	190	0.001175
35	200	0.002342
35	210	0.001336
35	220	0.001447
35	230	0.001608
35	240	0.001515
35	250	0.001934
35	260	0.018278
35	270	0.063218
35	280	0.002704
35	290	0.002234
35	300	0.001782
35	310	0.001806
35	320	0.001435
35	330	0.001937
35	340	0.002121
35	350	0.001590
40	0	0.001452
40	10	0.001672
40	20	0.001523
40	30	0.001761
40	40	0.001616
40	50	0.001831
40	130	0.005256
40	140	0.001587
40	150	0.001507
40	160	0.001796
40	170	0.001365
40	180	0.001471
40	190	0.001398
40	200	0.011006
40	210	0.001257
40	220	0.001681
40	230	0.001345
40	240	0.001939
40	250	0.001977
40	260	0.002804
40	270	0.004861
40	280	0.002555
40	290	0.002152
40	300	0.002721
40	310	0.005538
40	320	0.006710
40	330	0.001461
40	340	0.002078
40	350	0.001517
45	0	0.013550
45	10	0.041009
45	20	0.001707
45	30	0.001879
45	40	0.280058
45	50	0.003888
45	130	0.001635
45	140	0.001894
45	150	0.001573
45	160	0.001472
45	170	0.063642
45	180	0.001891
45	190	0.009461
45	200	0.001717
45	210	0.001238
45	220	0.001331
45	230	0.001354
45	240	0.001651
45	250	0.005662
45	260	0.003749
45	270	0.031474
45	280	0.002930
45	290	0.064601
45	300	0.002344
45	310	0.001904
45	320	0.001957
45	330	0.001628
45	340	0.003853
45	350	0.002389
50	0	0.001572
50	10	0.001765
50	20	0.081543
50	30	0.001735
50	40	0.001799
50	50	0.001902
50	130	0.002077
50	140	0.007888
50	150	0.001406
50	160	0.001867
50	170	0.001395
50	180	0.001301
50	190	0.001257
50	200	0.001613
50	210	0.001559
50	220	0.001648
50	230	0.001842
50	240	0.001780
50	250	0.002465
50	260	0.004144
50	270	0.053904
50	280	0.057708
50	290	0.002980
50	300	0.002342
50	310	0.014558
50	320	0.001857
50	330	0.001957
50	340	0.003126
50	350	0.001617
55	0	0.001685
55	10	0.001740
55	20	0.001842
55	30	0.002047
55	40	0.002394
55	50	0.014505
55	130	0.002290
55	140	0.001864
55	150	0.001553
55	160	0.001464
55	170	0.001470
55	180	0.001747
55	190	0.001603
55	200	0.001486
55	210	0.002081
55	220	0.001531
55	230	0.001658
55	240	0.001932
55	250	0.002567
55	260	0.003153
55	270	0.003747
55	280	0.003438
55	290	0.003223
55	300	0.002522
55	310	0.002160
55	320	0.001771
55	330	0.011262
55	340	0.001812
55	350	0.001700
60	0	0.001827
60	10	0.002159
60	20	0.001868
60	30	0.002167
60	40	0.001914
60	50	0.002040
60	130	0.001867
60	140	0.001692
60	150	0.002017
60	160	0.001718
60	170	0.089953
60	180	0.003468
60	190	0.001807
60	200	0.001476
60	210	0.001495
60	220	0.001539
60	230	0.001590
60	240	0.025279
60	250	0.002326
60	260	0.003118
60	270	0.003711
60	280	0.004767
60	290	0.003243
60	300	0.003615
60	310	0.002275
60	320	0.002056
60	330	0.001996
60	340	0.001942
60	350	0.001828
65	0	0.002116
65	10	0.002163
65	20	0.002463
65	30	0.002101
65	40	0.002283
65	50	0.002153
65	60	0.002393
65	70	0.002413
65	80	0.002672
65	90	0.003138
65	100	0.002861
65	110	0.002581
65	120	0.002335
65	130	0.002371
65	140	0.002198
65	150	0.002055
65	160	0.166038
65	170	0.002311
65	180	0.001874
65	190	0.001866
65	200	0.002025
65	210	0.001994
65	220	0.014844
65	230	0.002062
65	240	0.002318
65	250	0.002482
65	260	0.003245
65	270	0.005280
65	280	0.003516
65	290	0.004179
65	300	0.005806
65	310	0.005293
65	320	0.071913
65	330	0.002149
65	340	0.002329
65	350	0.001998
70	0	0.002609
70	10	0.002262
70	20	0.002432
70	30	0.002477
70	40	0.002801
70	50	0.002631
70	60	0.002788
70	70	0.002701
70	80	0.002932
70	90	0.002877
70	100	0.002737
70	110	0.002551
70	120	0.002818
70	130	0.002895
70	140	0.003060
70	150	0.002595
70	160	0.002929
70	170	0.002576
70	180	0.003107
70	190	0.002669
70	200	0.002948
70	210	0.003107
70	220	0.002865
70	230	0.003069
70	240	0.003078
70	250	0.003200
70	260	0.191299
70	270	0.013398
70	280	0.099720
70	290	0.003391
70	300	0.003379
70	310	0.002708
70	320	0.003240
70	330	0.002858
70	340	0.002452
70	350	0.002613
75	0	0.005042
75	10	0.003294
75	20	0.003330
75	30	0.003490
75	40	0.003072
75	50	0.003223
75	60	0.003104
75	70	0.003471
75	80	0.003465
75	90	0.003115
75	100	0.003369
75	110	0.003489
75	120	0.056415
75	130	0.002888
75	140	0.002949
75	150	0.003478
75	160	0.002888
75	170	0.003084
75	180	0.003158
75	190	0.003515
75	200	0.002875
75	210	0.002949
75	220	0.002789
75	230	0.026858
75	240	0.003037
75	250	0.003380
75	260	0.004386
75	270	0.004688
75	280	0.005175
75	290	0.004350
75	300	0.003814
75	310	0.003294
75	320	0.003207
75	330	0.003399
75	340	0.003527
75	350	0.003330
80	0	0.004487
80	10	0.004927
80	20	0.004891
80	30	0.004249
80	40	0.004891
80	50	0.004321
80	60	0.004586
80	70	0.004330
80	80	0.004493
80	90	0.006048
80	100	0.004718
80	110	0.004726
80	120	0.004909
80	130	0.004102
80	140	0.004359
80	150	0.012974
80	160	0.004157
80	170	0.004432
80	180	0.004616
80	190	0.005257
80	200	0.004102
80	210	0.004524
80	220	0.004066
80	230	0.004249
80	240	0.004322
80	250	0.032955
80	260	0.005895
80	270	0.006487
80	280	0.005596
80	290	0.019959
80	300	0.004867
80	310	0.005569
80	320	0.004267
80	330	0.004286
80	340	0.004616
80	350	0.004139
70	0
0	0	0.001458
5	0	0.001625
5	10	0.003564
5	20	0.012713
5	30	0.003133
5	40	0.001569
5	50	0.001392
5	60	0.001308
5	70	0.001286
5	80	0.001281
5	90	0.001253
5	100	0.001303
5	110	0.001217
5	120	0.001249
5	130	0.001318
5	140	0.001422
5	150	0.002194
5	160	0.006418
5	170	0.002161
5	180	0.001421
5	190	0.001321
5	200	0.001267
5	210	0.001277
5	220	0.001316
5	230	0.001514
5	240	0.001725
5	250	0.001355
5	260	0.001260
5	270	0.001297
5	280	0.001342
5	290	0.001298
5	300	0.003011
5	310	0.010394
5	320	0.010889
5	330	0.002811
5	340	0.001418
5	350	0.001313
10	0	0.001535
10	10	0.001867
10	20	0.001378
10	30	0.001754
10	40	0.006401
10	50	0.001343
10	60	0.001770
10	70	0.002141
10	80	0.002193
10	90	0.001466
10	100	0.001530
10	110	0.001553
10	120	0.001397
10	130	0.002843
10	140	0.002333
10	150	0.001307
10	160	0.001475
10	170	0.001540
10	180	0.001385
10	190	0.001277
10	200	0.001271
10	210	0.001287
10	220	0.001456
10	230	0.028245
10	240	0.002426
10	250	0.001351
10	260	0.001273
10	270	0.001375
10	280	0.002016
10	290	0.016447
10	300	0.007404
10	310	0.001473
10	320	0.001258
10	330	0.001269
10	340	0.004507
10	350	0.001298
15	0	0.002226
15	10	0.001907
15	20	0.001689
15	30	0.001454
15	40	0.002215
15	50	0.004422
15	60	0.001346
15	70	0.001366
15	80	0.001323
15	90	0.001610
15	100	0.001570
15	110	0.001333
15	120	0.002226
15	130	0.001886
15	140	0.001234
15	150	0.001318
15	160	0.001172
15	170	0.002921
15	180	0.001381
15	190	0.001381
15	200	0.001328
15	210	0.001903
15	220	0.001247
15	230	0.001250
15	240	0.003779
15	250	0.001289
15	260	0.001334
15	270	0.001258
15	280	0.001476
15	290	0.001347
15	300	0.002051
15	310	0.001362
15	320	0.001990
15	330	0.005478
15	340	0.001380
15	350	0.001727
20	0	0.001105
20	10	0.000303
20	20	0.003423
20	30	0.001898
20	40	0.002081
20	50	0.001790
20	60	0.001821
20	70	0.001634
20	80	0.001959
20	90	0.001516
20	100	0.001363
20	110	0.001519
20	120	0.002854
20	130	0.001282
20	140	0.014696
20	150	0.001059
20	160	0.000000
20	170	0.000305
20	180	0.000776
20	190	0.001306
20	200	0.001719
20	210	0.001497
20	220	0.001324
20	230	0.001264
20	240	0.001613
20	250	0.093972
20	260	0.001464
20	270	0.001445
20	280	0.009676
20	290	0.002655
20	300	0.001389
20	310	0.001370
20	320	0.001097
20	330	0.001403
20	340	0.001362
20	350	0.004602
25	0	0.008987
25	10	0.002000
25	20	0.002632
25	30	0.002903
25	40	0.023073
25	50	0.001968
25	60	0.014742
25	70	0.001470
25	80	0.001575
25	90	0.001498
25	100	0.001554
25	110	0.001733
25	120	0.001723
25	130	0.001515
25	140	0.001406
25	150	0.006464
25	160	0.001529
25	170	0.001329
25	180	0.001380
25	190	0.001494
25	200	0.002450
25	210	0.001338
25	220	0.001209
25	230	0.002432
25	240	0.001187
25	250	0.001659
25	260	0.001140
25	270	0.001044
25	280	0.001295
25	290	0.001614
25	300	0.001125
25	310	0.001412
25	320	0.001300
25	330	0.001355
25	340	0.071762
25	350	0.004076
30	0	0.003394
30	10	0.023022
30	20	0.001928
30	30	0.001881
30	40	0.002222
30	50	0.001530
30	60	0.001621
30	70	0.001557
30	80	0.001540
30	90	0.001627
30	100	0.001451
30	110	0.001884
30	120	0.001318
30	130	0.001985
30	140	0.001424
30	150	0.001755
30	160	0.001773
30	170	0.001884
30	180	0.001816
30	190	0.001487
30	200	0.001527
30	210	0.001347
30	220	0.002494
30	230	0.001288
30	240	0.001205
30	250	0.001494
30	260	0.001743
30	270	0.001970
30	280	0.002005
30	290	0.001541
30	300	0.001459
30	310	0.001251
30	320	0.018074
30	330	0.001654
30	340	0.001739
30	350	0.002023
35	0	0.390104
35	10	0.004781
35	20	0.004296
35	30	0.002399
35	40	0.007237
35	50	0.001642
35	60	0.002115
35	70	0.003564
35	80	0.002231
35	90	0.001670
35	100	0.006008
35	110	0.002274
35	120	0.001513
35	130	0.001507
35	140	0.002184
35	150	0.001408
35	160	0.002291
35	170	0.001894
35	180	0.001869
35	190	0.001886
35	200	0.001692
35	210	0.002376
35	220	0.001547
35	230	0.001541
35	240	0.025388
35	250	0.001237
35	260	0.001234
35	270	0.001334
35	280	0.001377
35	290	0.001469
35	300	0.001406
35	310	0.001505
35	320	0.001463
35	330	0.001579
35	340	0.001921
35	350	0.002073
40	0	0.003467
40	10	0.002782
40	20	0.002749
40	30	0.003364
40	40	0.001772
40	50	0.002898
40	60	0.001652
40	70	0.001632
40	80	0.001626
40	90	0.003314
40	100	0.002137
40	110	0.001565
40	120	0.002023
40	130	0.001597
40	140	0.001660
40	150	0.001772
40	160	0.002113
40	170	0.008524
40	180	0.002175
40	190	0.004668
40	200	0.001735
40	210	0.001748
40	220	0.001444
40	230	0.001463
40	240	0.001512
40	250	0.001527
40	260	0.001644
40	270	0.001364
40	280	0.001480
40	290	0.001317
40	300	0.001426
40	310	0.036713
40	320	0.010053
40	330	0.004361
40	340	0.001858
40	350	0.002242
45	0	0.003167
45	10	0.002937
45	20	0.005886
45	30	0.020633
45	40	0.002026
45	50	0.003725
45	60	0.008111
45	70	0.001738
45	80	0.002507
45	90	0.001969
45	100	0.002151
45	110	0.001644
45	120	0.001651
45	130	0.008145
45	140	0.001972
45	150	0.002032
45	160	0.002032
45	170	0.002068
45	180	0.002075
45	190	0.001926
45	200	0.001946
45	210	0.001856
45	220	0.001580
45	230	0.001652
45	240	0.001411
45	250	0.001764
45	260	0.001574
45	270	0.001701
45	280	0.001344
45	290	0.014641
45	300	0.001627
45	310	0.001420
45	320	0.001772
45	330	0.002022
45	340	0.030235
45	350	0.002757
50	0	0.063030
50	10	0.010930
50	20	0.003054
50	30	0.002440
50	40	0.005792
50	50	0.001916
50	60	0.001898
50	70	0.061041
50	80	0.001866
50	90	0.001772
50	100	0.001863
50	110	0.033099
50	120	0.001785
50	130	0.001898
50	140	0.001969
50	150	0.002315
50	160	0.002136
50	170	0.002302
50	180	0.002263
50	190	0.002368
50	200	0.002084
50	210	0.003862
50	220	0.001913
50	230	0.001666
50	240	0.002195
50	250	0.001582
50	260	0.003082
50	270	0.001493
50	280	0.001949
50	290	0.001513
50	300	0.001942
50	310	0.006202
50	320	0.024272
50	330	0.002013
50	340	0.002535
50	350	0.011320
55	0	0.006216
55	10	0.004577
55	20	0.005030
55	30	0.002853
55	40	0.005851
55	50	0.002071
55	60	0.191117
55	70	0.001989
55	80	0.002052
55	90	0.001912
55	100	0.001912
55	110	0.001936
55	120	0.002000
55	130	0.001970
55	140	0.002091
55	150	0.002406
55	160	0.002484
55	170	0.008793
55	180	0.003571
55	190	0.002964
55	200	0.002425
55	210	0.002091
55	220	0.001822
55	230	0.001861
55	240	0.001667
55	250	0.001851
55	260	0.001851
55	270	0.001656
55	280	0.001889
55	290	0.002117
55	300	0.001917
55	310	0.001695
55	320	0.001790
55	330	0.002125
55	340	0.003915
55	350	0.004633
60	0	0.008239
60	10	0.031229
60	20	0.004470
60	30	0.003415
60	40	0.002672
60	50	0.002229
60	60	0.002287
60	70	0.002201
60	80	0.002196
60	90	0.002147
60	100	0.002132
60	110	0.002155
60	120	0.002339
60	130	0.002152
60	140	0.002339
60	220	0.004548
60	230	0.002693
60	240	0.001957
60	250	0.001792
60	260	0.002300
60	270	0.002346
60	280	0.001906
60	290	0.002187
60	300	0.001976
60	310	0.002046
60	320	0.002346
60	330	0.005013
60	340	0.004096
60	350	0.011696
65	0	0.037776
65	10	0.008605
65	20	0.006541
65	30	0.003958
65	40	0.002929
65	50	0.006579
65	60	0.004067
65	70	0.002564
65	80	0.004957
65	90	0.002460
65	100	0.002520
65	110	0.002339
65	120	0.002369
65	130	0.002460
65	140	0.002703
65	220	0.002700
65	230	0.002165
65	240	0.002609
65	250	0.002316
65	260	0.002564
65	270	0.002127
65	280	0.002233
65	290	0.004342
65	300	0.002807
65	310	0.002856
65	320	0.002466
65	330	0.003741
65	340	0.004990
65	350	0.008605
70	0	0.126905
70	10	0.462671
70	20	0.007924
70	30	0.005132
70	40	0.003549
70	50	0.005598
70	60	0.003480
70	70	0.003432
70	80	0.003034
70	90	0.002711
70	100	0.003115
70	110	0.003194
70	120	0.003156
70	130	0.003220
70	140	0.003152
70	220	0.003133
70	230	0.003493
70	240	0.002989
70	250	0.003234
70	260	0.003178
70	270	0.003265
70	280	0.003532
70	290	0.003222
70	300	0.003513
70	310	0.002975
70	320	0.003317
70	330	0.004113
70	340	0.007068
70	350	29.041232
75	0	0.023781
75	10	0.018773
75	20	0.009992
75	30	0.006080
75	40	0.004739
75	50	0.004384
75	60	0.004060
75	70	0.003585
75	80	0.003880
75	90	0.003941
75	100	0.003658
75	110	0.004144
75	120	0.003806
75	130	0.004179
75	140	0.004058
75	220	0.003987
75	230	0.003744
75	240	0.021024
75	250	0.003904
75	260	0.003572
75	270	0.003966
75	280	0.003634
75	290	0.003978
75	300	0.003585
75	310	0.003917
75	320	0.004470
75	330	0.005167
75	340	0.008799
75	350	0.015920
80	0	0.030722
80	10	0.020667
80	20	0.013555
80	30	0.007561
80	40	0.005838
80	50	0.005434
80	60	0.005841
80	70	0.005764
80	80	0.005288
80	90	0.005893
80	100	0.005141
80	110	0.005049
80	120	0.005306
80	130	0.005379
80	140	0.005471
80	220	0.005856
80	230	0.005269
80	240	0.005178
80	250	0.005471
80	260	0.005453
80	270	0.005673
80	280	0.005214
80	290	0.005709
80	300	0.014930
80	310	0.006021
80	320	0.005618
80	330	0.008147
80	340	0.563715
80	350	0.019164
70	-10
0	0	0.001302
5	0	0.001342
5	10	0.001572
5	20	0.002467
5	30	0.002932
5	40	0.001685
5	50	0.001361
5	60	0.001275
5	70	0.001253
5	80	0.001152
5	90	0.001167
5	100	0.001193
5	110	0.001100
5	120	0.001112
5	130	0.001124
5	140	0.001240
5	150	0.001373
5	160	0.001639
5	170	0.001311
5	180	0.001204
5	190	0.001125
5	200	0.001133
5	210	0.001236
5	220	0.001570
5	230	0.001458
5	240	0.001119
5	250	0.001151
5	260	0.001204
5	270	0.001210
5	280	0.001210
5	290	0.001163
5	300	0.001190
5	310	0.001624
5	320	0.003052
5	330	0.002160
5	340	0.001067
5	350	0.001200
10	0	0.001539
10	10	0.002259
10	20	0.001500
10	30	0.001196
10	40	0.005309
10	50	0.001529
10	60	0.001445
10	70	0.001526
10	80	0.001351
10	90	0.001480
10	100	0.001390
10	110	0.001168
10	120	0.001277
10	130	0.009569
10	140	0.002370
10	150	0.001228
10	160	0.001665
10	170	0.001566
10	180	0.001181
10	190	0.001135
10	200	0.001169
10	210	0.001192
10	220	0.002363
10	230	0.029516
10	240	0.001404
10	250	0.001164
10	260	0.001112
10	270	0.001197
10	280	0.001351
10	290	0.001869
10	300	0.001614
10	310	0.001818
10	320	0.001125
10	330	0.001050
10	340	0.001520
10	350	0.001146
15	0	0.001572
15	10	0.001704
15	20	0.001299
15	30	0.001851
15	40	0.001656
15	50	0.002073
15	60	0.001183
15	70	0.001259
15	80	0.001516
15	90	0.001443
15	100	0.001163
15	110	0.001291
15	120	0.061568
15	130	0.001691
15	140	0.001094
15	150	0.002287
15	160	0.001192
15	170	0.001540
15	180	0.001261
15	190	0.001175
15	200	0.001117
15	210	0.001566
15	220	0.001154
15	230	0.001138
15	240	0.003651
15	250	0.001164
15	260	0.001109
15	270	0.001122
15	280	0.001188
15	290	0.001202
15	300	0.005516
15	310	0.001227
15	320	0.001576
15	330	0.123600
15	340	0.001336
15	350	0.001335
20	0	0.000572
20	10	0.001507
20	20	0.004376
20	30	0.001351
20	40	0.001592
20	50	0.001487
20	60	0.001562
20	70	0.001433
20	80	0.001460
20	90	0.001294
20	100	0.001358
20	110	0.001187
20	120	0.001199
20	130	0.001338
20	140	0.003067
20	150	0.000030
20	160	0.000163
20	170	0.001119
20	180	0.001203
20	190	0.001172
20	200	0.019124
20	210	0.001272
20	220	0.001124
20	230	0.001144
20	240	0.001928
20	250	0.009375
20	260	0.001125
20	270	0.001250
20	280	0.001536
20	290	0.001543
20	300	0.001613
20	310	0.000962
20	320	0.001270
20	330	0.001258
20	340	0.001210
20	350	0.000812
25	0	0.002866
25	10	0.001648
25	20	0.001805
25	30	0.006519
25	40	0.008570
25	50	0.001675
25	60	0.055057
25	70	0.001433
25	80	0.001472
25	90	0.001591
25	100	0.001387
25	110	0.006051
25	120	0.001422
25	130	0.001296
25	140	0.001229
25	150	0.002406
25	160	0.002487
25	170	0.001228
25	180	0.001278
25	190	0.001096
25	200	0.001023
25	210	0.001026
25	220	0.001066
25	230	0.001165
25	240	0.000988
25	250	0.002072
25	260	0.000867
25	270	0.000945
25	280	0.000859
25	290	0.002536
25	300	0.000989
25	310	0.001311
25	320	0.001139
25	330	0.001538
25	340	0.233162
25	350	0.001782
30	0	0.001687
30	10	0.003517
30	20	0.001512
30	30	0.001560
30	40	0.001981
30	50	0.002310
30	60	0.001500
30	70	0.001527
30	80	0.001368
30	90	0.001692
30	100	0.001250
30	110	0.001141
30	120	0.001340
30	130	0.004911
30	140	0.001944
30	150	0.001761
30	160	0.001632
30	170	0.001595
30	180	0.001297
30	190	0.001334
30	200	0.001182
30	210	0.001089
30	220	0.001118
30	230	0.002580
30	240	0.001110
30	250	0.001590
30	260	0.001292
30	270	0.001228
30	280	0.001363
30	290	0.001451
30	300	0.001078
30	310	0.001448
30	320	0.125019
30	330	0.001583
30	340	0.001632
30	350	0.001676
35	0	0.148078
35	10	0.035886
35	20	0.011327
35	30	0.013169
35	40	0.005922
35	50	0.001736
35	60	0.001774
35	70	0.003621
35	80	0.002394
35	90	0.002073
35	100	0.099434
35	110	0.001403
35	120	0.001365
35	130	0.001362
35	140	0.001403
35	150	0.001966
35	160	0.001263
35	170	0.001589
35	180	0.001648
35	190	0.001768
35	200	0.001440
35	210	0.014770
35	220	0.001372
35	230	0.001200
35	240	0.001234
35	250	0.001041
35	260	0.001187
35	270	0.001233
35	280	0.001274
35	290	0.001094
35	300	0.002514
35	310	0.001219
35	320	0.001382
35	330	0.001382
35	340	0.001990
35	350	0.002320
40	0	0.008198
40	10	0.003823
40	20	0.002813
40	30	0.003927
40	40	0.001723
40	50	0.002066
40	60	0.003736
40	70	0.001566
40	80	0.001425
40	90	0.001670
40	100	0.001763
40	110	0.001431
40	120	0.004217
40	130	0.001459
40	140	0.001720
40	150	0.005709
40	160	0.002127
40	170	0.002159
40	180	0.001633
40	190	0.001675
40	200	0.001305
40	210	0.001282
40	220	0.001167
40	230	0.001286
40	240	0.002410
40	250	0.001359
40	260	0.001257
40	270	0.001623
40	280	0.001093
40	290	0.001197
40	300	0.001229
40	310	0.006175
40	320	0.001974
40	330	0.213899
40	340	0.001949
40	350	0.002385
45	0	0.006280
45	10	0.002467
45	20	0.002390
45	30	0.011398
45	40	0.001657
45	50	0.003134
45	60	0.001965
45	70	0.001614
45	80	0.001746
45	90	0.001721
45	100	0.001637
45	110	0.001514
45	120	0.001539
45	130	0.001745
45	140	0.001819
45	150	0.001765
45	160	0.002422
45	170	0.001918
45	180	0.001671
45	190	0.001787
45	200	0.001640
45	210	0.001368
45	220	0.001531
45	230	0.001175
45	240	0.001296
45	250	0.001728
45	260	0.001536
45	270	0.001139
45	280	0.001409
45	290	0.002597
45	300	0.001197
45	310	0.001514
45	320	0.001712
45	330	0.001989
45	340	0.012663
45	350	0.002830
50	0	0.009526
50	10	0.014417
50	20	0.003477
50	30	0.002234
50	40	0.003763
50	50	0.001896
50	60	0.001773
50	70	0.105881
50	80	0.001691
50	90	0.001703
50	100	0.001849
50	110	0.001976
50	120	0.001673
50	130	0.001947
50	140	0.001738
50	150	0.004367
50	160	0.002151
50	170	0.002593
50	180	0.002163
50	190	0.002255
50	200	0.001735
50	210	0.012271
50	220	0.001466
50	230	0.001585
50	240	0.001773
50	250	0.001367
50	260	0.001672
50	270	0.001436
50	280	0.002029
50	290	0.001188
50	300	0.077395
50	310	0.001534
50	320	0.003942
50	330	0.002325
50	340	0.002983
50	350	0.169457
55	0	0.069166
55	10	0.004262
55	20	0.003106
55	30	0.004322
55	40	0.003555
55	50	0.002296
55	60	0.140370
55	70	0.001783
55	80	0.001904
55	90	0.002204
55	100	0.001756
55	110	0.001804
55	120	0.001790
55	130	0.001834
55	140	0.002048
55	150	0.002354
55	160	0.002497
55	170	0.004617
55	180	0.002556
55	190	0.002300
55	200	0.001983
55	210	0.001605
55	220	0.001537
55	230	0.002369
55	240	0.001643
55	250	0.001593
55	260	0.001487
55	270	0.001966
55	280	0.001382
55	290	0.001670
55	300	0.001415
55	310	0.001532
55	320	0.001677
55	330	0.002581
55	340	0.005296
55	350	0.005659
60	0	0.006118
60	10	0.005117
60	20	0.005004
60	30	0.003005
60	40	0.002196
60	50	0.002144
60	60	0.002056
60	70	0.002064
60	80	0.001945
60	90	0.001904
60	100	0.001898
60	110	0.002194
60	120	0.002772
60	130	0.002065
60	210	0.001919
60	220	0.003947
60	230	0.001770
60	240	0.001534
60	250	0.001636
60	260	0.002171
60	270	0.001687
60	280	0.002101
60	290	0.001693
60	300	0.001700
60	310	0.019200
60	320	0.002280
60	330	0.003540
60	340	0.005842
60	350	0.007355
65	0	0.407051
65	10	0.007426
65	20	0.004316
65	30	0.002919
65	40	0.002387
65	50	0.004719
65	60	0.002363
65	70	0.002154
65	80	0.002314
65	90	0.003160
65	100	0.002147
65	110	0.002084
65	120	0.002144
65	130	0.002205
65	210	0.002470
65	220	0.001921
65	230	0.002357
65	240	0.001906
65	250	0.002380
65	260	0.001823
65	270	0.001958
65	280	0.001830
65	290	0.001928
65	300	0.002275
65	310	0.002019
65	320	0.002757
65	330	0.004120
65	340	0.007517
65	350	0.054998
70	0	0.013495
70	10	68.035932
70	20	0.004765
70	30	0.003215
70	40	0.004273
70	50	0.005305
70	60	0.003176
70	70	0.002730
70	80	0.002406
70	90	0.002717
70	100	0.002666
70	110	0.002749
70	120	0.003176
70	130	0.002729
70	210	0.002890
70	220	0.003162
70	230	0.002847
70	240	0.002976
70	250	0.002731
70	260	0.002933
70	270	0.003160
70	280	0.002856
70	290	0.003188
70	300	0.002610
70	310	0.002939
70	320	0.004812
70	330	0.006384
70	340	0.011559
70	350	0.138600
75	0	0.015656
75	10	0.011499
75	20	0.006801
75	30	0.004576
75	40	0.003911
75	50	0.003426
75	60	0.003221
75	70	0.003449
75	80	0.003394
75	90	0.003185
75	100	0.003259
75	110	0.003259
75	120	0.003062
75	130	0.003519
75	210	0.003710
75	220	0.003361
75	230	0.003558
75	240	0.016911
75	250	0.003247
75	260	0.003554
75	270	0.003201
75	280	0.003579
75	290	0.003173
75	300	0.004604
75	310	0.003848
75	320	0.004621
75	330	0.014980
75	340	0.388339
75	350	0.022078
80	0	0.019852
80	10	0.013528
80	20	0.043499
80	30	0.005457
80	40	0.007222
80	50	0.004913
80	60	0.005114
80	70	0.004436
80	80	0.004986
80	90	0.004473
80	100	0.004253
80	110	0.004546
80	120	0.004583
80	130	0.004676
80	210	0.005338
80	220	0.004674
80	230	0.004583
80	240	0.004931
80	250	0.005114
80	260	0.005114
80	270	0.004638
80	280	0.005004
80	290	0.004619
80	300	0.005470
80	310	0.004990
80	320	0.007369
80	330	0.011548
80	340	0.027734
80	350	0.029742
70	-20
0	0	0.001237
5	0	0.001122
5	10	0.001186
5	20	0.001277
5	30	0.001912
5	40	0.001617
5	50	0.001346
5	60	0.001337
5	70	0.001411
5	80	0.001541
5	90	0.001711
5	100	0.001938
5	110	0.002067
5	120	0.001821
5	130	0.001704
5	140	0.003764
5	150	0.001949
5	160	0.001054
5	170	0.001088
5	180	0.001077
5	190	0.001377
5	200	0.001958
5	210	0.001321
5	220	0.001074
5	230	0.001122
5	240	0.001239
5	250	0.001457
5	260	0.001565
5	270	0.001533
5	280	0.001364
5	290	0.001264
5	300	0.001182
5	310	0.001185
5	320	0.001181
5	330	0.001035
5	340	0.001448
5	350	0.001147
10	0	0.001506
10	10	0.027597
10	20	0.078805
10	30	0.001925
10	40	0.001529
10	50	0.003213
10	60	0.002030
10	70	0.001135
10	80	0.001377
10	90	0.001426
10	100	0.001244
10	110	0.001287
10	120	0.001928
10	130	0.001175
10	140	0.001228
10	150	0.001730
10	160	0.170643
10	170	0.001579
10	180	0.001161
10	190	0.004267
10	200	0.001156
10	210	0.001256
10	220	0.001636
10	230	0.001311
10	240	0.001089
10	250	0.001130
10	260	0.001169
10	270	0.001170
10	280	0.001213
10	290	0.001252
10	300	0.001123
10	310	0.001781
10	320	0.001839
10	330	0.001856
10	340	0.001181
10	350	0.003207
15	0	0.001237
15	10	0.002465
15	20	0.001309
15	30	0.001250
15	40	0.001444
15	50	0.003266
15	60	0.002287
15	70	0.001823
15	80	0.001638
15	90	0.001872
15	100	0.001668
15	110	0.001707
15	120	0.009003
15	130	0.001390
15	140	0.001023
15	150	0.001193
15	160	0.001134
15	170	0.001393
15	180	0.001225
15	190	0.001154
15	200	0.001161
15	210	0.001270
15	220	0.001171
15	230	0.001782
15	240	0.001119
15	250	0.001110
15	260	0.001251
15	270	0.001310
15	280	0.001226
15	290	0.001167
15	300	0.001188
15	310	0.001364
15	320	0.001429
15	330	0.002024
15	340	0.001311
15	350	0.002891
20	0	0.002131
20	10	0.046309
20	20	0.001398
20	30	0.001344
20	40	0.004804
20	50	0.001643
20	60	0.001525
20	70	0.002456
20	80	0.001196
20	90	0.001406
20	100	0.001184
20	110	0.001166
20	120	0.001393
20	130	0.000974
20	140	0.000200
20	150	0.000054
20	160	0.000623
20	170	0.115799
20	180	0.001376
20	190	0.001235
20	200	0.009595
20	210	0.001158
20	220	0.001175
20	230	0.001387
20	240	0.047802
20	250	0.001210
20	260	0.001176
20	270	0.001201
20	280	0.001218
20	290	0.001271
20	300	0.091163
20	310	0.001323
20	320	0.002422
20	330	0.001234
20	340	0.009350
20	350	0.000539
25	0	0.001445
25	10	0.001440
25	20	0.001291
25	30	0.914546
25	40	0.001907
25	50	0.001795
25	60	0.004756
25	70	0.003509
25	80	0.001718
25	90	0.005774
25	100	0.003024
25	110	0.164380
25	120	0.001353
25	130	0.001307
25	140	0.001346
25	150	0.001423
25	160	0.001258
25	170	0.001756
25	180	0.001353
25	190	0.001017
25	200	0.001044
25	210	0.000980
25	220	0.001253
25	230	0.001002
25	240	0.001003
25	250	0.000849
25	260	0.001009
25	270	0.000874
25	280	0.000892
25	290	0.000941
25	300	0.001129
25	310	0.001134
25	320	0.002578
25	330	0.002641
25	340	0.002229
25	350	0.001697
30	0	0.003536
30	10	0.002779
30	20	0.001591
30	30	0.001391
30	40	0.001436
30	50	0.004007
30	60	0.001443
30	70	0.001409
30	80	0.001810
30	90	0.001555
30	100	0.001794
30	110	0.001322
30	120	0.001313
30	130	0.002570
30	140	0.001702
30	150	0.002125
30	160	0.001590
30	170	0.002338
30	180	0.001313
30	190	0.001295
30	200	0.001116
30	210	0.001125
30	220	0.001106
30	230	0.001125
30	240	0.001192
30	250	0.073970
30	260	0.001038
30	270	0.001326
30	280	0.001272
30	290	0.048440
30	300	0.001346
30	310	0.001428
30	320	0.002095
30	330	0.001537
30	340	0.001858
30	350	0.001989
35	0	0.002736
35	10	0.001930
35	20	1.318868
35	30	0.001538
35	40	0.001655
35	50	0.002031
35	60	0.001453
35	70	0.002554
35	80	0.001802
35	90	0.049750
35	100	0.001645
35	110	0.001498
35	120	0.001390
35	130	0.001368
35	140	0.001139
35	150	0.001263
35	160	0.001846
35	170	0.001632
35	180	0.001485
35	190	0.001498
35	200	0.001673
35	210	0.002390
35	220	0.003094
35	230	0.006509
35	240	0.001100
35	250	0.001357
35	260	0.001221
35	270	0.001152
35	280	0.001348
35	290	0.001304
35	300	0.001259
35	310	0.001458
35	320	0.001629
35	330	0.004722
35	340	0.002553
35	350	0.002180
40	0	0.002062
40	10	0.007093
40	20	0.001987
40	30	0.002469
40	40	0.007755
40	50	0.001613
40	60	0.002684
40	70	0.001729
40	80	0.001442
40	90	0.001439
40	100	0.001444
40	110	0.001467
40	120	0.001833
40	130	0.004405
40	140	0.046281
40	150	0.002103
40	160	0.004212
40	170	0.001675
40	180	0.001488
40	190	0.001268
40	200	0.001280
40	210	0.001235
40	220	0.001313
40	230	0.001413
40	240	0.001417
40	250	0.001143
40	260	0.002809
40	270	0.027400
40	280	0.001306
40	290	0.001193
40	300	0.001495
40	310	0.001325
40	320	0.001493
40	330	0.003138
40	340	0.011675
40	350	0.002269
45	0	0.061357
45	10	0.010597
45	20	0.005006
45	30	0.001786
45	40	0.002568
45	50	0.001727
45	60	0.002010
45	70	0.001589
45	80	0.001555
45	90	0.001620
45	100	0.001532
45	110	0.002499
45	120	0.001759
45	130	0.001797
45	140	0.001729
45	150	0.002103
45	160	0.008394
45	170	0.001847
45	180	0.001909
45	190	0.001704
45	200	0.001419
45	210	0.002602
45	220	0.014968
45	230	0.001919
45	240	0.001369
45	250	0.001427
45	260	0.001153
45	270	0.001427
45	280	0.001373
45	290	0.001238
45	300	0.001536
45	310	0.001628
45	320	0.004250
45	330	0.002229
45	340	0.002650
45	350	0.023944
50	0	0.002948
50	10	0.002482
50	20	0.005557
50	30	0.002154
50	40	0.002189
50	50	0.004418
50	60	0.001810
50	70	0.002087
50	80	0.002064
50	90	0.002365
50	100	0.083635
50	110	0.001703
50	120	0.001794
50	130	0.049417
50	140	0.003754
50	150	0.002057
50	160	0.002120
50	170	0.002019
50	180	0.004078
50	190	0.001760
50	200	0.002619
50	210	0.001511
50	220	0.001654
50	230	0.001432
50	240	0.001432
50	250	0.002675
50	260	0.001382
50	270	0.001313
50	280	0.001229
50	290	0.001620
50	300	0.001466
50	310	0.001710
50	320	0.001999
50	330	0.003013
50	340	0.004815
50	350	0.003520
55	0	0.003486
55	10	0.002867
55	20	0.002591
55	30	0.010698
55	40	0.002163
55	50	0.002009
55	60	0.003504
55	70	0.001843
55	80	0.001821
55	90	0.001801
55	100	0.001804
55	110	0.001946
55	120	0.001867
55	130	0.002037
55	140	0.002155
55	150	0.002698
55	160	0.003439
55	170	0.002418
55	180	0.002162
55	190	0.002012
55	200	0.003103
55	210	0.001593
55	220	0.003358
55	230	0.049547
55	240	0.001665
55	250	0.001455
55	260	0.001969
55	270	0.074892
55	280	0.001771
55	290	0.001455
55	300	0.001538
55	310	0.002230
55	320	0.002491
55	330	0.003632
55	340	0.005224
55	350	0.004242
60	0	0.139476
60	10	0.004075
60	20	0.003368
60	30	0.002653
60	40	0.002350
60	50	0.002140
60	60	0.002215
60	70	0.002172
60	80	0.001975
60	90	0.001945
60	100	0.001963
60	110	0.001963
60	120	0.002348
60	200	0.001989
60	210	0.002172
60	220	0.001783
60	230	0.001611
60	240	0.001579
60	250	0.002070
60	260	0.001605
60	270	0.001961
60	280	0.001777
60	290	0.001777
60	300	0.002306
60	310	0.002240
60	320	0.003301
60	330	0.005442
60	340	0.006833
60	350	0.046066
65	0	0.006478
65	10	0.093117
65	20	0.003947
65	30	0.002881
65	40	0.012937
65	50	0.003446
65	60	0.002224
65	70	0.002264
65	80	0.002129
65	90	0.002123
65	100	0.002100
65	110	0.002358
65	120	0.002249
65	200	0.002607
65	210	0.009077
65	220	0.002403
65	230	0.001974
65	240	0.002373
65	250	0.001899
65	260	0.002034
65	270	0.004693
65	280	0.001899
65	290	0.002449
65	300	0.002057
65	310	0.002753
65	320	0.004648
65	330	0.007043
65	340	0.080148
65	350	0.015878
70	0	0.007995
70	10	0.005408
70	20	0.006292
70	30	0.003853
70	40	0.003406
70	50	0.003230
70	60	0.006134
70	70	0.002463
70	80	0.003094
70	90	0.002763
70	100	0.004719
70	110	0.002877
70	120	0.002794
70	200	0.003054
70	210	0.003257
70	220	0.002960
70	230	0.003054
70	240	0.002941
70	250	0.003045
70	260	0.003258
70	270	0.002905
70	280	0.003258
70	290	0.002743
70	300	0.003014
70	310	0.003418
70	320	0.006506
70	330	0.011123
70	340	0.151760
70	350	0.011392
75	0	0.082893
75	10	0.007097
75	20	0.040746
75	30	0.004410
75	40	0.015977
75	50	0.003236
75	60	0.003506
75	70	0.003642
75	80	0.003248
75	90	0.003322
75	100	0.003310
75	110	0.003150
75	120	0.003600
75	200	0.003739
75	210	0.003505
75	220	0.003642
75	230	0.003666
75	240	0.003479
75	250	0.003806
75	260	0.003223
75	270	0.003605
75	280	0.003211
75	290	0.003580
75	300	0.004108
75	310	0.004913
75	320	0.007626
75	330	0.013284
75	340	0.020345
75	350	0.014846
80	0	0.012705
80	10	0.008595
80	20	0.006273
80	30	0.005226
80	40	0.005079
80	50	0.005153
80	60	0.004548
80	70	0.005263
80	80	0.004475
80	90	0.004310
80	100	0.004511
80	110	0.005006
80	120	0.004876
80	200	0.005657
80	210	0.004933
80	220	0.004768
80	230	0.005098
80	240	0.005226
80	250	0.005281
80	260	0.004713
80	270	0.005171
80	280	0.004640
80	290	0.005519
80	300	0.006027
80	310	0.006916
80	320	0.011294
80	330	0.017728
80	340	0.028809
80	350	0.018681
70	-30
0	0	0.001263
5	0	0.001508
5	10	0.001216
5	20	0.001365
5	30	0.001489
5	40	0.001639
5	50	0.002142
5	60	0.004903
5	70	0.005372
5	80	0.002567
5	90	0.001394
5	100	0.001722
5	110	0.023181
5	120	0.206187
5	130	0.090010
5	140	0.002323
5	150	0.001300
5	160	0.001166
5	170	0.001181
5	180	0.001536
5	190	0.001271
5	200	0.001075
5	210	0.001148
5	220	0.001315
5	230	0.001625
5	240	0.001798
5	250	0.001469
5	260	0.001242
5	270	0.001255
5	280	0.001784
5	290	0.001653
5	300	0.001260
5	310	0.001684
5	320	0.001729
5	330	0.001462
5	340	0.001115
5	350	0.001480
10	0	0.001232
10	10	0.001273
10	20	0.001789
10	30	0.001917
10	40	0.001623
10	50	0.001438
10	60	0.001092
10	70	0.001316
10	80	0.003203
10	90	0.001091
10	100	0.002217
10	110	0.010781
10	120	0.001114
10	130	0.001258
10	140	0.001021
10	150	0.006838
10	160	0.001123
10	170	0.001045
10	180	0.001568
10	190	0.001065
10	200	0.001051
10	210	0.001710
10	220	0.001252
10	230	0.001152
10	240	0.001137
10	250	0.001171
10	260	0.001031
10	270	0.001249
10	280	0.001946
10	290	0.001079
10	300	0.001179
10	310	0.001542
10	320	0.051327
10	330	0.001761
10	340	0.001142
10	350	0.001100
15	0	0.001361
15	10	0.002711
15	20	0.004032
15	30	0.001104
15	40	0.006103
15	50	0.001364
15	60	0.026228
15	70	0.006001
15	80	0.002396
15	90	0.001335
15	100	0.203582
15	110	0.002231
15	120	0.001077
15	130	0.000915
15	140	0.001704
15	150	0.001152
15	160	0.075855
15	170	0.001205
15	180	0.001552
15	190	0.001378
15	200	0.145759
15	210	0.001511
15	220	0.001059
15	230	0.001089
15	240	0.001138
15	250	0.002246
15	260	0.002325
15	270	0.001549
15	280	0.001272
15	290	0.002364
15	300	0.001230
15	310	0.001098
15	320	0.001799
15	330	0.001487
15	340	0.004963
15	350	0.001454
20	0	0.001242
20	10	0.002212
20	20	0.001303
20	30	0.001670
20	40	0.002707
20	50	0.001521
20	60	0.001223
20	70	0.002774
20	80	0.002402
20	90	0.001045
20	100	0.008109
20	110	0.001514
20	120	0.000632
20	130	0.130902
20	140	0.000154
20	150	0.000939
20	160	0.001129
20	170	0.001101
20	180	0.001736
20	190	0.001099
20	200	0.001097
20	210	0.001079
20	220	0.001288
20	230	0.015693
20	240	0.001135
20	250	0.001115
20	260	0.001238
20	270	0.001310
20	280	0.001128
20	290	0.000948
20	300	0.001400
20	310	0.001481
20	320	0.001400
20	330	0.000808
20	340	0.001853
20	350	0.001221
25	0	0.001465
25	10	0.004956
25	20	0.002574
25	30	0.001405
25	40	0.001812
25	50	0.001486
25	60	0.001152
25	70	0.015127
25	80	0.002171
25	90	0.002090
25	100	0.009146
25	110	0.001173
25	120	0.001159
25	130	0.001191
25	140	0.001746
25	150	0.001068
25	160	0.001201
25	170	0.002768
25	180	0.003800
25	190	0.064799
25	200	0.000910
25	210	0.001002
25	220	0.003737
25	230	0.000934
25	240	0.001040
25	250	0.000970
25	260	0.001159
25	270	0.000933
25	280	0.001494
25	290	0.001093
25	300	0.005746
25	310	0.001623
25	320	0.003906
25	330	0.002522
25	340	0.002005
25	350	0.004218
30	0	0.001488
30	10	0.002554
30	20	0.001365
30	30	0.009573
30	40	0.002231
30	50	0.005798
30	60	0.003721
30	70	0.001295
30	80	0.001176
30	90	0.001068
30	100	0.001193
30	110	0.001246
30	120	0.006333
30	130	0.001411
30	140	0.001433
30	150	0.001720
30	160	0.001165
30	170	0.002444
30	180	0.003782
30	190	0.004422
30	200	0.001034
30	210	0.017892
30	220	0.001061
30	230	0.001055
30	240	0.035601
30	250	0.000991
30	260	0.001194
30	270	0.001194
30	280	0.001081
30	290	0.001367
30	300	0.003337
30	310	0.001352
30	320	0.001459
30	330	0.004978
30	340	0.001452
30	350	0.002407
35	0	0.001708
35	10	0.001480
35	20	0.001286
35	30	0.001670
35	40	0.001743
35	50	0.001554
35	60	0.002799
35	70	0.001250
35	80	0.001639
35	90	0.001746
35	100	0.001416
35	110	0.001261
35	120	0.001057
35	130	0.002456
35	140	0.001150
35	150	0.002401
35	160	0.001383
35	170	0.015574
35	180	0.003843
35	190	0.002891
35	200	0.001281
35	210	0.001139
35	220	0.001022
35	230	0.001104
35	240	0.001092
35	250	0.001135
35	260	0.001072
35	270	0.001006
35	280	0.001238
35	290	0.003416
35	300	0.001314
35	310	0.003455
35	320	0.002098
35	330	0.003771
35	340	0.012559
35	350	0.001479
40	0	0.003893
40	10	0.003436
40	20	0.003607
40	30	0.003196
40	40	0.018010
40	50	0.001516
40	60	0.003083
40	70	0.002061
40	80	0.001675
40	90	0.001348
40	100	0.001387
40	110	0.215716
40	120	0.001421
40	130	0.001567
40	140	0.002497
40	150	0.001500
40	160	0.001513
40	170	0.001384
40	180	0.001172
40	190	0.001190
40	200	0.001472
40	210	0.001226
40	220	0.001309
40	230	0.001305
40	240	0.001035
40	250	0.001420
40	260	0.001185
40	270	0.001172
40	280	0.009129
40	290	0.001166
40	300	0.001241
40	310	0.001921
40	320	0.002368
40	330	0.002136
40	340	0.002144
40	350	1.559827
45	0	0.001980
45	10	0.001789
45	20	0.004772
45	30	0.001721
45	40	0.001533
45	50	0.001618
45	60	0.001683
45	70	0.001550
45	80	0.001538
45	90	0.001432
45	100	0.001449
45	110	0.001453
45	120	0.001981
45	130	0.001589
45	140	0.001598
45	150	0.001673
45	160	0.001527
45	170	0.001530
45	180	0.001479
45	190	0.001286
45	200	0.001565
45	210	0.001134
45	220	0.001157
45	230	0.001125
45	240	0.001871
45	250	0.001067
45	260	0.001350
45	270	0.003597
45	280	0.001166
45	290	0.001453
45	300	0.001867
45	310	0.005042
45	320	0.003295
45	330	0.002625
45	340	0.003030
45	350	0.002471
50	0	0.002264
50	10	0.001907
50	20	0.001763
50	30	0.179159
50	40	0.001699
50	50	0.024544
50	60	0.001641
50	70	0.001633
50	80	0.005568
50	90	0.002184
50	100	0.001629
50	110	0.001645
50	120	0.001565
50	130	0.001827
50	140	0.001829
50	150	0.002224
50	160	0.001950
50	170	0.002404
50	180	0.002285
50	190	0.001739
50	200	0.001446
50	210	0.001535
50	220	0.001347
50	230	0.001327
50	240	0.001243
50	250	0.001292
50	260	0.001213
50	270	0.001144
50	280	0.001481
50	290	0.002516
50	300	0.001586
50	310	0.002145
50	320	0.004246
50	330	0.003455
50	340	0.003123
50	350	0.002497
55	0	0.009587
55	10	0.024356
55	20	0.001933
55	30	0.002057
55	40	0.002003
55	50	0.001922
55	60	0.001804
55	70	0.006710
55	80	0.001773
55	90	0.001737
55	100	0.001724
55	110	0.001845
55	120	0.001898
55	130	0.002027
55	140	0.002170
55	150	0.002403
55	160	0.002384
55	170	0.002056
55	180	0.001850
55	190	0.001504
55	200	0.001509
55	210	0.001487
55	220	0.001587
55	230	0.001565
55	240	0.002109
55	250	0.002367
55	260	0.001387
55	270	0.001576
55	280	0.001460
55	290	0.001432
55	300	0.001576
55	310	0.003518
55	320	0.003881
55	330	0.004799
55	340	0.004003
55	350	2.787440
60	0	0.002922
60	10	0.002562
60	20	0.002544
60	30	0.002349
60	40	0.026362
60	50	0.002626
60	60	0.002089
60	70	0.001949
60	80	0.004405
60	90	0.001903
60	100	0.001900
60	110	0.001909
60	190	0.002655
60	200	0.002005
60	210	0.001895
60	220	0.001483
60	230	0.001515
60	240	0.001916
60	250	0.001522
60	260	0.001846
60	270	0.001636
60	280	0.001604
60	290	0.002088
60	300	0.002140
60	310	0.003166
60	320	0.004894
60	330	0.006501
60	340	0.103877
60	350	0.003780
65	0	0.003525
65	10	0.003322
65	20	0.002936
65	30	0.003732
65	40	0.002586
65	50	0.002236
65	60	0.002948
65	70	0.008809
65	80	0.002014
65	90	0.001978
65	100	0.002046
65	110	0.002106
65	190	0.002373
65	200	0.001838
65	210	0.002260
65	220	0.001808
65	230	0.002260
65	240	0.002263
65	250	0.001860
65	260	0.001823
65	270	0.001740
65	280	0.002671
65	290	0.001921
65	300	0.002901
65	310	0.004030
65	320	0.007328
65	330	0.111864
65	340	0.007366
65	350	0.005995
70	0	0.003890
70	10	0.003261
70	20	0.004075
70	30	0.004124
70	40	0.003493
70	50	0.002836
70	60	0.002398
70	70	0.002714
70	80	0.002653
70	90	0.002621
70	100	0.002665
70	110	0.002598
70	190	0.002927
70	200	0.003056
70	210	0.002572
70	220	0.002804
70	230	0.002696
70	240	0.002963
70	250	0.013085
70	260	0.002718
70	270	0.003034
70	280	0.002517
70	290	0.002819
70	300	0.003409
70	310	0.006049
70	320	0.010749
70	330	0.200908
70	340	0.048069
70	350	0.007101
75	0	0.005927
75	10	0.004709
75	20	0.007416
75	30	0.009679
75	40	0.003334
75	50	0.003394
75	60	0.003525
75	70	0.003112
75	80	0.003198
75	90	0.003062
75	100	0.002878
75	110	0.003302
75	190	0.003407
75	200	0.003233
75	210	0.003456
75	220	0.003407
75	230	0.003222
75	240	0.003626
75	250	0.003038
75	260	0.003370
75	270	0.003087
75	280	0.003321
75	290	0.003949
75	300	0.004407
75	310	0.007576
75	320	0.012975
75	330	0.019065
75	340	0.013750
75	350	0.008683
80	0	0.021612
80	10	0.005356
80	20	0.005928
80	30	0.005666
80	40	0.005296
80	50	0.004344
80	60	0.005023
80	70	0.004839
80	80	0.003959
80	90	0.004124
80	100	0.004253
80	110	0.004311
80	190	0.005059
80	200	0.004546
80	210	0.004509
80	220	0.004803
80	230	0.005133
80	240	0.005133
80	250	0.004418
80	260	0.032354
80	270	0.004253
80	280	0.005114
80	290	0.004689
80	300	0.006641
80	310	0.010650
80	320	0.016553
80	330	0.026259
80	340	0.017543
80	350	0.037376
70	-40
0	0	0.001623
5	0	0.001240
5	10	0.001207
5	20	0.001255
5	30	0.001156
5	40	0.001153
5	50	0.001426
5	60	0.001997
5	70	0.002176
5	80	0.001700
5	90	0.001484
5	100	0.001311
5	110	0.001249
5	120	0.001116
5	130	0.001172
5	140	0.001332
5	150	0.002491
5	160	0.001627
5	170	0.001164
5	180	0.001185
5	190	0.001202
5	200	0.001480
5	210	0.004011
5	220	0.007046
5	230	0.005092
5	240	0.001956
5	250	0.001443
5	260	0.001619
5	270	0.002013
5	280	0.002774
5	290	0.010538
5	300	0.048391
5	310	0.021656
5	320	0.002246
5	330	0.001670
5	340	0.001370
5	350	0.001281
10	0	0.001405
10	10	0.001669
10	20	0.001589
10	30	0.001738
10	40	0.003729
10	50	0.002808
10	60	0.001473
10	70	0.001602
10	80	0.001349
10	90	0.001489
10	100	0.001283
10	110	0.001206
10	120	0.001321
10	130	0.001490
10	140	0.059005
10	150	0.001526
10	160	0.002696
10	170	0.002504
10	180	0.001547
10	190	0.011086
10	200	0.074976
10	210	0.002214
10	220	0.001198
10	230	0.001141
10	240	0.001335
10	250	0.001883
10	260	0.001241
10	270	0.001435
10	280	0.001309
10	290	0.001227
10	300	0.001158
10	310	0.004010
10	320	0.001272
10	330	0.001881
10	340	0.018729
10	350	0.005588
15	0	0.001247
15	10	0.001299
15	20	0.002322
15	30	0.002200
15	40	0.001419
15	50	0.001521
15	60	0.001409
15	70	0.001228
15	80	0.002727
15	90	0.001567
15	100	0.001225
15	110	0.001158
15	120	0.001127
15	130	0.001226
15	140	0.001536
15	150	0.002594
15	160	0.001188
15	170	0.001218
15	180	0.001177
15	190	0.005407
15	200	0.001179
15	210	0.001382
15	220	0.001334
15	230	0.005372
15	240	0.009409
15	250	0.001460
15	260	0.001488
15	270	0.001831
15	280	0.004640
15	290	0.001709
15	300	0.003186
15	310	0.002843
15	320	0.002858
15	330	0.001308
15	340	0.001901
15	350	0.001834
20	0	0.001424
20	10	0.001615
20	20	0.002492
20	30	0.001516
20	40	0.001510
20	50	0.038673
20	60	0.004165
20	70	0.001408
20	80	0.001331
20	90	0.001591
20	100	0.001388
20	110	0.001084
20	120	0.003603
20	130	0.000173
20	140	0.000613
20	150	0.001348
20	160	0.106390
20	170	0.002104
20	180	0.001416
20	190	0.010140
20	200	0.001556
20	210	0.001270
20	220	0.003334
20	230	0.001262
20	240	0.003275
20	250	0.001243
20	260	0.001623
20	270	0.001290
20	280	0.000955
20	290	0.004267
20	300	0.001544
20	310	0.002756
20	320	0.003273
20	330	0.000195
20	340	0.001540
20	350	0.013352
25	0	0.001289
25	10	0.002419
25	20	0.001815
25	30	0.002566
25	40	0.001772
25	50	0.001351
25	60	0.016671
25	70	0.001312
25	80	0.001401
25	90	0.001513
25	100	0.001267
25	110	0.005134
25	120	0.001506
25	130	0.001232
25	140	0.001678
25	150	0.001270
25	160	0.002240
25	170	0.001036
25	180	0.001036
25	190	0.001005
25	200	0.001202
25	210	0.001938
25	220	0.001228
25	230	0.000890
25	240	0.001305
25	250	0.034316
25	260	0.003666
25	270	0.001716
25	280	0.001653
25	290	0.001934
25	300	0.001909
25	310	0.002700
25	320	0.002190
25	330	0.003897
25	340	0.001476
25	350	0.001990
30	0	0.001468
30	10	0.001728
30	20	0.002485
30	30	0.001657
30	40	0.001614
30	50	0.001371
30	60	0.002632
30	70	0.003178
30	80	0.001286
30	90	0.001971
30	100	0.001436
30	110	0.002796
30	120	0.001535
30	130	0.022669
30	140	0.002064
30	150	0.001201
30	160	0.001432
30	170	0.001363
30	180	0.001341
30	190	0.001264
30	200	0.001135
30	210	0.001170
30	220	0.001160
30	230	0.003887
30	240	0.001092
30	250	0.002652
30	260	0.001551
30	270	0.003244
30	280	0.001438
30	290	0.001653
30	300	0.001832
30	310	0.002766
30	320	0.009390
30	330	0.017696
30	340	0.001550
30	350	0.002263
35	0	0.001712
35	10	0.029488
35	20	0.008453
35	30	0.001823
35	40	0.001420
35	50	0.003590
35	60	0.001419
35	70	0.002609
35	80	0.001408
35	90	0.001411
35	100	0.001408
35	110	0.001176
35	120	0.001398
35	130	0.001258
35	140	0.001431
35	150	0.001646
35	160	0.001456
35	170	0.001411
35	180	0.001378
35	190	0.001370
35	200	0.001429
35	210	0.001152
35	220	0.001346
35	230	0.001265
35	240	0.001262
35	250	0.001526
35	260	0.001988
35	270	0.051078
35	280	0.003970
35	290	0.001577
35	300	0.001930
35	310	0.005540
35	320	0.001986
35	330	0.003034
35	340	0.002676
35	350	0.005089
40	0	0.002737
40	10	0.010815
40	20	0.001665
40	30	0.001849
40	40	0.001527
40	50	0.001553
40	60	0.001440
40	70	0.001778
40	80	0.006295
40	90	0.002471
40	100	0.032717
40	110	0.001536
40	120	0.007432
40	130	0.001785
40	140	0.002041
40	150	0.001619
40	160	0.001428
40	170	0.001320
40	180	0.001300
40	190	0.001175
40	200	0.001894
40	210	0.001411
40	220	0.011974
40	230	0.003086
40	240	0.001658
40	250	0.001245
40	260	0.001291
40	270	0.001332
40	280	0.001304
40	290	0.002130
40	300	0.001947
40	310	0.001873
40	320	0.006229
40	330	0.002272
40	340	0.002363
40	350	0.002047
45	0	0.011959
45	10	0.005315
45	20	0.001805
45	30	0.001594
45	40	0.025394
45	50	0.001929
45	60	0.001697
45	70	0.001600
45	80	0.001518
45	90	0.001551
45	100	0.001568
45	110	0.001885
45	120	0.001889
45	130	0.001687
45	140	0.001826
45	150	0.001616
45	160	0.002244
45	170	0.001597
45	180	0.001560
45	190	0.001589
45	200	0.001429
45	210	0.001263
45	220	0.001295
45	230	0.001556
45	240	0.001241
45	250	0.005837
45	260	0.001439
45	270	0.001263
45	280	0.001594
45	290	0.001711
45	300	0.004316
45	310	0.002479
45	320	0.005219
45	330	0.008732
45	340	0.002398
45	350	0.004865
50	0	0.002000
50	10	0.002038
50	20	0.264976
50	30	0.001776
50	40	0.001783
50	50	0.001768
50	60	0.001839
50	70	0.001729
50	80	0.001682
50	90	0.001706
50	100	0.001782
50	110	0.001717
50	120	0.001855
50	130	0.001946
50	140	0.001935
50	150	0.002344
50	160	0.001852
50	170	0.006309
50	180	0.001827
50	190	0.003083
50	200	0.001667
50	210	0.001603
50	220	0.002359
50	230	0.007184
50	240	0.001454
50	250	0.001395
50	260	0.002215
50	270	0.001852
50	280	0.001717
50	290	0.001720
50	300	0.006921
50	310	0.003888
50	320	0.003582
50	330	0.003027
50	340	0.625470
50	350	0.002267
55	0	0.002328
55	10	0.001992
55	20	0.002128
55	30	0.002295
55	40	0.001942
55	50	0.002407
55	60	0.004227
55	70	0.001859
55	80	0.008927
55	90	0.002343
55	100	0.018392
55	110	0.002057
55	120	0.002197
55	130	0.002540
55	140	0.002554
55	150	0.002343
55	160	0.002176
55	170	0.001917
55	180	0.001613
55	190	0.001546
55	200	0.001849
55	210	0.001746
55	220	0.001774
55	230	0.001552
55	240	0.001835
55	250	0.001585
55	260	0.001757
55	270	0.001552
55	280	0.001602
55	290	0.002085
55	300	0.002681
55	310	0.004523
55	320	0.004988
55	330	0.075962
55	340	0.003383
55	350	0.002632
60	0	0.002605
60	10	0.002157
60	20	0.002328
60	30	0.028142
60	40	0.002209
60	50	0.002371
60	60	0.002120
60	70	0.004778
60	80	0.002053
60	90	0.002022
60	100	0.002104
60	180	0.001978
60	190	0.002188
60	200	0.001812
60	210	0.001640
60	220	0.001755
60	230	0.002092
60	240	0.002900
60	250	0.002080
60	260	0.001914
60	270	0.001799
60	280	0.002169
60	290	0.002352
60	300	0.003525
60	310	0.007031
60	320	0.006538
60	330	0.005536
60	340	0.004229
60	350	0.004327
65	0	0.002887
65	10	0.002670
65	20	0.002636
65	30	0.002718
65	40	0.002586
65	50	0.009039
65	60	0.002356
65	70	0.002240
65	80	0.002559
65	90	0.002296
65	100	0.002277
65	180	0.002513
65	190	0.002001
65	200	0.002805
65	210	0.002189
65	220	0.002460
65	230	0.002039
65	240	0.002174
65	250	0.002024
65	260	0.001993
65	270	0.002415
65	280	0.002106
65	290	0.002857
65	300	0.004268
65	310	0.007846
65	320	0.189176
65	330	0.026351
65	340	0.012877
65	350	0.004373
70	0	0.003152
70	10	0.003270
70	20	0.006260
70	30	0.004136
70	40	0.003598
70	50	0.002865
70	60	0.003460
70	70	0.004818
70	80	0.002875
70	90	0.002944
70	100	0.002868
70	180	0.002946
70	190	0.003264
70	200	0.002790
70	210	0.003031
70	220	0.002910
70	230	0.003215
70	240	0.003637
70	250	0.003049
70	260	0.155066
70	270	0.004456
70	280	0.003679
70	290	0.003549
70	300	0.008959
70	310	0.011770
70	320	0.312400
70	330	0.011072
70	340	0.007554
70	350	0.004097
75	0	0.004550
75	10	0.004309
75	20	0.004656
75	30	0.004358
75	40	0.410792
75	50	0.003978
75	60	0.003585
75	70	0.003575
75	80	0.003452
75	90	0.003243
75	100	0.003651
75	180	0.003562
75	190	0.003489
75	200	0.003685
75	210	0.003698
75	220	0.003464
75	230	0.004322
75	240	0.003732
75	250	0.003895
75	260	0.003366
75	270	0.003624
75	280	0.004541
75	290	0.004695
75	300	0.007965
75	310	0.013315
75	320	0.019245
75	330	0.014041
75	340	0.009220
75	350	0.005676
80	0	0.048039
80	10	0.005255
80	20	0.006030
80	30	0.006531
80	40	0.005372
80	50	0.005750
80	60	0.005016
80	70	0.004650
80	80	0.004796
80	90	0.004851
80	100	0.004859
80	180	0.005328
80	190	0.004870
80	200	0.004870
80	210	0.005218
80	220	0.005365
80	230	0.005750
80	240	0.005880
80	250	0.072859
80	260	0.004796
80	270	0.005640
80	280	0.005071
80	290	0.007073
80	300	0.011157
80	310	0.017756
80	320	0.025886
80	330	0.070970
80	340	0.012037
80	350	0.007117
70	-50
0	0	0.009296
5	0	0.361911
5	10	0.058952
5	20	0.004103
5	30	0.002106
5	40	0.001433
5	50	0.001170
5	60	0.001164
5	70	0.001190
5	80	0.001482
5	90	0.001925
5	100	0.001387
5	110	0.001098
5	120	0.001211
5	130	0.001241
5	140	0.001297
5	150	0.001350
5	160	0.002258
5	170	0.046972
5	180	0.134182
5	190	0.057480
5	200	0.002929
5	210	0.001516
5	220	0.001296
5	230	0.001206
5	240	0.001215
5	250	0.001325
5	260	0.003564
5	270	0.008286
5	280	0.004416
5	290	0.001266
5	300	0.001099
5	310	0.001423
5	320	0.001473
5	330	0.002141
5	340	0.007148
5	350	0.280788
10	0	0.009928
10	10	0.001499
10	20	0.001532
10	30	0.001781
10	40	0.001225
10	50	0.002463
10	60	0.020379
10	70	0.001954
10	80	0.001939
10	90	0.013250
10	100	0.001413
10	110	0.024367
10	120	0.003115
10	130	0.001351
10	140	0.001205
10	150	0.001219
10	160	0.001204
10	170	0.001367
10	180	0.008805
10	190	0.001233
10	200	0.001170
10	210	0.001196
10	220	0.001232
10	230	0.002674
10	240	0.009935
10	250	0.002005
10	260	0.001558
10	270	0.004972
10	280	0.001754
10	290	0.015246
10	300	0.022379
10	310	0.001448
10	320	0.001271
10	330	0.004162
10	340	0.001280
10	350	0.001813
15	0	0.231446
15	10	0.001654
15	20	0.006248
15	30	0.001585
15	40	0.002208
15	50	0.001680
15	60	0.001268
15	70	0.007088
15	80	0.001222
15	90	0.004801
15	100	0.001234
15	110	0.001845
15	120	0.001395
15	130	0.002210
15	140	0.001359
15	150	0.001218
15	160	0.002547
15	170	0.001605
15	180	0.134337
15	190	0.001250
15	200	0.001772
15	210	0.001259
15	220	0.003273
15	230	0.001550
15	240	0.001359
15	250	0.001808
15	260	0.001222
15	270	0.005939
15	280	0.001286
15	290	0.003592
15	300	0.001381
15	310	0.003344
15	320	0.001954
15	330	0.001846
15	340	0.018566
15	350	0.002978
20	0	0.015477
20	10	0.001995
20	20	0.001565
20	30	0.002273
20	40	0.001663
20	50	0.001260
20	60	0.001416
20	70	0.005301
20	80	0.001653
20	90	0.012987
20	100	0.058270
20	110	0.000135
20	120	0.000118
20	130	0.000610
20	140	0.002890
20	150	0.001636
20	160	0.001204
20	170	0.001227
20	180	0.004294
20	190	0.001187
20	200	0.001311
20	210	0.001841
20	220	0.001260
20	230	0.001219
20	240	0.001251
20	250	0.006116
20	260	0.001663
20	270	0.010999
20	280	0.016428
20	290	0.001517
20	300	0.001242
20	310	0.001974
20	320	0.001212
20	330	0.001629
20	340	0.001461
20	350	0.001451
25	0	0.148596
25	10	0.007913
25	20	0.002086
25	30	0.001503
25	40	0.001313
25	50	0.131428
25	60	0.001900
25	70	0.001351
25	80	0.001492
25	90	0.001942
25	100	0.002356
25	110	0.001345
25	120	0.001334
25	130	0.001464
25	140	0.002177
25	150	0.001348
25	160	0.001130
25	170	0.001204
25	180	0.051892
25	190	0.001151
25	200	0.001083
25	210	0.001023
25	220	0.000875
25	230	0.025343
25	240	0.001105
25	250	0.000996
25	260	0.001029
25	270	0.001558
25	280	0.003522
25	290	0.001570
25	300	0.001900
25	310	0.003113
25	320	0.003701
25	330	0.002002
25	340	0.003143
25	350	0.002693
30	0	0.004932
30	10	0.001417
30	20	0.001849
30	30	0.024373
30	40	0.001824
30	50	0.001427
30	60	0.004818
30	70	0.001207
30	80	0.001836
30	90	0.001474
30	100	0.001845
30	110	0.001576
30	120	0.009637
30	130	0.001530
30	140	0.001249
30	150	0.001525
30	160	0.001310
30	170	0.001106
30	180	0.001211
30	190	0.001084
30	200	0.001649
30	210	0.004958
30	220	0.001383
30	230	0.001107
30	240	0.002028
30	250	0.001317
30	260	0.001309
30	270	0.001591
30	280	0.001976
30	290	0.001502
30	300	0.036453
30	310	0.001894
30	320	0.002591
30	330	0.001819
30	340	0.002135
30	350	0.001513
35	0	0.006384
35	10	0.001673
35	20	0.001521
35	30	0.001623
35	40	0.003187
35	50	0.001401
35	60	0.036557
35	70	0.001532
35	80	0.001478
35	90	0.001432
35	100	0.001286
35	110	0.001212
35	120	0.001286
35	130	0.001461
35	140	0.015368
35	150	0.001977
35	160	0.001648
35	170	0.001371
35	180	0.001531
35	190	0.001224
35	200	0.001107
35	210	0.001178
35	220	0.001526
35	230	0.001332
35	240	0.015858
35	250	0.001227
35	260	0.001391
35	270	0.001247
35	280	0.001471
35	290	0.002172
35	300	0.002735
35	310	0.001942
35	320	0.017043
35	330	0.002793
35	340	0.002537
35	350	0.001781
40	0	0.002489
40	10	0.004072
40	20	0.001845
40	30	0.001657
40	40	0.001508
40	50	0.001815
40	60	0.001488
40	70	0.001484
40	80	0.001520
40	90	0.001496
40	100	0.001637
40	110	0.001774
40	120	0.001786
40	130	0.001622
40	140	0.001599
40	150	0.001462
40	160	0.006540
40	170	0.001284
40	180	0.001272
40	190	0.001700
40	200	0.001404
40	210	0.001475
40	220	0.001146
40	230	0.001371
40	240	0.001200
40	250	0.001321
40	260	0.001288
40	270	0.001336
40	280	0.001442
40	290	0.001925
40	300	0.001990
40	310	0.004564
40	320	0.002563
40	330	0.002152
40	340	0.123709
40	350	0.001682
45	0	0.001760
45	10	0.002247
45	20	0.001632
45	30	0.011053
45	40	0.001584
45	50	0.001788
45	60	0.001934
45	70	0.001666
45	80	0.002502
45	90	0.003185
45	100	0.001962
45	110	0.001755
45	120	0.002151
45	130	0.002345
45	140	0.001653
45	150	0.005054
45	160	0.001561
45	170	0.002199
45	180	0.001485
45	190	0.001242
45	200	0.001242
45	210	0.010079
45	220	0.001494
45	230	0.001358
45	240	0.002132
45	250	0.001503
45	260	0.002475
45	270	0.012766
45	280	0.002570
45	290	0.002342
45	300	0.020671
45	310	0.006986
45	320	0.002493
45	330	0.011996
45	340	0.002259
45	350	0.004470
50	0	0.018321
50	10	0.002787
50	20	0.001787
50	30	0.001804
50	40	0.002042
50	50	0.001761
50	60	0.002433
50	70	0.001936
50	80	0.001792
50	90	0.001837
50	100	0.001767
50	110	0.002396
50	120	0.001977
50	130	0.001914
50	140	0.001939
50	150	0.001893
50	160	0.001715
50	170	0.001743
50	180	0.001735
50	190	0.001673
50	200	0.001490
50	210	0.001470
50	220	0.001411
50	230	0.001475
50	240	0.001485
50	250	0.001406
50	260	0.001693
50	270	0.001480
50	280	0.001729
50	290	0.006675
50	300	0.002983
50	310	0.003539
50	320	0.003385
50	330	0.006013
50	340	0.002670
50	350	0.002100
55	0	0.002445
55	10	0.005453
55	20	0.002202
55	30	0.007127
55	40	0.002857
55	50	0.001909
55	60	0.002393
55	70	0.014334
55	80	0.001928
55	90	0.001983
55	100	0.002147
55	110	0.002287
55	120	0.038236
55	130	0.002627
55	140	0.002456
55	150	0.002128
55	160	0.005246
55	170	0.001648
55	180	0.001581
55	190	0.001768
55	200	0.001742
55	210	0.006909
55	220	0.001648
55	230	0.001797
55	240	0.001745
55	250	0.006326
55	260	0.001548
55	270	0.001614
55	280	0.001782
55	290	0.002663
55	300	0.634055
55	310	0.005406
55	320	0.008392
55	330	0.003934
55	340	0.015714
55	350	0.003012
60	0	0.002236
60	10	0.002223
60	20	0.005454
60	30	0.002192
60	40	0.002202
60	50	0.004487
60	60	0.002130
60	70	0.002140
60	80	0.002164
60	90	0.003295
60	170	0.001928
60	180	0.002189
60	190	0.001814
60	200	0.001852
60	210	0.001655
60	220	0.002145
60	230	0.002171
60	240	0.002107
60	250	0.001839
60	260	0.002100
60	270	0.002877
60	280	0.002431
60	290	0.003449
60	300	0.005179
60	310	0.006883
60	320	0.035975
60	330	0.004199
60	340	0.003131
60	350	0.002627
65	0	0.002393
65	10	0.002479
65	20	0.002483
65	30	0.002542
65	40	0.002510
65	50	0.002514
65	60	0.002362
65	70	0.003422
65	80	0.002383
65	90	0.002387
65	170	0.002500
65	180	0.001980
65	190	0.002417
65	200	0.001973
65	210	0.002432
65	220	0.001980
65	230	0.002251
65	240	0.002632
65	250	0.003855
65	260	0.002492
65	270	0.002176
65	280	0.002890
65	290	0.005181
65	300	0.007629
65	310	0.174897
65	320	0.007561
65	330	0.005806
65	340	0.011884
65	350	0.002685
70	0	0.003988
70	10	0.003335
70	20	0.010153
70	30	0.035551
70	40	0.002855
70	50	0.003258
70	60	0.003016
70	70	0.003026
70	80	0.003084
70	90	0.002975
70	170	0.002851
70	180	0.003201
70	190	0.002744
70	200	0.011949
70	210	0.003001
70	220	0.003117
70	230	0.003688
70	240	0.003308
70	250	0.003570
70	260	0.002810
70	270	0.003053
70	280	0.003574
70	290	0.028887
70	300	0.011204
70	310	0.408764
70	320	0.026421
70	330	0.007407
70	340	0.003998
70	350	0.003079
75	0	0.006698
75	10	0.006013
75	20	0.003741
75	30	0.004397
75	40	0.004135
75	50	0.003698
75	60	0.004245
75	70	0.003666
75	80	0.003430
75	90	0.003832
75	170	0.003578
75	180	0.003516
75	190	0.003614
75	200	0.003639
75	210	0.003442
75	220	0.003860
75	230	0.003650
75	240	0.004254
75	250	0.003550
75	260	0.003787
75	270	0.006935
75	280	0.004804
75	290	0.007661
75	300	0.014179
75	310	0.020219
75	320	0.014154
75	330	0.009555
75	340	0.005629
75	350	0.005547
80	0	0.005149
80	10	0.006106
80	20	0.005864
80	30	0.005543
80	40	0.006010
80	50	0.005222
80	60	0.005094
80	70	0.005112
80	80	0.005112
80	90	0.005070
80	170	0.005241
80	180	0.004709
80	190	0.004709
80	200	0.005057
80	210	0.005259
80	220	0.005552
80	230	0.005222
80	240	0.006032
80	250	0.005094
80	260	0.005754
80	270	0.005215
80	280	0.007586
80	290	0.012829
80	300	0.017339
80	310	0.026330
80	320	0.018127
80	330	0.011913
80	340	0.006912
80	350	0.006861
70	-60
0	0	0.001217
5	0	0.001183
5	10	0.001247
5	20	0.001315
5	30	0.001319
5	40	0.001312
5	50	0.001833
5	60	0.002153
5	70	0.001499
5	80	0.001281
5	90	0.001401
5	100	0.002001
5	110	0.101054
5	120	0.200579
5	130	0.035688
5	140	0.001949
5	150	0.001463
5	160	0.001282
5	170	0.001156
5	180	0.001139
5	190	0.001138
5	200	0.001137
5	210	0.001572
5	220	0.002578
5	230	0.006544
5	240	0.016031
5	250	0.005635
5	260	0.001964
5	270	0.001519
5	280	0.001437
5	290	0.001848
5	300	0.001616
5	310	0.001423
5	320	0.001500
5	330	0.001343
5	340	0.001236
5	350	0.001200
10	0	0.001426
10	10	0.001601
10	20	0.002150
10	30	0.002499
10	40	0.002512
10	50	0.001501
10	60	0.001243
10	70	0.002813
10	80	0.002016
10	90	0.001237
10	100	0.003657
10	110	0.001934
10	120	0.001215
10	130	0.001205
10	140	0.001412
10	150	0.003250
10	160	0.001238
10	170	0.001183
10	180	0.001155
10	190	0.001173
10	200	0.001208
10	210	0.003928
10	220	0.005093
10	230	0.001265
10	240	0.001256
10	250	0.001443
10	260	0.001213
10	270	0.001175
10	280	0.001436
10	290	0.001179
10	300	0.001248
10	310	0.002542
10	320	0.110199
10	330	0.001857
10	340	0.001355
10	350	0.001236
15	0	0.001257
15	10	0.001507
15	20	0.001533
15	30	0.001869
15	40	0.001929
15	50	0.001372
15	60	0.030141
15	70	0.001748
15	80	0.003204
15	90	0.001291
15	100	0.072104
15	110	0.001322
15	120	0.001249
15	130	0.001219
15	140	0.002168
15	150	0.001761
15	160	0.008800
15	170	0.001267
15	180	0.001173
15	190	0.001431
15	200	0.015272
15	210	0.001891
15	220	0.001176
15	230	0.001194
15	240	0.001240
15	250	0.002334
15	260	0.066460
15	270	0.001462
15	280	0.002970
15	290	0.002390
15	300	0.001792
15	310	0.001333
15	320	0.001511
15	330	0.001497
15	340	0.001915
15	350	0.001326
20	0	0.001519
20	10	0.002142
20	20	0.001810
20	30	0.005746
20	40	0.001414
20	50	0.002592
20	60	0.001305
20	70	0.001397
20	80	0.002538
20	90	0.000793
20	100	0.000377
20	110	0.000523
20	120	0.000716
20	130	0.133109
20	140	0.001265
20	150	0.002540
20	160	0.001283
20	170	0.001277
20	180	0.001189
20	190	0.001272
20	200	0.001243
20	210	0.001312
20	220	0.001590
20	230	0.154193
20	240	0.001443
20	250	0.001258
20	260	0.001204
20	270	0.001266
20	280	0.001261
20	290	0.001432
20	300	0.001178
20	310	0.000513
20	320	0.001322
20	330	0.002491
20	340	0.005035
20	350	0.001441
25	0	0.001445
25	10	0.001680
25	20	0.004546
25	30	0.001490
25	40	0.001855
25	50	0.001431
25	60	0.001367
25	70	0.035871
25	80	0.001985
25	90	0.001395
25	100	0.001529
25	110	0.001192
25	120	0.001374
25	130	0.001297
25	140	0.001262
25	150	0.001055
25	160	0.001340
25	170	0.001964
25	180	0.001119
25	190	0.027308
25	200	0.001076
25	210	0.000925
25	220	0.002716
25	230	0.000917
25	240	0.002516
25	250	0.001018
25	260	0.004131
25	270	0.001397
25	280	0.001975
25	290	0.001508
25	300	0.008875
25	310	0.002737
25	320	0.002498
25	330	0.002779
25	340	0.001526
25	350	0.001908
30	0	0.001447
30	10	0.002538
30	20	0.004013
30	30	0.001844
30	40	0.002267
30	50	0.003695
30	60	0.001482
30	70	0.001429
30	80	0.001380
30	90	0.001666
30	100	0.001596
30	110	0.001523
30	120	0.001703
30	130	0.001232
30	140	0.001398
30	150	0.001299
30	160	0.001491
30	170	0.002173
30	180	0.001102
30	190	0.004346
30	200	0.001224
30	210	0.002118
30	220	0.001091
30	230	0.001300
30	240	0.018915
30	250	0.001343
30	260	0.001440
30	270	0.001461
30	280	0.001654
30	290	0.002199
30	300	0.004355
30	310	0.001512
30	320	0.001731
30	330	0.004357
30	340	0.001964
30	350	0.002754
35	0	0.001527
35	10	0.001577
35	20	0.001609
35	30	0.001630
35	40	0.001503
35	50	0.001640
35	60	0.001533
35	70	0.001475
35	80	0.001546
35	90	0.001482
35	100	0.001182
35	110	0.001252
35	120	0.001530
35	130	0.075153
35	140	0.001524
35	150	0.001493
35	160	0.001393
35	170	0.128848
35	180	0.002449
35	190	0.060212
35	200	0.001128
35	210	0.001273
35	220	0.001272
35	230	0.001365
35	240	0.001146
35	250	0.001407
35	260	0.001240
35	270	0.001446
35	280	0.001403
35	290	0.006277
35	300	0.002150
35	310	0.005445
35	320	0.002663
35	330	0.003475
35	340	0.003662
35	350	0.002908
40	0	0.002142
40	10	0.002184
40	20	0.001634
40	30	0.002199
40	40	0.083268
40	50	0.002533
40	60	0.002321
40	70	0.006142
40	80	0.001622
40	90	0.001663
40	100	0.001726
40	110	0.024525
40	120	0.001626
40	130	0.001659
40	140	0.001601
40	150	0.001491
40	160	0.001366
40	170	0.001223
40	180	0.002152
40	190	0.001456
40	200	0.002190
40	210	0.001173
40	220	0.001743
40	230	0.001202
40	240	0.001302
40	250	0.004418
40	260	0.001461
40	270	0.001578
40	280	0.115106
40	290	0.002233
40	300	0.002280
40	310	0.004476
40	320	0.003018
40	330	0.001862
40	340	0.001589
40	350	0.261042
45	0	0.001673
45	10	0.001638
45	20	0.010627
45	30	0.001617
45	40	0.001641
45	50	0.001639
45	60	0.001744
45	70	0.003013
45	80	0.002683
45	90	0.001910
45	100	0.002977
45	110	0.001743
45	120	0.002826
45	130	0.003991
45	140	0.029351
45	150	0.001606
45	160	0.001420
45	170	0.001523
45	180	0.001266
45	190	0.001307
45	200	0.002401
45	210	0.001527
45	220	0.001538
45	230	0.001523
45	240	0.001547
45	250	0.001302
45	260	0.001636
45	270	0.001879
45	280	0.006520
45	290	0.002932
45	300	0.003527
45	310	0.013952
45	320	0.008194
45	330	0.002162
45	340	0.002657
45	350	0.001755
50	0	0.001833
50	10	0.002037
50	20	0.001786
50	30	0.027849
50	40	0.002580
50	50	0.068361
50	60	0.001794
50	70	0.001833
50	80	0.002339
50	90	0.002487
50	100	0.002002
50	110	0.002033
50	120	0.001980
50	130	0.001986
50	140	0.001905
50	150	0.001761
50	160	0.002408
50	170	0.002019
50	180	0.001715
50	190	0.001611
50	200	0.001644
50	210	0.001452
50	220	0.001613
50	230	0.001467
50	240	0.001343
50	250	0.001715
50	260	0.001492
50	270	0.001785
50	280	0.002071
50	290	0.003024
50	300	0.004345
50	310	0.003709
50	320	0.005827
50	330	0.002310
50	340	0.002047
50	350	0.001847
55	0	0.003924
55	10	0.001938
55	20	0.001940
55	30	0.001950
55	40	0.001978
55	50	0.001941
55	60	0.001966
55	70	0.002158
55	80	0.002063
55	90	0.002233
55	100	0.002356
55	110	0.014736
55	120	0.002569
55	130	0.003712
55	140	0.002185
55	150	0.001946
55	160	0.001672
55	170	0.001594
55	180	0.001730
55	190	0.001811
55	200	0.001861
55	210	0.001639
55	220	0.001894
55	230	0.001661
55	240	0.002235
55	250	0.001715
55	260	0.001804
55	270	0.001836
55	280	0.012688
55	290	0.003844
55	300	0.004795
55	310	0.004210
55	320	0.003631
55	330	0.003030
55	340	0.002159
55	350	0.022242
60	0	0.002149
60	10	0.002118
60	20	0.002159
60	30	0.002184
60	40	0.002860
60	50	0.002158
60	60	0.003119
60	70	0.002163
60	80	0.011427
60	160	0.002033
60	170	0.002173
60	180	0.001829
60	190	0.001695
60	200	0.001708
60	210	0.057718
60	220	0.001829
60	230	0.002224
60	240	0.002014
60	250	0.001950
60	260	0.002275
60	270	0.002431
60	280	0.003464
60	290	0.040858
60	300	0.007614
60	310	0.005623
60	320	0.004062
60	330	0.003128
60	340	2.166776
60	350	0.002425
65	0	0.002451
65	10	0.002406
65	20	0.002388
65	30	0.002556
65	40	0.002527
65	50	0.002360
65	60	0.002904
65	70	0.006547
65	80	0.002483
65	160	0.002548
65	170	0.001998
65	180	0.002450
65	190	0.001991
65	200	0.002743
65	210	0.002043
65	220	0.002898
65	230	0.016437
65	240	0.002664
65	250	0.002720
65	260	0.002307
65	270	0.002915
65	280	0.004280
65	290	0.007481
65	300	0.099544
65	310	0.007662
65	320	0.008084
65	330	0.003549
65	340	0.002705
65	350	0.002449
70	0	0.003181
70	10	0.003202
70	20	0.003054
70	30	0.002894
70	40	0.003198
70	50	0.003071
70	60	0.003088
70	70	0.003188
70	80	0.003157
70	160	0.002921
70	170	0.003232
70	180	0.002720
70	190	0.004473
70	200	0.002888
70	210	0.003121
70	220	0.003537
70	230	0.003287
70	240	0.004034
70	250	0.023065
70	260	0.003192
70	270	0.003639
70	280	0.006266
70	290	0.011953
70	300	0.465958
70	310	0.010929
70	320	0.007402
70	330	2.339694
70	340	0.003105
70	350	0.003013
75	0	0.003528
75	10	0.003445
75	20	0.003944
75	30	0.004242
75	40	0.003820
75	50	0.003803
75	60	0.003760
75	70	0.003532
75	80	0.003998
75	160	0.003619
75	170	0.003398
75	180	0.003570
75	190	0.003570
75	200	0.003361
75	210	0.003755
75	220	0.011958
75	230	0.003993
75	240	0.004033
75	250	0.004252
75	260	0.004199
75	270	0.005757
75	280	0.008133
75	290	0.013397
75	300	0.022807
75	310	0.036862
75	320	0.009326
75	330	0.005741
75	340	0.004456
75	350	0.004013
80	0	0.005230
80	10	0.005523
80	20	0.005083
80	30	0.006029
80	40	0.005303
80	50	0.005028
80	60	0.009886
80	70	0.005595
80	80	0.005288
80	160	0.005285
80	170	0.004662
80	180	0.004588
80	190	0.004918
80	200	0.034486
80	210	0.005468
80	220	0.004955
80	230	0.005807
80	240	0.005532
80	250	0.006133
80	260	0.005703
80	270	0.007335
80	280	0.011371
80	290	0.017218
80	300	0.028262
80	310	0.018135
80	320	0.011737
80	330	0.006938
80	340	0.005156
80	350	0.004973
70	-70
0	0	0.037447
5	0	0.001413
5	10	0.001270
5	20	0.001239
5	30	0.001167
5	40	0.001158
5	50	0.001177
5	60	0.001157
5	70	0.001127
5	80	0.001141
5	90	0.001601
5	100	0.002374
5	110	0.001142
5	120	0.001122
5	130	0.001197
5	140	0.001348
5	150	0.001380
5	160	0.001276
5	170	0.001232
5	180	0.001271
5	190	0.001210
5	200	0.001303
5	210	0.001271
5	220	0.001207
5	230	0.001153
5	240	0.001190
5	250	0.001724
5	260	0.002365
5	270	0.001503
5	280	0.001038
5	290	0.001148
5	300	0.001681
5	310	0.002429
5	320	0.001304
5	330	0.001219
5	340	0.001263
5	350	0.001416
10	0	0.010221
10	10	0.002328
10	20	0.001452
10	30	0.003902
10	40	0.001387
10	50	0.001315
10	60	0.001503
10	70	0.001433
10	80	0.001427
10	90	0.151597
10	100	0.024323
10	110	0.001429
10	120	0.001195
10	130	0.001149
10	140	0.001147
10	150	0.001135
10	160	0.001223
10	170	0.001730
10	180	0.012536
10	190	0.001731
10	200	0.001155
10	210	0.001127
10	220	0.001138
10	230	0.001204
10	240	0.001316
10	250	0.001847
10	260	0.140432
10	270	0.055788
10	280	0.001389
10	290	0.002432
10	300	0.001465
10	310	0.002081
10	320	0.001284
10	330	0.004031
10	340	0.001247
10	350	0.004991
15	0	0.001249
15	10	0.001197
15	20	0.005457
15	30	0.001421
15	40	0.001447
15	50	0.006077
15	60	0.001414
15	70	0.001556
15	80	0.001126
15	90	0.001931
15	100	0.001163
15	110	0.001215
15	120	0.001215
15	130	0.002217
15	140	0.008361
15	150	0.001138
15	160	0.001121
15	170	0.001214
15	180	0.001262
15	190	0.001148
15	200	0.001129
15	210	0.002249
15	220	0.239675
15	230	0.002050
15	240	0.001173
15	250	0.001227
15	260	0.001223
15	270	0.001593
15	280	0.001442
15	290	0.001316
15	300	0.001441
15	310	0.004964
15	320	0.001476
15	330	0.001262
15	340	0.004405
15	350	0.001183
20	0	0.017601
20	10	0.001738
20	20	0.001409
20	30	0.001538
20	40	0.001426
20	50	0.001172
20	60	0.001281
20	70	0.001491
20	80	0.000892
20	90	0.147152
20	100	0.000263
20	110	0.000606
20	120	0.001319
20	130	0.001176
20	140	0.001229
20	150	0.001194
20	160	0.001165
20	170	0.001259
20	180	0.002003
20	190	0.001161
20	200	0.001206
20	210	0.002009
20	220	0.001194
20	230	0.001218
20	240	0.001349
20	250	0.001309
20	260	0.002222
20	270	0.016748
20	280	0.003378
20	290	0.006264
20	300	0.000370
20	310	0.006365
20	320	0.001489
20	330	0.012107
20	340	0.001674
20	350	0.001477
25	0	0.002276
25	10	0.008156
25	20	0.001328
25	30	0.001454
25	40	0.003326
25	50	0.001422
25	60	0.001475
25	70	0.001458
25	80	0.001416
25	90	0.002413
25	100	0.001138
25	110	0.001224
25	120	0.001641
25	130	0.001117
25	140	0.001004
25	150	0.028930
25	160	0.001022
25	170	0.001175
25	180	0.001104
25	190	0.000986
25	200	0.002603
25	210	0.001166
25	220	0.000887
25	230	0.001135
25	240	0.001985
25	250	0.001185
25	260	0.001172
25	270	0.001546
25	280	0.002515
25	290	0.001669
25	300	0.001897
25	310	0.002304
25	320	0.006832
25	330	0.001445
25	340	0.001484
25	350	0.001988
30	0	0.170615
30	10	0.010014
30	20	0.001876
30	30	0.004868
30	40	0.001441
30	50	0.001857
30	60	0.008191
30	70	0.001368
30	80	0.001636
30	90	0.008678
30	100	0.001467
30	110	0.001818
30	120	0.001463
30	130	0.001430
30	140	0.001227
30	150	0.001097
30	160	0.001107
30	170	0.001065
30	180	0.001258
30	190	0.001138
30	200	0.001255
30	210	0.001067
30	220	0.061418
30	230	0.001369
30	240	0.001121
30	250	0.001439
30	260	0.001718
30	270	0.003392
30	280	0.001776
30	290	0.001669
30	300	0.001467
30	310	0.005646
30	320	0.001652
30	330	0.001418
30	340	0.003312
30	350	0.015002
35	0	0.002222
35	10	0.001430
35	20	0.001489
35	30	0.001499
35	40	0.001465
35	50	0.001428
35	60	0.001494
35	70	0.001549
35	80	0.001228
35	90	0.001127
35	100	0.001217
35	110	0.003898
35	120	0.001465
35	130	0.001582
35	140	0.006136
35	150	0.001361
35	160	0.143489
35	170	0.001198
35	180	0.001307
35	190	0.001299
35	200	0.001816
35	210	0.001298
35	220	0.001319
35	230	0.001619
35	240	0.001587
35	250	0.004877
35	260	0.001395
35	270	0.001384
35	280	0.001757
35	290	0.002213
35	300	0.005476
35	310	0.001620
35	320	0.001959
35	330	0.006766
35	340	0.001553
35	350	0.001565
40	0	0.001742
40	10	0.001421
40	20	0.001687
40	30	0.001542
40	40	0.001468
40	50	0.001506
40	60	0.001808
40	70	0.001542
40	80	0.001617
40	90	0.001717
40	100	0.001854
40	110	0.001596
40	120	0.001987
40	130	0.001476
40	140	0.001283
40	150	0.001311
40	160	0.001197
40	170	0.001518
40	180	0.001398
40	190	0.001451
40	200	0.001148
40	210	0.068566
40	220	0.001240
40	230	0.001641
40	240	0.001308
40	250	0.001602
40	260	0.001414
40	270	0.001558
40	280	0.001858
40	290	0.007935
40	300	0.003778
40	310	0.002049
40	320	0.001719
40	330	0.001563
40	340	0.001654
40	350	0.001472
45	0	0.001731
45	10	0.002393
45	20	0.001517
45	30	0.001551
45	40	0.001530
45	50	0.001645
45	60	0.002773
45	70	0.001660
45	80	0.002094
45	90	0.033420
45	100	0.001810
45	110	0.001801
45	120	0.002019
45	130	0.001688
45	140	0.001772
45	150	0.001659
45	160	0.001485
45	170	0.001222
45	180	0.014946
45	190	0.001333
45	200	0.001500
45	210	0.001388
45	220	0.001549
45	230	0.001513
45	240	0.002019
45	250	0.002174
45	260	0.008932
45	270	0.010016
45	280	0.018389
45	290	0.003413
45	300	0.002368
45	310	0.007914
45	320	0.001999
45	330	0.001994
45	340	0.001663
45	350	0.001559
50	0	0.002363
50	10	0.001661
50	20	0.001642
50	30	0.001911
50	40	0.001736
50	50	0.001719
50	60	0.001911
50	70	0.001932
50	80	0.001808
50	90	0.001941
50	100	0.002013
50	110	0.013466
50	120	0.001955
50	130	0.001899
50	140	0.001750
50	150	0.001779
50	160	0.001506
50	170	0.001642
50	180	0.001482
50	190	0.001561
50	200	0.001523
50	210	0.001547
50	220	0.001741
50	230	0.001431
50	240	0.002489
50	250	0.001618
50	260	0.002074
50	270	0.002150
50	280	0.003692
50	290	0.006937
50	300	0.003238
50	310	0.002884
50	320	0.002205
50	330	0.250940
50	340	0.001713
50	350	0.001926
55	0	0.001976
55	10	0.001795
55	20	0.001821
55	30	0.001910
55	40	0.001834
55	50	0.001876
55	60	0.002224
55	70	0.003954
55	80	0.002248
55	90	0.002316
55	100	0.002564
55	110	0.002826
55	120	0.002362
55	130	0.004010
55	140	0.001912
55	150	0.001710
55	160	0.001504
55	170	0.001510
55	180	0.001699
55	190	0.005334
55	200	0.001532
55	210	0.001834
55	220	0.002366
55	230	0.001923
55	240	0.001784
55	250	0.005445
55	260	0.001907
55	270	0.002582
55	280	0.004403
55	290	0.004883
55	300	0.004214
55	310	0.003175
55	320	0.003378
55	330	0.001992
55	340	0.001836
55	350	0.001819
60	0	0.002336
60	10	0.161909
60	20	0.002037
60	30	0.002027
60	40	0.002033
60	50	0.002214
60	60	0.002098
60	70	0.002208
60	150	0.001846
60	160	0.002070
60	170	0.001700
60	180	0.001567
60	190	0.001548
60	200	0.002076
60	210	0.001605
60	220	0.002168
60	230	0.002686
60	240	0.002189
60	250	0.002541
60	260	0.003007
60	270	0.034696
60	280	0.030977
60	290	0.008288
60	300	0.005565
60	310	0.004436
60	320	0.013561
60	330	0.002613
60	340	0.001944
60	350	0.003082
65	0	0.002186
65	10	0.002159
65	20	0.002519
65	30	0.002218
65	40	0.002370
65	50	0.002255
65	60	0.002333
65	70	0.002423
65	150	0.002836
65	160	0.001854
65	170	0.002275
65	180	0.001816
65	190	0.024321
65	200	0.001786
65	210	0.001952
65	220	0.001854
65	230	0.002085
65	240	0.034760
65	250	0.015863
65	260	0.003256
65	270	0.004309
65	280	0.007691
65	290	0.046654
65	300	0.007359
65	310	0.005755
65	320	0.003258
65	330	0.002503
65	340	0.002217
65	350	0.002263
70	0	0.003513
70	10	0.002749
70	20	0.002611
70	30	0.002963
70	40	0.002848
70	50	0.002873
70	60	0.003006
70	70	0.003671
70	150	0.002780
70	160	0.003077
70	170	0.002501
70	180	0.002756
70	190	0.002618
70	200	0.002904
70	210	0.003112
70	220	0.011411
70	230	0.003220
70	240	0.003142
70	250	0.004262
70	260	0.004007
70	270	0.006348
70	280	0.012453
70	290	0.458678
70	300	0.012295
70	310	0.006907
70	320	0.003704
70	330	0.002867
70	340	0.002902
70	350	0.003018
75	0	0.003071
75	10	0.003633
75	20	0.003594
75	30	0.003484
75	40	0.003526
75	50	0.003429
75	60	0.003285
75	70	0.003757
75	150	0.003370
75	160	0.003187
75	170	0.003273
75	180	0.003248
75	190	0.002977
75	200	0.003506
75	210	0.002990
75	220	0.003334
75	230	0.003051
75	240	0.003848
75	250	0.004798
75	260	0.005276
75	270	0.007749
75	280	0.013751
75	290	0.024932
75	300	0.013321
75	310	0.045112
75	320	0.005288
75	330	0.004231
75	340	0.003857
75	350	0.003201
80	0	0.004878
80	10	0.004401
80	20	0.005171
80	30	0.004792
80	40	0.004530
80	50	0.005243
80	60	0.004859
80	70	0.005013
80	150	0.004859
80	160	0.004273
80	170	0.004090
80	180	0.004456
80	190	0.004548
80	200	0.004768
80	210	0.004236
80	220	0.004768
80	230	0.004365
80	240	0.006650
80	250	0.005582
80	260	0.007424
80	270	0.011019
80	280	0.017196
80	290	0.030147
80	300	0.017306
80	310	0.011019
80	320	0.006775
80	330	0.004713
80	340	0.004493
80	350	0.004566
70	-80
0	0	0.002380
5	0	0.001227
5	10	0.001794
5	20	0.004668
5	30	0.003876
5	40	0.001518
5	50	0.001252
5	60	0.001213
5	70	0.001291
5	80	0.001462
5	90	0.001626
5	100	0.001265
5	110	0.001194
5	120	0.001180
5	130	0.001200
5	140	0.001235
5	150	0.002052
5	160	0.001963
5	170	0.001273
5	180	0.001263
5	190	0.001919
5	200	0.003583
5	210	0.002328
5	220	0.001331
5	230	0.001368
5	240	0.001407
5	250	0.001521
5	260	0.001667
5	270	0.001536
5	280	0.001477
5	290	0.001316
5	300	0.001326
5	310	0.001351
5	320	0.001500
5	330	0.002623
5	340	0.002268
5	350	0.001326
10	0	0.001732
10	10	0.003196
10	20	0.001913
10	30	0.001538
10	40	0.001327
10	50	0.001415
10	60	0.002383
10	70	0.001313
10	80	0.001448
10	90	0.001903
10	100	0.001574
10	110	0.001310
10	120	0.006485
10	130	0.001302
10	140	0.001376
10	150	0.001238
10	160	0.001399
10	170	0.001785
10	180	0.002668
10	190	0.063878
10	200	0.015922
10	210	0.001299
10	220	0.001232
10	230	0.001393
10	240	0.002654
10	250	0.001256
10	260	0.001418
10	270	0.002255
10	280	0.001348
10	290	0.001328
10	300	0.002626
10	310	0.001276
10	320	0.001257
10	330	0.001517
10	340	0.048990
10	350	0.028524
15	0	0.001288
15	10	0.003140
15	20	0.001558
15	30	0.001242
15	40	0.001324
15	50	0.001640
15	60	0.001212
15	70	0.001373
15	80	0.001108
15	90	0.001393
15	100	0.001216
15	110	0.002183
15	120	0.001244
15	130	0.001413
15	140	0.002323
15	150	0.001351
15	160	0.001227
15	170	0.002707
15	180	0.001282
15	190	0.003790
15	200	0.001375
15	210	0.001253
15	220	0.001696
15	230	0.013573
15	240	0.001427
15	250	0.001756
15	260	0.001417
15	270	0.001723
15	280	0.001440
15	290	0.001469
15	300	0.001928
15	310	0.030317
15	320	0.001333
15	330	0.001352
15	340	0.001298
15	350	0.003993
20	0	0.001947
20	10	0.001574
20	20	0.001740
20	30	0.001490
20	40	0.002848
20	50	0.001263
20	60	0.038751
20	70	0.000829
20	80	0.000000
20	90	0.000738
20	100	0.000751
20	110	0.001429
20	120	0.045689
20	130	0.001268
20	140	0.002175
20	150	0.001272
20	160	0.001417
20	170	0.002270
20	180	0.002180
20	190	0.005687
20	200	0.001314
20	210	0.001318
20	220	0.005289
20	230	0.001321
20	240	0.003113
20	250	0.001345
20	260	0.001358
20	270	0.001707
20	280	0.000833
20	290	0.000247
20	300	0.002814
20	310	0.001476
20	320	0.002719
20	330	0.001312
20	340	0.001598
20	350	0.149176
25	0	0.001471
25	10	0.001488
25	20	0.001481
25	30	0.001559
25	40	0.001426
25	50	0.001481
25	60	0.001376
25	70	0.001288
25	80	0.001422
25	90	0.001274
25	100	0.001936
25	110	0.001913
25	120	0.001218
25	130	0.002040
25	140	0.001116
25	150	0.001039
25	160	0.001236
25	170	0.001208
25	180	0.001113
25	190	0.000961
25	200	0.001128
25	210	0.041517
25	220	0.001019
25	230	0.001185
25	240	0.002078
25	250	0.001931
25	260	0.001868
25	270	0.002950
25	280	0.001841
25	290	0.154675
25	300	0.001692
25	310	0.001426
25	320	0.001625
25	330	0.002019
25	340	0.001450
25	350	0.001942
30	0	0.001475
30	10	0.001651
30	20	0.001431
30	30	0.001440
30	40	0.001312
30	50	0.001424
30	60	0.001426
30	70	0.014639
30	80	0.003318
30	90	0.003778
30	100	0.004976
30	110	0.004131
30	120	0.002087
30	130	0.001254
30	140	0.001328
30	150	0.002289
30	160	0.001204
30	170	0.001235
30	180	0.001567
30	190	0.001315
30	200	0.001184
30	210	0.001448
30	220	0.001396
30	230	0.001589
30	240	0.001514
30	250	0.004222
30	260	0.005799
30	270	0.002157
30	280	0.004888
30	290	0.001830
30	300	0.001771
30	310	0.126717
30	320	0.001519
30	330	0.001793
30	340	0.001431
30	350	0.001771
35	0	0.001475
35	10	0.001617
35	20	0.002321
35	30	0.001568
35	40	0.002270
35	50	0.001882
35	60	0.001591
35	70	0.001736
35	80	0.009407
35	90	0.013810
35	100	0.002000
35	110	0.001585
35	120	0.001635
35	130	0.001515
35	140	0.001493
35	150	0.001606
35	160	0.001463
35	170	0.001210
35	180	0.001253
35	190	0.001269
35	200	0.070760
35	210	0.001383
35	220	0.001614
35	230	0.001502
35	240	0.001413
35	250	0.017182
35	260	0.008249
35	270	0.194820
35	280	0.002840
35	290	0.002420
35	300	0.001735
35	310	0.001763
35	320	0.001705
35	330	0.001461
35	340	0.001953
35	350	0.001505
40	0	0.001490
40	10	0.001669
40	20	0.003132
40	30	0.001533
40	40	0.001530
40	50	0.001578
40	60	0.001604
40	70	0.001711
40	80	0.002671
40	90	0.006826
40	100	0.001734
40	110	0.001960
40	120	0.001574
40	130	0.003323
40	140	0.001387
40	150	0.001391
40	160	0.001569
40	170	0.001493
40	180	0.001514
40	190	0.001224
40	200	0.001482
40	210	0.001394
40	220	0.001674
40	230	0.001420
40	240	0.001657
40	250	0.001559
40	260	0.002501
40	270	0.006735
40	280	0.002499
40	290	0.002526
40	300	0.178666
40	310	0.026169
40	320	0.331787
40	330	0.001703
40	340	0.001886
40	350	0.001546
45	0	0.001658
45	10	0.227864
45	20	0.001603
45	30	0.001641
45	40	0.032141
45	50	0.005095
45	60	0.001789
45	70	0.002043
45	80	0.001912
45	90	0.001876
45	100	0.002007
45	110	0.035144
45	120	0.001777
45	130	0.001734
45	140	0.001499
45	150	0.001617
45	160	0.001306
45	170	0.006112
45	180	0.011005
45	190	0.002184
45	200	0.001401
45	210	0.001715
45	220	0.004010
45	230	0.002795
45	240	0.001789
45	250	0.002042
45	260	0.002300
45	270	0.003902
45	280	0.002818
45	290	0.023632
45	300	0.002250
45	310	0.002070
45	320	0.001844
45	330	0.001594
45	340	0.005290
45	350	0.001798
50	0	0.001804
50	10	0.001853
50	20	0.003648
50	30	0.001774
50	40	0.001772
50	50	0.001846
50	60	0.002010
50	70	0.002148
50	80	0.002078
50	90	0.002239
50	100	0.020786
50	110	0.002152
50	120	0.002096
50	130	0.002526
50	140	0.002125
50	150	0.001624
50	160	0.001741
50	170	0.001533
50	180	0.001514
50	190	0.001435
50	200	0.001601
50	210	0.001580
50	220	0.001444
50	230	0.001961
50	240	0.001730
50	250	0.002866
50	260	0.003520
50	270	0.003725
50	280	0.037039
50	290	0.003400
50	300	0.003155
50	310	2.556670
50	320	0.056388
50	330	0.003346
50	340	0.002088
50	350	0.001757
55	0	0.002159
55	10	0.001941
55	20	0.001881
55	30	0.001894
55	40	0.001958
55	50	0.002316
55	60	0.002082
55	70	0.002296
55	80	0.002497
55	90	0.008079
55	100	0.002907
55	110	0.002622
55	120	0.002244
55	130	0.002005
55	140	0.001685
55	150	0.001606
55	160	0.001603
55	170	0.001764
55	180	0.001741
55	190	0.001569
55	200	0.001825
55	210	0.001729
55	220	0.002005
55	230	0.001729
55	240	0.002477
55	250	0.002168
55	260	0.003451
55	270	0.023803
55	280	0.005749
55	290	0.009424
55	300	0.003412
55	310	0.002500
55	320	0.002075
55	330	0.003027
55	340	0.001906
55	350	0.001880
60	0	0.004356
60	10	0.002283
60	20	0.002066
60	30	0.002152
60	40	0.002129
60	50	0.002166
60	60	0.002747
60	140	0.001990
60	150	0.002189
60	160	0.001826
60	170	0.001743
60	180	0.004754
60	190	0.002087
60	200	0.001673
60	210	0.002087
60	220	0.002715
60	230	0.001919
60	240	0.002764
60	250	0.008109
60	260	0.004175
60	270	0.005695
60	280	0.009075
60	290	0.005537
60	300	0.004396
60	310	0.003035
60	320	0.002599
60	330	0.002084
60	340	0.002117
60	350	0.002169
65	0	0.002354
65	10	0.002371
65	20	0.002302
65	30	0.002318
65	40	0.002325
65	50	0.002400
65	60	0.002492
65	140	0.002603
65	150	0.002062
65	160	0.002454
65	170	0.001942
65	180	0.002363
65	190	0.002032
65	200	0.002032
65	210	0.002025
65	220	0.002303
65	230	0.002636
65	240	0.002323
65	250	0.003527
65	260	0.005474
65	270	0.762960
65	280	0.031648
65	290	0.008841
65	300	0.014535
65	310	0.003463
65	320	0.008751
65	330	0.002281
65	340	0.002365
65	350	0.002328
70	0	0.002848
70	10	0.002564
70	20	0.003043
70	30	0.002974
70	40	0.002996
70	50	0.003101
70	60	0.006153
70	140	0.002931
70	150	0.003280
70	160	0.002764
70	170	0.002928
70	180	0.002770
70	190	0.002956
70	200	0.003282
70	210	0.002946
70	220	0.003252
70	230	0.002745
70	240	0.003666
70	250	0.004221
70	260	0.013056
70	270	0.012925
70	280	0.462054
70	290	0.012292
70	300	0.007025
70	310	0.003815
70	320	0.002916
70	330	0.002998
70	340	0.003161
70	350	0.003046
75	0	0.003984
75	10	0.003664
75	20	0.003468
75	30	0.003656
75	40	0.003660
75	50	0.003462
75	60	0.003915
75	140	0.003639
75	150	0.003456
75	160	0.003564
75	170	0.005299
75	180	0.003232
75	190	0.003589
75	200	0.003307
75	210	0.003564
75	220	0.003109
75	230	0.003678
75	240	0.004104
75	250	0.009713
75	260	0.008803
75	270	0.013932
75	280	0.026687
75	290	0.015604
75	300	0.008656
75	310	0.005366
75	320	0.004345
75	330	0.003933
75	340	0.003391
75	350	0.062265
80	0	0.004506
80	10	0.013763
80	20	0.004744
80	30	0.004707
80	40	0.004872
80	50	0.005019
80	60	0.005162
80	140	0.005221
80	150	0.004726
80	160	0.004506
80	170	0.004836
80	180	0.004854
80	190	0.005129
80	200	0.004561
80	210	0.005001
80	220	0.004451
80	230	0.005349
80	240	0.005004
80	250	0.008482
80	260	0.012278
80	270	0.018144
80	280	0.032763
80	290	0.274994
80	300	0.011966
80	310	0.006649
80	320	0.004891
80	330	0.004634
80	340	0.004854
80	350	0.005129
70	-90
0	0	0.001356
5	0	0.001538
5	10	0.003672
5	20	0.003020
5	30	0.001301
5	40	0.001261
5	50	0.001273
5	60	0.001425
5	70	0.002175
5	80	0.018599
5	90	0.003605
5	100	0.001705
5	110	0.001359
5	120	0.001264
5	130	0.001248
5	140	0.001266
5	150	0.003554
5	160	0.006993
5	170	0.003484
5	180	0.001437
5	190	0.001366
5	200	0.001766
5	210	0.004798
5	220	0.004116
5	230	0.001423
5	240	0.001444
5	250	0.001597
5	260	0.001872
5	270	0.005351
5	280	0.003546
5	290	0.001648
5	300	0.001444
5	310	0.001381
5	320	0.001409
5	330	0.002070
5	340	0.001450
5	350	0.001288
10	0	0.002029
10	10	0.004343
10	20	0.001538
10	30	0.001721
10	40	0.001512
10	50	0.001571
10	60	0.001319
10	70	0.001299
10	80	0.001228
10	90	0.001332
10	100	0.001284
10	110	0.001268
10	120	0.001435
10	130	0.001308
10	140	0.001403
10	150	0.001816
10	160	0.001468
10	170	0.003550
10	180	0.001318
10	190	0.013317
10	200	0.099726
10	210	0.002580
10	220	0.001306
10	230	0.001255
10	240	0.004766
10	250	0.001371
10	260	0.001248
10	270	0.001500
10	280	0.001322
10	290	0.001317
10	300	0.008284
10	310	0.001350
10	320	0.001349
10	330	0.002750
10	340	0.060632
10	350	0.006037
15	0	0.003799
15	10	0.001832
15	20	0.001275
15	30	0.001397
15	40	0.001383
15	50	0.001492
15	60	0.001240
15	70	0.001171
15	80	0.001459
15	90	0.001996
15	100	0.001329
15	110	0.001319
15	120	0.001238
15	130	0.002507
15	140	0.001298
15	150	0.001279
15	160	0.001310
15	170	0.002590
15	180	0.001279
15	190	0.002898
15	200	0.001352
15	210	0.001294
15	220	0.001350
15	230	0.002663
15	240	0.001412
15	250	0.002665
15	260	0.001608
15	270	0.010319
15	280	0.001591
15	290	0.003272
15	300	0.001795
15	310	0.003815
15	320	0.001375
15	330	0.001271
15	340	0.001334
15	350	0.002408
20	0	0.002049
20	10	0.001476
20	20	0.001720
20	30	0.001265
20	40	0.001287
20	50	0.001635
20	60	0.009661
20	70	0.000000
20	80	0.000203
20	90	0.000782
20	100	0.001341
20	110	0.001338
20	120	0.024641
20	130	0.001315
20	140	0.001435
20	150	0.001302
20	160	0.011948
20	170	0.001750
20	180	0.001439
20	190	0.074834
20	200	0.001417
20	210	0.001336
20	220	0.002432
20	230	0.001125
20	240	0.001934
20	250	0.001386
20	260	0.001470
20	270	0.001126
20	280	0.000355
20	290	0.001405
20	300	0.002763
20	310	0.001696
20	320	0.003773
20	330	0.001585
20	340	0.001673
20	350	0.029534
25	0	0.001527
25	10	0.001492
25	20	0.001481
25	30	0.001776
25	40	0.001615
25	50	0.001453
25	60	0.001401
25	70	0.001460
25	80	0.001285
25	90	0.001364
25	100	0.001639
25	110	0.002166
25	120	0.001125
25	130	0.001163
25	140	0.002352
25	150	0.001184
25	160	0.001166
25	170	0.001226
25	180	0.001035
25	190	0.001454
25	200	0.001055
25	210	0.001762
25	220	0.001316
25	230	0.002075
25	240	0.001426
25	250	0.002532
25	260	0.008941
25	270	0.050246
25	280	0.007459
25	290	0.011990
25	300	0.001671
25	310	0.005426
25	320	0.003518
25	330	0.003750
25	340	0.001492
25	350	0.001520
30	0	0.001581
30	10	0.001581
30	20	0.001422
30	30	0.001292
30	40	0.001545
30	50	0.001448
30	60	0.001749
30	70	0.003351
30	80	0.001947
30	90	0.001911
30	100	0.001569
30	110	0.003620
30	120	0.001344
30	130	0.003406
30	140	0.001273
30	150	0.001215
30	160	0.001313
30	170	0.001416
30	180	0.001779
30	190	0.001436
30	200	0.001447
30	210	0.001678
30	220	0.001253
30	230	0.001940
30	240	0.001962
30	250	0.001866
30	260	0.010320
30	270	0.005048
30	280	0.008155
30	290	0.001874
30	300	0.004105
30	310	0.003322
30	320	0.001510
30	330	0.003695
30	340	0.001488
30	350	0.001916
35	0	0.001593
35	10	0.001637
35	20	0.004079
35	30	0.001601
35	40	0.002220
35	50	0.028162
35	60	0.001355
35	70	0.010394
35	80	0.008191
35	90	0.002189
35	100	0.001732
35	110	0.001631
35	120	0.001637
35	130	0.001560
35	140	0.001505
35	150	0.012352
35	160	0.001196
35	170	0.001247
35	180	0.001336
35	190	0.001360
35	200	0.001868
35	210	0.001226
35	220	0.001527
35	230	0.001444
35	240	0.001587
35	250	0.001833
35	260	0.002335
35	270	0.287597
35	280	0.002471
35	290	0.002028
35	300	0.001892
35	310	0.002669
35	320	0.001564
35	330	0.003076
35	340	0.002298
35	350	0.001677
40	0	0.001570
40	10	0.001565
40	20	0.001533
40	30	0.001575
40	40	0.001586
40	50	0.001645
40	60	0.001744
40	70	0.001865
40	80	0.036885
40	90	0.005866
40	100	0.001819
40	110	0.001653
40	120	0.003481
40	130	0.001877
40	140	0.001575
40	150	0.001468
40	160	0.002177
40	170	0.001531
40	180	0.001252
40	190	0.001408
40	200	0.002143
40	210	0.001387
40	220	0.001854
40	230	0.001710
40	240	0.001839
40	250	0.001912
40	260	0.002397
40	270	0.002762
40	280	0.002704
40	290	0.002418
40	300	0.003510
40	310	0.003087
40	320	0.006344
40	330	0.001620
40	340	0.001600
40	350	0.001598
45	0	0.005954
45	10	0.012713
45	20	0.001623
45	30	0.001729
45	40	0.042921
45	50	0.004409
45	60	0.002169
45	70	0.002020
45	80	0.001966
45	90	0.002156
45	100	0.001905
45	110	0.002488
45	120	0.001762
45	130	0.001506
45	140	0.001692
45	150	0.001375
45	160	0.001346
45	170	0.013094
45	180	0.001825
45	190	0.001972
45	200	0.001896
45	210	0.001586
45	220	0.001400
45	230	0.001743
45	240	0.001905
45	250	0.006351
45	260	0.002808
45	270	0.003016
45	280	0.002988
45	290	0.049134
45	300	0.005117
45	310	0.001973
45	320	0.002007
45	330	0.002710
45	340	0.002396
45	350	0.002581
50	0	0.001709
50	10	0.001781
50	20	0.063778
50	30	0.001762
50	40	0.001860
50	50	0.001961
50	60	0.001995
50	70	0.003173
50	80	0.002244
50	90	0.002285
50	100	0.002419
50	110	0.002111
50	120	0.002046
50	130	0.002146
50	140	0.002219
50	150	0.001748
50	160	0.001595
50	170	0.001530
50	180	0.001468
50	190	0.001517
50	200	0.001466
50	210	0.001492
50	220	0.001781
50	230	0.002312
50	240	0.001950
50	250	0.002515
50	260	0.004953
50	270	0.374316
50	280	0.064686
50	290	0.003016
50	300	0.002436
50	310	0.014861
50	320	0.001900
50	330	0.001875
50	340	0.002331
50	350	0.001794
55	0	0.001852
55	10	0.001864
55	20	0.001888
55	30	0.002002
55	40	0.002616
55	50	0.002254
55	60	0.002291
55	70	0.002514
55	80	0.002924
55	90	0.004461
55	100	0.005496
55	110	0.002360
55	120	0.002077
55	130	0.001925
55	140	0.001704
55	150	0.001614
55	160	0.001811
55	170	0.001783
55	180	0.001569
55	190	0.001831
55	200	0.001583
55	210	0.001996
55	220	0.001603
55	230	0.001734
55	240	0.001970
55	250	0.003495
55	260	0.004307
55	270	0.006052
55	280	0.004607
55	290	0.010737
55	300	0.002688
55	310	0.002256
55	320	0.002005
55	330	0.022162
55	340	0.001957
55	350	0.001893
60	0	0.002074
60	10	0.002081
60	20	0.002061
60	30	0.002148
60	40	0.002114
60	50	0.002231
60	130	0.002068
60	140	0.002257
60	150	0.001920
60	160	0.001705
60	170	0.024203
60	180	0.002615
60	190	0.001864
60	200	0.002061
60	210	0.001858
60	220	0.001923
60	230	0.002256
60	240	0.019976
60	250	0.004149
60	260	0.008483
60	270	0.009196
60	280	0.057747
60	290	0.004332
60	300	0.003717
60	310	0.002538
60	320	0.002113
60	330	0.002189
60	340	0.002091
60	350	0.002076
65	0	0.002302
65	10	0.004574
65	20	0.002253
65	30	0.002291
65	40	0.002363
65	50	0.002415
65	130	0.002650
65	140	0.002092
65	150	0.002542
65	160	0.031030
65	170	0.002416
65	180	0.001972
65	190	0.002115
65	200	0.002025
65	210	0.002091
65	220	0.016810
65	230	0.002242
65	240	0.003176
65	250	0.004728
65	260	0.008457
65	270	0.020418
65	280	0.008660
65	290	0.006747
65	300	0.010829
65	310	0.005949
65	320	0.024251
65	330	0.002387
65	340	0.002345
65	350	0.002261
70	0	0.002579
70	10	0.002939
70	20	0.002931
70	30	0.002954
70	40	0.003129
70	50	0.003044
70	130	0.003068
70	140	0.003363
70	150	0.002867
70	160	0.003056
70	170	0.002845
70	180	0.003118
70	190	0.003335
70	200	0.003072
70	210	0.003296
70	220	0.002760
70	230	0.003092
70	240	0.003867
70	250	0.006690
70	260	1.343903
70	270	0.495503
70	280	0.334753
70	290	0.007537
70	300	0.003877
70	310	0.003002
70	320	0.003697
70	330	0.003152
70	340	0.004577
70	350	0.002923
75	0	0.004012
75	10	0.003393
75	20	0.003558
75	30	0.003538
75	40	0.003387
75	50	0.003858
75	130	0.003781
75	140	0.003531
75	150	0.003784
75	160	0.003631
75	170	0.003361
75	180	0.003687
75	190	0.003327
75	200	0.003714
75	210	0.003279
75	220	0.003554
75	230	0.019897
75	240	0.004806
75	250	0.008176
75	260	0.015223
75	270	0.028335
75	280	0.017855
75	290	0.009074
75	300	0.005488
75	310	0.004254
75	320	0.003847
75	330	0.003557
75	340	0.003287
75	350	0.003610
80	0	0.005202
80	10	0.004762
80	20	0.004579
80	30	0.004836
80	40	0.004982
80	50	0.005012
80	130	0.005404
80	140	0.004830
80	150	0.004836
80	160	0.005001
80	170	0.005037
80	180	0.005221
80	190	0.004781
80	200	0.005111
80	210	0.004634
80	220	0.005466
80	230	0.005101
80	240	0.007682
80	250	0.057885
80	260	0.018565
80	270	0.035310
80	280	0.019244
80	290	0.012223
80	300	0.007072
80	310	0.005208
80	320	0.004799
80	330	0.004854
80	340	0.005184
80	350	0.014349
