type bsdf_data
format angles=deg bsdf=value scale=1
angles measured from local surface normal
AOI	0	deg.
FRED TIS integral (0-1)	8.29360721100674E-02
Spec Polar [deg.]	Spec Azimuth [deg.]	Scatter Polar [deg.]	Scatter Azimuth [deg.]	BSDF (AOI=0, AZI=0) [1/sr]
0	0	0	0	6.89561470278953E-02
0	0	5	0	6.64569820886696E-02
0	0	10	0	5.98307660961705E-02
0	0	15	0	5.11245482029059E-02
0	0	20	0	4.24130871841969E-02
0	0	25	0	3.50149054531837E-02
0	0	30	0	0.029398599594643
0	0	35	0	2.54771764403861E-02
0	0	40	0	2.29210390408959E-02
0	0	45	0	2.13418462567155E-02
0	0	50	0	2.03670951215422E-02
0	0	55	0	1.96707013990812E-02
0	0	60	0	1.90039861721451E-02
0	0	65	0	1.82313159693005E-02
0	0	70	0	1.73454905531167E-02
0	0	75	0	1.64420746591978E-02
0	0	80	0	1.56625237878126E-02
0	0	85	0	1.51374750366071E-02
0	0	89.9	0	1.49528047220608E-02
Spec Polar [deg.]	Spec Azimuth [deg.]	Scatter Polar [deg.]	Scatter Azimuth [deg.]	BSDF (AOI=0, AZI=10) [1/sr]
0	0	0	10	6.89561470278953E-02
0	0	5	10	6.64569820886696E-02
0	0	10	10	5.98307660961705E-02
0	0	15	10	5.11245482029059E-02
0	0	20	10	4.24130871841969E-02
0	0	25	10	3.50149054531837E-02
0	0	30	10	0.029398599594643
0	0	35	10	2.54771764403861E-02
0	0	40	10	2.29210390408959E-02
0	0	45	10	2.13418462567155E-02
0	0	50	10	2.03670951215422E-02
0	0	55	10	1.96707013990812E-02
0	0	60	10	1.90039861721451E-02
0	0	65	10	1.82313159693004E-02
0	0	70	10	1.73454905531167E-02
0	0	75	10	1.64420746591978E-02
0	0	80	10	1.56625237878126E-02
0	0	85	10	1.51374750366071E-02
0	0	89.9	10	1.49528047220608E-02
Spec Polar [deg.]	Spec Azimuth [deg.]	Scatter Polar [deg.]	Scatter Azimuth [deg.]	BSDF (AOI=0, AZI=20) [1/sr]
0	0	0	20	6.89561470278953E-02
0	0	5	20	6.64569820886696E-02
0	0	10	20	5.98307660961705E-02
0	0	15	20	5.11245482029059E-02
0	0	20	20	4.24130871841969E-02
0	0	25	20	3.50149054531837E-02
0	0	30	20	0.029398599594643
0	0	35	20	2.54771764403861E-02
0	0	40	20	2.29210390408959E-02
0	0	45	20	2.13418462567155E-02
0	0	50	20	2.03670951215422E-02
0	0	55	20	1.96707013990813E-02
0	0	60	20	1.90039861721451E-02
0	0	65	20	1.82313159693005E-02
0	0	70	20	1.73454905531167E-02
0	0	75	20	1.64420746591978E-02
0	0	80	20	1.56625237878126E-02
0	0	85	20	1.51374750366071E-02
0	0	89.9	20	1.49528047220608E-02
Spec Polar [deg.]	Spec Azimuth [deg.]	Scatter Polar [deg.]	Scatter Azimuth [deg.]	BSDF (AOI=0, AZI=30) [1/sr]
0	0	0	30	6.89561470278953E-02
0	0	5	30	6.64569820886696E-02
0	0	10	30	5.98307660961705E-02
0	0	15	30	5.11245482029059E-02
0	0	20	30	4.24130871841969E-02
0	0	25	30	3.50149054531837E-02
0	0	30	30	0.029398599594643
0	0	35	30	2.54771764403861E-02
0	0	40	30	2.29210390408959E-02
0	0	45	30	2.13418462567155E-02
0	0	50	30	2.03670951215422E-02
0	0	55	30	1.96707013990812E-02
0	0	60	30	1.90039861721451E-02
0	0	65	30	1.82313159693005E-02
0	0	70	30	1.73454905531167E-02
0	0	75	30	1.64420746591978E-02
0	0	80	30	1.56625237878126E-02
0	0	85	30	1.51374750366071E-02
0	0	89.9	30	1.49528047220608E-02
Spec Polar [deg.]	Spec Azimuth [deg.]	Scatter Polar [deg.]	Scatter Azimuth [deg.]	BSDF (AOI=0, AZI=40) [1/sr]
0	0	0	40	6.89561470278953E-02
0	0	5	40	6.64569820886696E-02
0	0	10	40	5.98307660961705E-02
0	0	15	40	5.11245482029059E-02
0	0	20	40	4.24130871841969E-02
0	0	25	40	3.50149054531837E-02
0	0	30	40	0.029398599594643
0	0	35	40	2.54771764403861E-02
0	0	40	40	2.29210390408959E-02
0	0	45	40	2.13418462567155E-02
0	0	50	40	2.03670951215422E-02
0	0	55	40	1.96707013990812E-02
0	0	60	40	1.90039861721451E-02
0	0	65	40	1.82313159693005E-02
0	0	70	40	1.73454905531167E-02
0	0	75	40	1.64420746591978E-02
0	0	80	40	1.56625237878126E-02
0	0	85	40	1.51374750366071E-02
0	0	89.9	40	1.49528047220608E-02
Spec Polar [deg.]	Spec Azimuth [deg.]	Scatter Polar [deg.]	Scatter Azimuth [deg.]	BSDF (AOI=0, AZI=50) [1/sr]
0	0	0	50	6.89561470278953E-02
0	0	5	50	6.64569820886696E-02
0	0	10	50	5.98307660961705E-02
0	0	15	50	5.11245482029059E-02
0	0	20	50	4.24130871841969E-02
0	0	25	50	3.50149054531837E-02
0	0	30	50	0.029398599594643
0	0	35	50	2.54771764403861E-02
0	0	40	50	2.29210390408959E-02
0	0	45	50	2.13418462567155E-02
0	0	50	50	2.03670951215422E-02
0	0	55	50	1.96707013990813E-02
0	0	60	50	1.90039861721451E-02
0	0	65	50	1.82313159693005E-02
0	0	70	50	1.73454905531167E-02
0	0	75	50	1.64420746591978E-02
0	0	80	50	1.56625237878126E-02
0	0	85	50	1.51374750366071E-02
0	0	89.9	50	1.49528047220608E-02
Spec Polar [deg.]	Spec Azimuth [deg.]	Scatter Polar [deg.]	Scatter Azimuth [deg.]	BSDF (AOI=0, AZI=60) [1/sr]
0	0	0	60	6.89561470278953E-02
0	0	5	60	6.64569820886696E-02
0	0	10	60	5.98307660961705E-02
0	0	15	60	5.11245482029059E-02
0	0	20	60	4.24130871841969E-02
0	0	25	60	3.50149054531837E-02
0	0	30	60	0.029398599594643
0	0	35	60	2.54771764403861E-02
0	0	40	60	2.29210390408959E-02
0	0	45	60	2.13418462567155E-02
0	0	50	60	2.03670951215422E-02
0	0	55	60	1.96707013990813E-02
0	0	60	60	1.90039861721451E-02
0	0	65	60	1.82313159693005E-02
0	0	70	60	1.73454905531167E-02
0	0	75	60	1.64420746591978E-02
0	0	80	60	1.56625237878126E-02
0	0	85	60	1.51374750366071E-02
0	0	89.9	60	1.49528047220608E-02
Spec Polar [deg.]	Spec Azimuth [deg.]	Scatter Polar [deg.]	Scatter Azimuth [deg.]	BSDF (AOI=0, AZI=70) [1/sr]
0	0	0	70	6.89561470278953E-02
0	0	5	70	6.64569820886696E-02
0	0	10	70	5.98307660961705E-02
0	0	15	70	5.11245482029059E-02
0	0	20	70	4.24130871841969E-02
0	0	25	70	3.50149054531837E-02
0	0	30	70	0.029398599594643
0	0	35	70	2.54771764403861E-02
0	0	40	70	2.29210390408959E-02
0	0	45	70	2.13418462567155E-02
0	0	50	70	2.03670951215422E-02
0	0	55	70	1.96707013990812E-02
0	0	60	70	1.90039861721451E-02
0	0	65	70	1.82313159693004E-02
0	0	70	70	1.73454905531167E-02
0	0	75	70	1.64420746591978E-02
0	0	80	70	1.56625237878126E-02
0	0	85	70	1.51374750366071E-02
0	0	89.9	70	1.49528047220608E-02
Spec Polar [deg.]	Spec Azimuth [deg.]	Scatter Polar [deg.]	Scatter Azimuth [deg.]	BSDF (AOI=0, AZI=80) [1/sr]
0	0	0	80	6.89561470278953E-02
0	0	5	80	6.64569820886696E-02
0	0	10	80	5.98307660961705E-02
0	0	15	80	5.11245482029059E-02
0	0	20	80	4.24130871841969E-02
0	0	25	80	3.50149054531837E-02
0	0	30	80	0.029398599594643
0	0	35	80	2.54771764403861E-02
0	0	40	80	2.29210390408959E-02
0	0	45	80	2.13418462567155E-02
0	0	50	80	2.03670951215422E-02
0	0	55	80	1.96707013990812E-02
0	0	60	80	1.90039861721451E-02
0	0	65	80	1.82313159693004E-02
0	0	70	80	1.73454905531167E-02
0	0	75	80	1.64420746591978E-02
0	0	80	80	1.56625237878126E-02
0	0	85	80	1.51374750366071E-02
0	0	89.9	80	1.49528047220608E-02
Spec Polar [deg.]	Spec Azimuth [deg.]	Scatter Polar [deg.]	Scatter Azimuth [deg.]	BSDF (AOI=0, AZI=90) [1/sr]
0	0	0	90	6.89561470278953E-02
0	0	5	90	6.64569820886696E-02
0	0	10	90	5.98307660961705E-02
0	0	15	90	5.11245482029059E-02
0	0	20	90	4.24130871841969E-02
0	0	25	90	3.50149054531837E-02
0	0	30	90	0.029398599594643
0	0	35	90	2.54771764403861E-02
0	0	40	90	2.29210390408959E-02
0	0	45	90	2.13418462567155E-02
0	0	50	90	2.03670951215422E-02
0	0	55	90	1.96707013990812E-02
0	0	60	90	1.90039861721451E-02
0	0	65	90	1.82313159693005E-02
0	0	70	90	1.73454905531167E-02
0	0	75	90	1.64420746591978E-02
0	0	80	90	1.56625237878126E-02
0	0	85	90	1.51374750366071E-02
0	0	89.9	90	1.49528047220608E-02
Spec Polar [deg.]	Spec Azimuth [deg.]	Scatter Polar [deg.]	Scatter Azimuth [deg.]	BSDF (AOI=0, AZI=100) [1/sr]
0	0	0	100	6.89561470278953E-02
0	0	5	100	6.64569820886696E-02
0	0	10	100	5.98307660961705E-02
0	0	15	100	5.11245482029059E-02
0	0	20	100	4.24130871841969E-02
0	0	25	100	3.50149054531837E-02
0	0	30	100	0.029398599594643
0	0	35	100	2.54771764403861E-02
0	0	40	100	2.29210390408959E-02
0	0	45	100	2.13418462567155E-02
0	0	50	100	2.03670951215422E-02
0	0	55	100	1.96707013990812E-02
0	0	60	100	1.90039861721451E-02
0	0	65	100	1.82313159693004E-02
0	0	70	100	1.73454905531167E-02
0	0	75	100	1.64420746591978E-02
0	0	80	100	1.56625237878126E-02
0	0	85	100	1.51374750366071E-02
0	0	89.9	100	1.49528047220608E-02
Spec Polar [deg.]	Spec Azimuth [deg.]	Scatter Polar [deg.]	Scatter Azimuth [deg.]	BSDF (AOI=0, AZI=110) [1/sr]
0	0	0	110	6.89561470278953E-02
0	0	5	110	6.64569820886696E-02
0	0	10	110	5.98307660961705E-02
0	0	15	110	5.11245482029059E-02
0	0	20	110	4.24130871841969E-02
0	0	25	110	3.50149054531837E-02
0	0	30	110	0.029398599594643
0	0	35	110	2.54771764403861E-02
0	0	40	110	2.29210390408959E-02
0	0	45	110	2.13418462567155E-02
0	0	50	110	2.03670951215422E-02
0	0	55	110	1.96707013990813E-02
0	0	60	110	1.90039861721451E-02
0	0	65	110	1.82313159693005E-02
0	0	70	110	1.73454905531167E-02
0	0	75	110	1.64420746591978E-02
0	0	80	110	1.56625237878126E-02
0	0	85	110	1.51374750366071E-02
0	0	89.9	110	1.49528047220608E-02
Spec Polar [deg.]	Spec Azimuth [deg.]	Scatter Polar [deg.]	Scatter Azimuth [deg.]	BSDF (AOI=0, AZI=120) [1/sr]
0	0	0	120	6.89561470278953E-02
0	0	5	120	6.64569820886696E-02
0	0	10	120	5.98307660961705E-02
0	0	15	120	5.11245482029059E-02
0	0	20	120	4.24130871841969E-02
0	0	25	120	3.50149054531837E-02
0	0	30	120	0.029398599594643
0	0	35	120	2.54771764403861E-02
0	0	40	120	2.29210390408959E-02
0	0	45	120	2.13418462567155E-02
0	0	50	120	2.03670951215422E-02
0	0	55	120	1.96707013990813E-02
0	0	60	120	1.90039861721451E-02
0	0	65	120	1.82313159693005E-02
0	0	70	120	1.73454905531167E-02
0	0	75	120	1.64420746591978E-02
0	0	80	120	1.56625237878126E-02
0	0	85	120	1.51374750366071E-02
0	0	89.9	120	1.49528047220608E-02
Spec Polar [deg.]	Spec Azimuth [deg.]	Scatter Polar [deg.]	Scatter Azimuth [deg.]	BSDF (AOI=0, AZI=130) [1/sr]
0	0	0	130	6.89561470278953E-02
0	0	5	130	6.64569820886696E-02
0	0	10	130	5.98307660961705E-02
0	0	15	130	5.11245482029059E-02
0	0	20	130	4.24130871841969E-02
0	0	25	130	3.50149054531837E-02
0	0	30	130	0.029398599594643
0	0	35	130	2.54771764403861E-02
0	0	40	130	2.29210390408959E-02
0	0	45	130	2.13418462567155E-02
0	0	50	130	2.03670951215422E-02
0	0	55	130	1.96707013990813E-02
0	0	60	130	1.90039861721451E-02
0	0	65	130	1.82313159693005E-02
0	0	70	130	1.73454905531167E-02
0	0	75	130	1.64420746591978E-02
0	0	80	130	1.56625237878126E-02
0	0	85	130	1.51374750366071E-02
0	0	89.9	130	1.49528047220608E-02
Spec Polar [deg.]	Spec Azimuth [deg.]	Scatter Polar [deg.]	Scatter Azimuth [deg.]	BSDF (AOI=0, AZI=140) [1/sr]
0	0	0	140	6.89561470278953E-02
0	0	5	140	6.64569820886696E-02
0	0	10	140	5.98307660961705E-02
0	0	15	140	5.11245482029059E-02
0	0	20	140	4.24130871841969E-02
0	0	25	140	3.50149054531837E-02
0	0	30	140	0.029398599594643
0	0	35	140	2.54771764403861E-02
0	0	40	140	2.29210390408959E-02
0	0	45	140	2.13418462567155E-02
0	0	50	140	2.03670951215422E-02
0	0	55	140	1.96707013990813E-02
0	0	60	140	1.90039861721451E-02
0	0	65	140	1.82313159693005E-02
0	0	70	140	1.73454905531167E-02
0	0	75	140	1.64420746591978E-02
0	0	80	140	1.56625237878126E-02
0	0	85	140	1.51374750366071E-02
0	0	89.9	140	1.49528047220608E-02
Spec Polar [deg.]	Spec Azimuth [deg.]	Scatter Polar [deg.]	Scatter Azimuth [deg.]	BSDF (AOI=0, AZI=150) [1/sr]
0	0	0	150	6.89561470278953E-02
0	0	5	150	6.64569820886696E-02
0	0	10	150	5.98307660961705E-02
0	0	15	150	5.11245482029059E-02
0	0	20	150	4.24130871841969E-02
0	0	25	150	3.50149054531837E-02
0	0	30	150	0.029398599594643
0	0	35	150	2.54771764403861E-02
0	0	40	150	2.29210390408959E-02
0	0	45	150	2.13418462567155E-02
0	0	50	150	2.03670951215422E-02
0	0	55	150	1.96707013990812E-02
0	0	60	150	1.90039861721451E-02
0	0	65	150	1.82313159693005E-02
0	0	70	150	1.73454905531167E-02
0	0	75	150	1.64420746591978E-02
0	0	80	150	1.56625237878126E-02
0	0	85	150	1.51374750366071E-02
0	0	89.9	150	1.49528047220608E-02
Spec Polar [deg.]	Spec Azimuth [deg.]	Scatter Polar [deg.]	Scatter Azimuth [deg.]	BSDF (AOI=0, AZI=160) [1/sr]
0	0	0	160	6.89561470278953E-02
0	0	5	160	6.64569820886696E-02
0	0	10	160	5.98307660961705E-02
0	0	15	160	5.11245482029059E-02
0	0	20	160	4.24130871841969E-02
0	0	25	160	3.50149054531837E-02
0	0	30	160	0.029398599594643
0	0	35	160	2.54771764403861E-02
0	0	40	160	2.29210390408959E-02
0	0	45	160	2.13418462567155E-02
0	0	50	160	2.03670951215422E-02
0	0	55	160	1.96707013990812E-02
0	0	60	160	1.90039861721451E-02
0	0	65	160	1.82313159693004E-02
0	0	70	160	1.73454905531167E-02
0	0	75	160	1.64420746591978E-02
0	0	80	160	1.56625237878126E-02
0	0	85	160	1.51374750366071E-02
0	0	89.9	160	1.49528047220608E-02
Spec Polar [deg.]	Spec Azimuth [deg.]	Scatter Polar [deg.]	Scatter Azimuth [deg.]	BSDF (AOI=0, AZI=170) [1/sr]
0	0	0	170	6.89561470278953E-02
0	0	5	170	6.64569820886696E-02
0	0	10	170	5.98307660961705E-02
0	0	15	170	5.11245482029059E-02
0	0	20	170	4.24130871841969E-02
0	0	25	170	3.50149054531837E-02
0	0	30	170	0.029398599594643
0	0	35	170	2.54771764403861E-02
0	0	40	170	2.29210390408959E-02
0	0	45	170	2.13418462567155E-02
0	0	50	170	2.03670951215422E-02
0	0	55	170	1.96707013990812E-02
0	0	60	170	1.90039861721451E-02
0	0	65	170	1.82313159693005E-02
0	0	70	170	1.73454905531167E-02
0	0	75	170	1.64420746591978E-02
0	0	80	170	1.56625237878126E-02
0	0	85	170	1.51374750366071E-02
0	0	89.9	170	1.49528047220608E-02
Spec Polar [deg.]	Spec Azimuth [deg.]	Scatter Polar [deg.]	Scatter Azimuth [deg.]	BSDF (AOI=0, AZI=180) [1/sr]
0	0	0	180	6.89561470278953E-02
0	0	5	180	6.64569820886696E-02
0	0	10	180	5.98307660961705E-02
0	0	15	180	5.11245482029059E-02
0	0	20	180	4.24130871841969E-02
0	0	25	180	3.50149054531837E-02
0	0	30	180	0.029398599594643
0	0	35	180	2.54771764403861E-02
0	0	40	180	2.29210390408959E-02
0	0	45	180	2.13418462567155E-02
0	0	50	180	2.03670951215422E-02
0	0	55	180	1.96707013990812E-02
0	0	60	180	1.90039861721451E-02
0	0	65	180	1.82313159693005E-02
0	0	70	180	1.73454905531167E-02
0	0	75	180	1.64420746591978E-02
0	0	80	180	1.56625237878126E-02
0	0	85	180	1.51374750366071E-02
0	0	89.9	180	1.49528047220608E-02
AOI	10	deg.
FRED TIS integral (0-1)	8.59951732348095E-02
Spec Polar [deg.]	Spec Azimuth [deg.]	Scatter Polar [deg.]	Scatter Azimuth [deg.]	BSDF (AOI=10, AZI=0) [1/sr]
10	0	0	0	5.98307660961705E-02
10	0	5	0	6.79673215078009E-02
10	0	10	0	7.17210771925964E-02
10	0	15	0	6.99155040985154E-02
10	0	20	0	6.35601770586833E-02
10	0	25	0	5.50863180816855E-02
10	0	30	0	4.68434819453702E-02
10	0	35	0	4.01993327849264E-02
10	0	40	0	3.55434725898912E-02
10	0	45	0	3.26810053386916E-02
10	0	50	0	3.11670499346392E-02
10	0	55	0	3.04804951846568E-02
10	0	60	0	3.01174057482171E-02
10	0	65	0	2.96841589052156E-02
10	0	70	0	2.89897423708484E-02
10	0	75	0	0.028076248361595
10	0	80	0	2.71523554692589E-02
10	0	85	0	0.026470720030343
10	0	89.9	0	2.62208070365649E-02
Spec Polar [deg.]	Spec Azimuth [deg.]	Scatter Polar [deg.]	Scatter Azimuth [deg.]	BSDF (AOI=10, AZI=10) [1/sr]
10	0	0	10	5.98307660961705E-02
10	0	5	10	6.77984057787272E-02
10	0	10	10	7.13701815794679E-02
10	0	15	10	6.94299287665325E-02
10	0	20	10	6.30214109973172E-02
10	0	25	10	5.45656623419577E-02
10	0	30	10	4.63773655070473E-02
10	0	35	10	3.97923696217275E-02
10	0	40	10	0.035183017866291
10	0	45	10	3.23492194315097E-02
10	0	50	10	3.08472194885859E-02
10	0	55	10	3.01596582637607E-02
10	0	60	10	2.97874275506377E-02
10	0	65	10	2.93419796568582E-02
10	0	70	10	2.86365953721089E-02
10	0	75	10	2.77157933451087E-02
10	0	80	10	2.67884326907763E-02
10	0	85	10	2.61058050118928E-02
10	0	89.9	10	2.58557857915687E-02
Spec Polar [deg.]	Spec Azimuth [deg.]	Scatter Polar [deg.]	Scatter Azimuth [deg.]	BSDF (AOI=10, AZI=20) [1/sr]
10	0	0	20	5.98307660961705E-02
10	0	5	20	6.73001572397246E-02
10	0	10	20	7.03423609776748E-02
10	0	15	20	0.068017169869718
10	0	20	20	6.14635210201784E-02
10	0	25	20	5.30682554464043E-02
10	0	30	20	4.50428885097647E-02
10	0	35	20	0.038631343144094
10	0	40	20	3.41570309616266E-02
10	0	45	20	3.14057505849855E-02
10	0	50	20	2.99376677435821E-02
10	0	55	20	2.92468285038395E-02
10	0	60	20	2.88486187907158E-02
10	0	65	20	2.83695413213053E-02
10	0	70	20	2.76352466214385E-02
10	0	75	20	2.66967173866652E-02
10	0	80	20	2.57625066559836E-02
10	0	85	20	2.50792155906965E-02
10	0	89.9	20	2.48296715684281E-02
Spec Polar [deg.]	Spec Azimuth [deg.]	Scatter Polar [deg.]	Scatter Azimuth [deg.]	BSDF (AOI=10, AZI=30) [1/sr]
10	0	0	30	5.98307660961705E-02
10	0	5	30	0.06649726829907
10	0	10	30	6.87085704375807E-02
10	0	15	30	6.58007214933873E-02
10	0	20	30	5.90483526681152E-02
10	0	25	30	5.07710135775014E-02
10	0	30	30	4.30136114206579E-02
10	0	35	30	3.68779936339575E-02
10	0	40	30	3.26146575634486E-02
10	0	45	30	2.99901913888306E-02
10	0	50	30	2.85727646382256E-02
10	0	55	30	2.78757318709011E-02
10	0	60	30	0.027438506385076
10	0	65	30	2.69119888196793E-02
10	0	70	30	2.61408351303232E-02
10	0	75	30	2.51844303605841E-02
10	0	80	30	2.42485012407065E-02
10	0	85	30	2.35703228589172E-02
10	0	89.9	30	2.33236858064805E-02
Spec Polar [deg.]	Spec Azimuth [deg.]	Scatter Polar [deg.]	Scatter Azimuth [deg.]	BSDF (AOI=10, AZI=40) [1/sr]
10	0	0	40	5.98307660961705E-02
10	0	5	40	6.54283506446309E-02
10	0	10	40	6.65758408020859E-02
10	0	15	40	6.29610763713658E-02
10	0	20	40	5.60060955293694E-02
10	0	25	40	4.79199871214695E-02
10	0	30	40	4.05268307289357E-02
10	0	35	40	3.47509113083881E-02
10	0	40	40	3.07561717616242E-02
10	0	45	40	2.82895617760038E-02
10	0	50	40	2.69325956970994E-02
10	0	55	40	2.62257370009892E-02
10	0	60	40	2.57413233449581E-02
10	0	65	40	2.51627355894842E-02
10	0	70	40	0.02435816939853
10	0	75	40	2.33948158959786E-02
10	0	80	40	2.24709939120694E-02
10	0	85	40	0.021809011421014
10	0	89.9	40	0.0215694652555
Spec Polar [deg.]	Spec Azimuth [deg.]	Scatter Polar [deg.]	Scatter Azimuth [deg.]	BSDF (AOI=10, AZI=50) [1/sr]
10	0	0	50	5.98307660961705E-02
10	0	5	50	6.41425635476329E-02
10	0	10	50	6.40733112783558E-02
10	0	15	50	0.059705909608921
10	0	20	50	5.25908855745468E-02
10	0	25	50	4.47776532352734E-02
10	0	30	50	3.78290748443662E-02
10	0	35	50	3.24731197387683E-02
10	0	40	50	2.87838575013677E-02
10	0	45	50	2.64920937053568E-02
10	0	50	50	2.51985282786963E-02
10	0	55	50	2.44777414952553E-02
10	0	60	50	2.39425290019841E-02
10	0	65	50	0.023314905572604
10	0	70	50	2.24888056237677E-02
10	0	75	50	2.15365682751635E-02
10	0	80	50	2.06434697488581E-02
10	0	85	50	2.00112585886238E-02
10	0	89.9	50	0.019783722154219
Spec Polar [deg.]	Spec Azimuth [deg.]	Scatter Polar [deg.]	Scatter Azimuth [deg.]	BSDF (AOI=10, AZI=60) [1/sr]
10	0	0	60	5.98307660961705E-02
10	0	5	60	6.26956643979093E-02
10	0	10	60	6.13373713920199E-02
10	0	15	60	5.62409766264034E-02
10	0	20	60	4.90406556212118E-02
10	0	25	60	4.15782063715679E-02
10	0	30	60	0.035132089086049
10	0	35	60	3.02311354229165E-02
10	0	40	60	2.68643513529018E-02
10	0	45	60	2.47520409345596E-02
10	0	50	60	2.35193671507982E-02
10	0	55	60	2.27805311847335E-02
10	0	60	60	2.21943108372739E-02
10	0	65	60	2.15251470372776E-02
10	0	70	60	2.06927999888532E-02
10	0	75	60	1.97710690899305E-02
10	0	80	60	1.89268884882227E-02
10	0	85	60	1.83370136052761E-02
10	0	89.9	60	1.81259219594229E-02
Spec Polar [deg.]	Spec Azimuth [deg.]	Scatter Polar [deg.]	Scatter Azimuth [deg.]	BSDF (AOI=10, AZI=70) [1/sr]
10	0	0	70	5.98307660961705E-02
10	0	5	70	6.11460283464248E-02
10	0	10	70	5.84986667008723E-02
10	0	15	70	5.27479104239256E-02
10	0	20	70	4.55502986283859E-02
10	0	25	70	3.85010890994036E-02
10	0	30	70	3.25892743722985E-02
10	0	35	70	2.81545677524983E-02
10	0	40	70	2.51106217348295E-02
10	0	45	70	2.31730820772138E-02
10	0	50	70	2.19953821627853E-02
10	0	55	70	2.12348790256991E-02
10	0	60	70	2.05995094836274E-02
10	0	65	70	1.98975120117361E-02
10	0	70	70	1.90729921855683E-02
10	0	75	70	1.81975899085301E-02
10	0	80	70	1.74160525222445E-02
10	0	85	70	1.68775259922411E-02
10	0	89.9	70	1.66859806965859E-02
Spec Polar [deg.]	Spec Azimuth [deg.]	Scatter Polar [deg.]	Scatter Azimuth [deg.]	BSDF (AOI=10, AZI=80) [1/sr]
10	0	0	80	5.98307660961705E-02
10	0	5	80	5.95511028688316E-02
10	0	10	80	5.56727362702842E-02
10	0	15	80	4.93717020718042E-02
10	0	20	80	4.22605824364741E-02
10	0	25	80	3.56638003723933E-02
10	0	30	80	3.02921300554515E-02
10	0	35	80	2.63148156535272E-02
10	0	40	80	2.35816881042562E-02
10	0	45	80	2.18083332751967E-02
10	0	50	80	2.06782992276447E-02
10	0	55	80	1.98935175321072E-02
10	0	60	80	1.92119110960071E-02
10	0	65	80	1.84847334389788E-02
10	0	70	80	1.76780282090486E-02
10	0	75	80	1.68585190242041E-02
10	0	80	80	1.61469286507002E-02
10	0	85	80	1.56641267983455E-02
10	0	89.9	80	1.54935630093336E-02
Spec Polar [deg.]	Spec Azimuth [deg.]	Scatter Polar [deg.]	Scatter Azimuth [deg.]	BSDF (AOI=10, AZI=90) [1/sr]
10	0	0	90	5.98307660961705E-02
10	0	5	90	5.79646108572844E-02
10	0	10	90	5.29548554334866E-02
10	0	15	90	4.62173931006782E-02
10	0	20	90	3.92599916733141E-02
10	0	25	90	3.31287816281123E-02
10	0	30	90	2.82800755886699E-02
10	0	35	90	2.47357936981368E-02
10	0	40	90	2.22931349673204E-02
10	0	45	90	0.020670323586512
10	0	50	90	1.95808470202308E-02
10	0	55	90	1.87706056584734E-02
10	0	60	90	1.80462045395429E-02
10	0	65	90	1.72994123799459E-02
10	0	70	90	1.65154208560718E-02
10	0	75	90	1.57545055355838E-02
10	0	80	90	1.51135588373174E-02
10	0	85	90	1.46862568562179E-02
10	0	89.9	90	1.45364835882553E-02
Spec Polar [deg.]	Spec Azimuth [deg.]	Scatter Polar [deg.]	Scatter Azimuth [deg.]	BSDF (AOI=10, AZI=100) [1/sr]
10	0	0	100	5.98307660961705E-02
10	0	5	100	0.056434640550865
10	0	10	100	0.050418667522663
10	0	15	100	4.33534994154508E-02
10	0	20	100	3.65943351847133E-02
10	0	25	100	3.09173436925496E-02
10	0	30	100	0.026556000558068
10	0	35	100	2.34092698634773E-02
10	0	40	100	2.12315134971351E-02
10	0	45	100	0.019744462232706
10	0	50	100	1.86896171128956E-02
10	0	55	100	1.78544384772075E-02
10	0	60	100	1.70910912070945E-02
10	0	65	100	1.63281027237214E-02
10	0	70	100	1.55669990559121E-02
10	0	75	100	1.48612874104825E-02
10	0	80	100	1.42859396288885E-02
10	0	85	100	0.013909942811868
10	0	89.9	100	1.37793675464345E-02
Spec Polar [deg.]	Spec Azimuth [deg.]	Scatter Polar [deg.]	Scatter Azimuth [deg.]	BSDF (AOI=10, AZI=110) [1/sr]
10	0	0	110	5.98307660961705E-02
10	0	5	110	5.50026043277993E-02
10	0	10	110	4.81176149831036E-02
10	0	15	110	4.08191154054783E-02
10	0	20	110	3.42791582746577E-02
10	0	25	110	2.90248424538209E-02
10	0	30	110	2.51018958301463E-02
10	0	35	110	2.23097472685403E-02
10	0	40	110	2.03681432391777E-02
10	0	45	110	1.90018911574881E-02
10	0	50	110	1.79772859221811E-02
10	0	55	110	1.71194301699967E-02
10	0	60	110	1.63214553615841E-02
10	0	65	110	1.55440494311306E-02
10	0	70	110	1.48024185685961E-02
10	0	75	110	1.41439405547848E-02
10	0	80	110	1.36248058414518E-02
10	0	85	110	1.32928715758386E-02
10	0	89.9	110	1.31788122723868E-02
Spec Polar [deg.]	Spec Azimuth [deg.]	Scatter Polar [deg.]	Scatter Azimuth [deg.]	BSDF (AOI=10, AZI=120) [1/sr]
10	0	0	120	5.98307660961705E-02
10	0	5	120	5.37029369837559E-02
10	0	10	120	4.60880272397269E-02
10	0	15	120	3.86320931953037E-02
10	0	20	120	0.032311494302716
10	0	25	120	2.74336320089454E-02
10	0	30	120	2.38915443359101E-02
10	0	35	120	2.14063858453538E-02
10	0	40	120	1.96702128703174E-02
10	0	45	120	1.84098625941399E-02
10	0	50	120	1.74124390891688E-02
10	0	55	120	1.65356292417452E-02
10	0	60	120	1.57078564425512E-02
10	0	65	120	1.49168956595606E-02
10	0	70	120	1.41892040178357E-02
10	0	75	120	1.35672715338709E-02
10	0	80	120	1.30923282329054E-02
10	0	85	120	1.27953002020017E-02
10	0	89.9	120	1.26943741383829E-02
Spec Polar [deg.]	Spec Azimuth [deg.]	Scatter Polar [deg.]	Scatter Azimuth [deg.]	BSDF (AOI=10, AZI=130) [1/sr]
10	0	0	130	5.98307660961705E-02
10	0	5	130	5.25633451971842E-02
10	0	10	130	4.43528658304721E-02
10	0	15	130	3.67965741716993E-02
10	0	20	130	3.06791761793309E-02
10	0	25	130	2.61223816082869E-02
10	0	30	130	2.28992265228616E-02
10	0	35	130	2.06711475639734E-02
10	0	40	130	1.91084952869154E-02
10	0	45	130	1.79390503592264E-02
10	0	50	130	1.69664874618044E-02
10	0	55	130	1.60753304977917E-02
10	0	60	130	1.52229913880513E-02
10	0	65	130	1.44191203142973E-02
10	0	70	130	1.36992286871076E-02
10	0	75	130	1.31023996614032E-02
10	0	80	130	0.012658863821131
10	0	85	130	1.23869809790214E-02
10	0	89.9	130	1.22955695207432E-02
Spec Polar [deg.]	Spec Azimuth [deg.]	Scatter Polar [deg.]	Scatter Azimuth [deg.]	BSDF (AOI=10, AZI=140) [1/sr]
10	0	0	140	5.98307660961705E-02
10	0	5	140	5.16054068575282E-02
10	0	10	140	4.29254102756983E-02
10	0	15	140	0.03530902643976
10	0	20	140	2.93672280960876E-02
10	0	25	140	2.50716888490282E-02
10	0	30	140	2.21045335337976E-02
10	0	35	140	0.020083205496263
10	0	40	140	1.86616195121321E-02
10	0	45	140	0.017567711607747
10	0	50	140	1.66176551241848E-02
10	0	55	140	1.57168746872846E-02
10	0	60	140	1.48453333838477E-02
10	0	65	140	1.40295140602782E-02
10	0	70	140	1.33120040020255E-02
10	0	75	140	1.27298884448147E-02
10	0	80	140	1.23060241584859E-02
10	0	85	140	1.20502488276039E-02
10	0	89.9	140	1.19649838856794E-02
Spec Polar [deg.]	Spec Azimuth [deg.]	Scatter Polar [deg.]	Scatter Azimuth [deg.]	BSDF (AOI=10, AZI=150) [1/sr]
10	0	0	150	5.98307660961705E-02
10	0	5	150	5.08453377854501E-02
10	0	10	150	4.18124656415257E-02
10	0	15	150	3.41625943341339E-02
10	0	20	150	0.028361639576147
10	0	25	150	2.42666310657412E-02
10	0	30	150	2.14939594137826E-02
10	0	35	150	1.96301102295891E-02
10	0	40	150	1.83171900648674E-02
10	0	45	150	1.72828892128162E-02
10	0	50	150	1.63522517434081E-02
10	0	55	150	1.54459382943354E-02
10	0	60	150	1.45603493197143E-02
10	0	65	150	1.37341737329761E-02
10	0	70	150	1.30152897540977E-02
10	0	75	150	1.24398966309625E-02
10	0	80	150	1.20264225721453E-02
10	0	85	150	1.17795107041436E-02
10	0	89.9	150	1.16976754539697E-02
Spec Polar [deg.]	Spec Azimuth [deg.]	Scatter Polar [deg.]	Scatter Azimuth [deg.]	BSDF (AOI=10, AZI=160) [1/sr]
10	0	0	160	5.98307660961705E-02
10	0	5	160	5.02947788426767E-02
10	0	10	160	4.10169127285326E-02
10	0	15	160	3.33499499886082E-02
10	0	20	160	2.76511766686959E-02
10	0	25	160	2.36971808805012E-02
10	0	30	160	2.10602287316695E-02
10	0	35	160	1.93065426418757E-02
10	0	40	160	1.80704128036776E-02
10	0	45	160	1.70791928209321E-02
10	0	50	160	1.61637255659606E-02
10	0	55	160	1.52548264824909E-02
10	0	60	160	1.43598552878117E-02
10	0	65	160	1.35256346052728E-02
10	0	70	160	1.28037072654944E-02
10	0	75	160	1.22300832784386E-02
10	0	80	160	1.18208662559056E-02
10	0	85	160	1.15779141820361E-02
10	0	89.9	160	1.14976521846945E-02
Spec Polar [deg.]	Spec Azimuth [deg.]	Scatter Polar [deg.]	Scatter Azimuth [deg.]	BSDF (AOI=10, AZI=170) [1/sr]
10	0	0	170	5.98307660961705E-02
10	0	5	170	4.99614960477846E-02
10	0	10	170	4.05395793081926E-02
10	0	15	170	3.28649983820004E-02
10	0	20	170	2.72279514968394E-02
10	0	25	170	2.33574353318387E-02
10	0	30	170	2.08004137580423E-02
10	0	35	170	1.91117224219436E-02
10	0	40	170	1.79212442775603E-02
10	0	45	170	1.69560837928657E-02
10	0	50	170	1.60503248543071E-02
10	0	55	170	1.51405256459527E-02
10	0	60	170	1.42402459323066E-02
10	0	65	170	1.34009189769514E-02
10	0	70	170	1.26762410054001E-02
10	0	75	170	1.21023137109641E-02
10	0	80	170	1.16942244925278E-02
10	0	85	170	1.14525776521711E-02
10	0	89.9	170	1.13728633746129E-02
Spec Polar [deg.]	Spec Azimuth [deg.]	Scatter Polar [deg.]	Scatter Azimuth [deg.]	BSDF (AOI=10, AZI=180) [1/sr]
10	0	0	180	5.98307660961705E-02
10	0	5	180	4.98499220950697E-02
10	0	10	180	0.040380490776147
10	0	15	180	3.27037993181693E-02
10	0	20	180	2.70873753597321E-02
10	0	25	180	2.32444731164684E-02
10	0	30	180	2.07138214910832E-02
10	0	35	180	1.90465923215533E-02
10	0	40	180	1.78712506863245E-02
10	0	45	180	1.69148124324079E-02
10	0	50	180	1.60123997831437E-02
10	0	55	180	1.51024204388817E-02
10	0	60	180	1.42004313963131E-02
10	0	65	180	1.33593540153874E-02
10	0	70	180	1.26335948769638E-02
10	0	75	180	1.20593234758171E-02
10	0	80	180	1.16513560987615E-02
10	0	85	180	1.14099535301496E-02
10	0	89.9	180	0.011330351185376
AOI	20	deg.
FRED TIS integral (0-1)	9.23529488406947E-02
Spec Polar [deg.]	Spec Azimuth [deg.]	Scatter Polar [deg.]	Scatter Azimuth [deg.]	BSDF (AOI=20, AZI=0) [1/sr]
20	0	0	0	4.24130871841969E-02
20	0	5	0	5.29634901166846E-02
20	0	10	0	6.35601770586833E-02
20	0	15	0	7.18160851408552E-02
20	0	20	0	7.58534137900109E-02
20	0	25	0	7.53971979844431E-02
20	0	30	0	7.17273782600946E-02
20	0	35	0	6.66969125157646E-02
20	0	40	0	6.18151029053294E-02
20	0	45	0	5.79319524419343E-02
20	0	50	0	5.53670002418286E-02
20	0	55	0	5.41516817889336E-02
20	0	60	0	5.42012504733294E-02
20	0	65	0	5.53759683486608E-02
20	0	70	0	5.74548781009437E-02
20	0	75	0	0.060071090773831
20	0	80	0	6.26780791218324E-02
20	0	85	0	6.46220740987511E-02
20	0	89.9	0	6.53440699481243E-02
Spec Polar [deg.]	Spec Azimuth [deg.]	Scatter Polar [deg.]	Scatter Azimuth [deg.]	BSDF (AOI=20, AZI=10) [1/sr]
20	0	0	10	4.24130871841969E-02
20	0	5	10	5.27552121818451E-02
20	0	10	10	6.30214109973172E-02
20	0	15	10	7.08598895088905E-02
20	0	20	10	7.44798069351752E-02
20	0	25	10	7.36984698886793E-02
20	0	30	10	6.98424582513414E-02
20	0	35	10	6.47549667929329E-02
20	0	40	10	5.99032355745854E-02
20	0	45	10	5.60893058220948E-02
20	0	50	10	5.35904255025538E-02
20	0	55	10	0.05240183781667
20	0	60	10	5.24075224636546E-02
20	0	65	10	5.34446067181513E-02
20	0	70	10	5.52861516315296E-02
20	0	75	10	0.057588776501791
20	0	80	10	5.98669379942556E-02
20	0	85	10	6.15562216577207E-02
20	0	89.9	10	6.21817079979928E-02
Spec Polar [deg.]	Spec Azimuth [deg.]	Scatter Polar [deg.]	Scatter Azimuth [deg.]	BSDF (AOI=20, AZI=20) [1/sr]
20	0	0	20	4.24130871841969E-02
20	0	5	20	5.21442301398916E-02
20	0	10	20	6.14635210201783E-02
20	0	15	20	6.81372524598765E-02
20	0	20	20	7.06280284569083E-02
20	0	25	20	6.90015848038735E-02
20	0	30	20	6.46921159150626E-02
20	0	35	20	5.94953904122946E-02
20	0	40	20	5.47529645576793E-02
20	0	45	20	5.11361478139794E-02
20	0	50	20	4.88140483839015E-02
20	0	55	20	4.76934623125452E-02
20	0	60	20	4.75839137783456E-02
20	0	65	20	4.82696645338088E-02
20	0	70	20	0.049515394424317
20	0	75	20	5.10427243718603E-02
20	0	80	20	5.25190425598014E-02
20	0	85	20	5.35938894008308E-02
20	0	89.9	20	5.39879559663057E-02
Spec Polar [deg.]	Spec Azimuth [deg.]	Scatter Polar [deg.]	Scatter Azimuth [deg.]	BSDF (AOI=20, AZI=30) [1/sr]
20	0	0	30	4.24130871841969E-02
20	0	5	30	5.11701986838949E-02
20	0	10	30	5.90483526681152E-02
20	0	15	30	6.40400936209999E-02
20	0	20	30	6.49994852550156E-02
20	0	25	30	6.23203929673926E-02
20	0	30	30	5.75294299601794E-02
20	0	35	30	5.23024159927675E-02
20	0	40	30	4.77811639040141E-02
20	0	45	30	4.44583310770069E-02
20	0	50	30	4.23723134994952E-02
20	0	55	30	4.13333475225712E-02
20	0	60	30	4.10751305994043E-02
20	0	65	30	0.041334018908339
20	0	70	30	4.18810954973617E-02
20	0	75	30	4.25270947109901E-02
20	0	80	30	4.31166533543423E-02
20	0	85	30	4.35263146582386E-02
20	0	89.9	30	0.043672767465217
Spec Polar [deg.]	Spec Azimuth [deg.]	Scatter Polar [deg.]	Scatter Azimuth [deg.]	BSDF (AOI=20, AZI=40) [1/sr]
20	0	0	40	4.24130871841969E-02
20	0	5	40	0.049893326934675
20	0	10	40	5.60060955293694E-02
20	0	15	40	5.90916182763859E-02
20	0	20	40	5.84759444724356E-02
20	0	25	40	5.48624048380333E-02
20	0	30	40	4.97812212670668E-02
20	0	35	40	4.47005235689959E-02
20	0	40	40	0.040516722260815
20	0	45	40	3.75389207340255E-02
20	0	50	40	3.56937093089537E-02
20	0	55	40	3.47240367029576E-02
20	0	60	40	3.43202034064485E-02
20	0	65	40	3.42013070650445E-02
20	0	70	40	3.41661531792297E-02
20	0	75	40	0.0341136852147
20	0	80	40	3.40299206605413E-02
20	0	85	40	3.39505607928399E-02
20	0	89.9	40	3.39181475845707E-02
Spec Polar [deg.]	Spec Azimuth [deg.]	Scatter Polar [deg.]	Scatter Azimuth [deg.]	BSDF (AOI=20, AZI=50) [1/sr]
20	0	0	50	4.24130871841969E-02
20	0	5	50	4.83869829252141E-02
20	0	10	50	5.25908855745468E-02
20	0	15	50	5.38158631266919E-02
20	0	20	50	5.18611475603783E-02
20	0	25	50	4.76369467308803E-02
20	0	30	50	4.25554488218471E-02
20	0	35	50	3.78094010702476E-02
20	0	40	50	3.40443251314849E-02
20	0	45	50	3.14151137679765E-02
20	0	50	50	2.97774515316134E-02
20	0	55	50	2.88504881902006E-02
20	0	60	50	2.83239671806976E-02
20	0	65	50	2.79348710667211E-02
20	0	70	50	2.75237109954918E-02
20	0	75	50	2.70561399505279E-02
20	0	80	50	2.65985104910772E-02
20	0	85	50	2.62608076922428E-02
20	0	89.9	50	2.61363873033314E-02
Spec Polar [deg.]	Spec Azimuth [deg.]	Scatter Polar [deg.]	Scatter Azimuth [deg.]	BSDF (AOI=20, AZI=60) [1/sr]
20	0	0	60	4.24130871841969E-02
20	0	5	60	4.67296980868356E-02
20	0	10	60	4.90406556212118E-02
20	0	15	60	4.86403221323144E-02
20	0	20	60	4.57245545784383E-02
20	0	25	60	0.041266453707684
20	0	30	60	3.64537047860405E-02
20	0	35	60	3.21772380395583E-02
20	0	40	60	0.028859945773536
20	0	45	60	2.65473488948945E-02
20	0	50	60	2.50669703826722E-02
20	0	55	60	2.41528518826149E-02
20	0	60	60	2.35293261434356E-02
20	0	65	60	2.29762542003402E-02
20	0	70	60	0.022378061847484
20	0	75	60	2.17380528864969E-02
20	0	80	60	2.11478534312282E-02
20	0	85	60	2.07291029084709E-02
20	0	89.9	60	2.05777207173793E-02
Spec Polar [deg.]	Spec Azimuth [deg.]	Scatter Polar [deg.]	Scatter Azimuth [deg.]	BSDF (AOI=20, AZI=70) [1/sr]
20	0	0	70	4.24130871841969E-02
20	0	5	70	4.49980011615388E-02
20	0	10	70	4.55502986283859E-02
20	0	15	70	4.38527527957003E-02
20	0	20	70	4.03694174022328E-02
20	0	25	70	3.59986022703934E-02
20	0	30	70	3.16410933856464E-02
20	0	35	70	2.78984784631212E-02
20	0	40	70	2.50148605256701E-02
20	0	45	70	2.29693352506897E-02
20	0	50	70	2.15946235376252E-02
20	0	55	70	2.06662914904165E-02
20	0	60	70	1.99648377094184E-02
20	0	65	70	1.93247196459935E-02
20	0	70	70	1.86684789293727E-02
20	0	75	70	1.80119238944956E-02
20	0	80	70	0.017435735698519
20	0	85	70	1.70390084213641E-02
20	0	89.9	70	1.68975658993231E-02
Spec Polar [deg.]	Spec Azimuth [deg.]	Scatter Polar [deg.]	Scatter Azimuth [deg.]	BSDF (AOI=20, AZI=80) [1/sr]
20	0	0	80	4.24130871841969E-02
20	0	5	80	4.32610496936229E-02
20	0	10	80	4.22605824364741E-02
20	0	15	80	3.96052451132544E-02
20	0	20	80	3.58835129366741E-02
20	0	25	80	3.18198314357628E-02
20	0	30	80	2.80137145314569E-02
20	0	35	80	2.48131274081135E-02
20	0	40	80	2.23258402238066E-02
20	0	45	80	2.04960197706923E-02
20	0	50	80	1.91828793707894E-02
20	0	55	80	1.82188165626881E-02
20	0	60	80	1.74504113424292E-02
20	0	65	80	1.67684848092993E-02
20	0	70	80	1.61252707244047E-02
20	0	75	80	0.015532737234386
20	0	80	80	1.50423658961401E-02
20	0	85	80	1.47162479842666E-02
20	0	89.9	80	0.014601792418523
Spec Polar [deg.]	Spec Azimuth [deg.]	Scatter Polar [deg.]	Scatter Azimuth [deg.]	BSDF (AOI=20, AZI=90) [1/sr]
20	0	0	90	4.24130871841969E-02
20	0	5	90	4.15774380665528E-02
20	0	10	90	3.92599916733141E-02
20	0	15	90	3.59451445701988E-02
20	0	20	90	3.22179279300087E-02
20	0	25	90	0.028578662366567
20	0	30	90	2.53475641331275E-02
20	0	35	90	2.26625115431508E-02
20	0	40	90	2.05274791336848E-02
20	0	45	90	1.88698825013691E-02
20	0	50	90	1.75861668372284E-02
20	0	55	90	1.65723516534193E-02
20	0	60	90	1.57429263089666E-02
20	0	65	90	1.50410351641643E-02
20	0	70	90	1.44408500669788E-02
20	0	75	90	1.39427378228889E-02
20	0	80	90	0.013563369938638
20	0	85	90	1.33243323027507E-02
20	0	89.9	90	1.32425856860843E-02
Spec Polar [deg.]	Spec Azimuth [deg.]	Scatter Polar [deg.]	Scatter Azimuth [deg.]	BSDF (AOI=20, AZI=100) [1/sr]
20	0	0	100	4.24130871841969E-02
20	0	5	100	3.99940455496808E-02
20	0	10	100	3.65943351847133E-02
20	0	15	100	3.28532886761799E-02
20	0	20	100	2.92580460513661E-02
20	0	25	100	0.026076698811506
20	0	30	100	2.33927270396221E-02
20	0	35	100	0.0211765115539
20	0	40	100	0.019350602385955
20	0	45	100	1.78333530012476E-02
20	0	50	100	1.65609648542757E-02
20	0	55	100	1.54930559687236E-02
20	0	60	100	1.46079593618014E-02
20	0	65	100	1.38938731596853E-02
20	0	70	100	0.013340805009877
20	0	75	100	1.29360994228155E-02
20	0	80	100	1.26640997106012E-02
20	0	85	100	1.25089415556596E-02
20	0	89.9	100	1.24587208527997E-02
Spec Polar [deg.]	Spec Azimuth [deg.]	Scatter Polar [deg.]	Scatter Azimuth [deg.]	BSDF (AOI=20, AZI=110) [1/sr]
20	0	0	110	4.24130871841969E-02
20	0	5	110	3.85464618636657E-02
20	0	10	110	3.42791582746577E-02
20	0	15	110	3.02774953466621E-02
20	0	20	110	2.68736419117612E-02
20	0	25	110	2.41232986529851E-02
20	0	30	110	2.19231309060009E-02
20	0	35	110	2.01149275190651E-02
20	0	40	110	1.85562843296594E-02
20	0	45	110	1.71583635199833E-02
20	0	50	110	1.58934778739833E-02
20	0	55	110	1.47784073962696E-02
20	0	60	110	0.013846113666649
20	0	65	110	1.31204821715296E-02
20	0	70	110	1.26026533864167E-02
20	0	75	110	1.22694597420227E-02
20	0	80	110	1.20805862642446E-02
20	0	85	110	1.19910362661802E-02
20	0	89.9	110	1.19656341954583E-02
Spec Polar [deg.]	Spec Azimuth [deg.]	Scatter Polar [deg.]	Scatter Azimuth [deg.]	BSDF (AOI=20, AZI=120) [1/sr]
20	0	0	120	4.24130871841969E-02
20	0	5	120	3.72604097305994E-02
20	0	10	120	0.032311494302716
20	0	15	120	2.81565960817216E-02
20	0	20	120	2.49485053655884E-02
20	0	25	120	2.25640685186513E-02
20	0	30	120	0.020761504642111
20	0	35	120	1.92890741054719E-02
20	0	40	120	1.79545509221423E-02
20	0	45	120	1.66623314284246E-02
20	0	50	120	1.54130121513053E-02
20	0	55	120	1.42682155743324E-02
20	0	60	120	1.33018286970391E-02
20	0	65	120	1.25626619176852E-02
20	0	70	120	1.20592123892414E-02
20	0	75	120	1.17623087595334E-02
20	0	80	120	1.16176693685586E-02
20	0	85	120	1.15637496045019E-02
20	0	89.9	120	1.15519477471205E-02
Spec Polar [deg.]	Spec Azimuth [deg.]	Scatter Polar [deg.]	Scatter Azimuth [deg.]	BSDF (AOI=20, AZI=130) [1/sr]
20	0	0	130	4.24130871841969E-02
20	0	5	130	3.61536255229888E-02
20	0	10	130	3.06791761793309E-02
20	0	15	130	2.64348685635663E-02
20	0	20	130	0.023394402796089
20	0	25	130	2.12926422601263E-02
20	0	30	130	1.97911417790566E-02
20	0	35	130	1.85755358256687E-02
20	0	40	130	1.74195665724508E-02
20	0	45	130	1.62223986737873E-02
20	0	50	130	1.50031926340019E-02
20	0	55	130	1.38522965954549E-02
20	0	60	130	0.012868212282088
20	0	65	130	0.012113616745729
20	0	70	130	0.011601347785764
20	0	75	130	1.13013485912402E-02
20	0	80	130	0.01115681570139
20	0	85	130	1.11039119774233E-02
20	0	89.9	130	1.10926058870877E-02
Spec Polar [deg.]	Spec Azimuth [deg.]	Scatter Polar [deg.]	Scatter Azimuth [deg.]	BSDF (AOI=20, AZI=140) [1/sr]
20	0	0	140	4.24130871841969E-02
20	0	5	140	3.52377882567015E-02
20	0	10	140	2.93672280960876E-02
20	0	15	140	0.025068715699085
20	0	20	140	2.21541101931573E-02
20	0	25	140	0.020250806689806
20	0	30	140	1.89568203205183E-02
20	0	35	140	1.79206875699137E-02
20	0	40	140	1.68974579805099E-02
20	0	45	140	1.57839403868415E-02
20	0	50	140	1.46086412743693E-02
20	0	55	140	1.34744363196056E-02
20	0	60	140	1.24887611089043E-02
20	0	65	140	1.17184315798533E-02
20	0	70	140	1.11784889275086E-02
20	0	75	140	0.01084266091468
20	0	80	140	0.010661351841681
20	0	85	140	1.05804437739206E-02
20	0	89.9	140	1.05586283880242E-02
Spec Polar [deg.]	Spec Azimuth [deg.]	Scatter Polar [deg.]	Scatter Azimuth [deg.]	BSDF (AOI=20, AZI=150) [1/sr]
20	0	0	150	4.24130871841969E-02
20	0	5	150	3.45202394615449E-02
20	0	10	150	2.83616395761469E-02
20	0	15	150	2.40279590371594E-02
20	0	20	150	0.021197356726349
20	0	25	150	1.94198513872745E-02
20	0	30	150	0.018254355245132
20	0	35	150	1.73311160726608E-02
20	0	40	150	1.63987585494008E-02
20	0	45	150	1.53546824546398E-02
20	0	50	150	1.42298778976049E-02
20	0	55	150	1.31273511064611E-02
20	0	60	150	1.21518308997415E-02
20	0	65	150	1.13674789643858E-02
20	0	70	150	1.07903410813395E-02
20	0	75	150	1.04011579305248E-02
20	0	80	150	1.01634332672959E-02
20	0	85	150	1.00393094650796E-02
20	0	89.9	150	1.00012797013502E-02
Spec Polar [deg.]	Spec Azimuth [deg.]	Scatter Polar [deg.]	Scatter Azimuth [deg.]	BSDF (AOI=20, AZI=160) [1/sr]
20	0	0	160	4.24130871841969E-02
20	0	5	160	3.40053697209798E-02
20	0	10	160	2.76511766686959E-02
20	0	15	160	2.32939967299761E-02
20	0	20	160	2.05130175224654E-02
20	0	25	160	1.88065549008997E-02
20	0	30	160	1.77113493782153E-02
20	0	35	160	1.68510170277114E-02
20	0	40	160	1.59750053028352E-02
20	0	45	160	1.49829945449266E-02
20	0	50	160	1.39047540958001E-02
20	0	55	160	1.28370940952497E-02
20	0	60	160	1.18764781453503E-02
20	0	65	160	1.10814199796862E-02
20	0	70	160	1.04684757468827E-02
20	0	75	160	1.00263123890725E-02
20	0	80	160	9.73252886520996E-03
20	0	85	160	9.56574095935079E-03
20	0	89.9	160	9.51178478358841E-03
Spec Polar [deg.]	Spec Azimuth [deg.]	Scatter Polar [deg.]	Scatter Azimuth [deg.]	BSDF (AOI=20, AZI=170) [1/sr]
20	0	0	170	4.24130871841969E-02
20	0	5	170	0.033695642383437
20	0	10	170	2.72279514968394E-02
20	0	15	170	2.28566936926135E-02
20	0	20	170	2.01004984722251E-02
20	0	25	170	1.84281478128976E-02
20	0	30	170	1.73654482023289E-02
20	0	35	170	0.016534817900246
20	0	40	170	0.015688635448018
20	0	45	170	1.47288323403871E-02
20	0	50	170	1.36831498287625E-02
20	0	55	170	1.26418894867926E-02
20	0	60	170	1.16937191950912E-02
20	0	65	170	1.08921008962053E-02
20	0	70	170	1.02539030806151E-02
20	0	75	170	9.77397962860217E-03
20	0	80	170	9.44046253280435E-03
20	0	85	170	9.24368867072924E-03
20	0	89.9	170	9.17860115370703E-03
Spec Polar [deg.]	Spec Azimuth [deg.]	Scatter Polar [deg.]	Scatter Azimuth [deg.]	BSDF (AOI=20, AZI=180) [1/sr]
20	0	0	180	4.24130871841969E-02
20	0	5	180	3.35922781587066E-02
20	0	10	180	2.70873753597321E-02
20	0	15	180	2.27113650465279E-02
20	0	20	180	1.99625170347095E-02
20	0	25	180	1.83000232823816E-02
20	0	30	180	1.72464473779687E-02
20	0	35	180	1.64242905582162E-02
20	0	40	180	1.55873367698863E-02
20	0	45	180	1.46384254044744E-02
20	0	50	180	1.36043985671621E-02
20	0	55	180	1.25729020367997E-02
20	0	60	180	1.16295063250563E-02
20	0	65	180	1.08256979581044E-02
20	0	70	180	1.01784628187372E-02
20	0	75	180	9.68498564827525E-03
20	0	80	180	9.33726954006252E-03
20	0	85	180	9.12983906736773E-03
20	0	89.9	180	9.06080964249934E-03
AOI	30	deg.
FRED TIS integral (0-1)	0.1015759442125
Spec Polar [deg.]	Spec Azimuth [deg.]	Scatter Polar [deg.]	Scatter Azimuth [deg.]	BSDF (AOI=30, AZI=0) [1/sr]
30	0	0	0	0.029398599594643
30	0	5	0	3.69147181184124E-02
30	0	10	0	4.68434819453702E-02
30	0	15	0	5.87984015098772E-02
30	0	20	0	7.17273782600947E-02
30	0	25	0	8.40466932501494E-02
30	0	30	0	9.40204505011836E-02
30	0	35	0	0.10026772650858
30	0	40	0	0.10228354217531
30	0	45	0	0.100788551206582
30	0	50	0	9.76422404400787E-02
30	0	55	0	9.52882701143191E-02
30	0	60	0	9.61075977734471E-02
30	0	65	0	0.102041946427526
30	0	70	0	0.114339470959972
30	0	75	0	0.132854836950856
30	0	80	0	0.154659588100155
30	0	85	0	0.173200013678108
30	0	89.9	0	0.180605636548028
Spec Polar [deg.]	Spec Azimuth [deg.]	Scatter Polar [deg.]	Scatter Azimuth [deg.]	BSDF (AOI=30, AZI=10) [1/sr]
30	0	0	10	0.029398599594643
30	0	5	10	3.67636611783089E-02
30	0	10	10	4.63773655070473E-02
30	0	15	10	0.057769705869943
30	0	20	10	6.98424582513414E-02
30	0	25	10	8.10617331470513E-02
30	0	30	10	8.98651584696507E-02
30	0	35	10	9.51232191389128E-02
30	0	40	10	9.65414857777772E-02
30	0	45	10	9.48856157642455E-02
30	0	50	10	9.18592058492224E-02
30	0	55	10	8.96271422330711E-02
30	0	60	10	0.090275439794881
30	0	65	10	9.54828450511531E-02
30	0	70	10	0.106276471068465
30	0	75	10	0.122418261511358
30	0	80	10	0.141265719961144
30	0	85	10	0.157170213266438
30	0	89.9	10	0.163494818702059
Spec Polar [deg.]	Spec Azimuth [deg.]	Scatter Polar [deg.]	Scatter Azimuth [deg.]	BSDF (AOI=30, AZI=20) [1/sr]
30	0	0	20	0.029398599594643
30	0	5	20	3.63223304437486E-02
30	0	10	20	4.50428885097647E-02
30	0	15	20	5.48909224223763E-02
30	0	20	20	6.46921159150626E-02
30	0	25	20	7.30938491323952E-02
30	0	30	20	7.90020657028704E-02
30	0	35	20	0.081893259380585
30	0	40	20	8.19320895742717E-02
30	0	45	20	0.079939810389259
30	0	50	20	7.72247007703251E-02
30	0	55	20	7.52902209599726E-02
30	0	60	20	7.55315555902184E-02
30	0	65	20	0.07902321926242
30	0	70	20	8.63183655161393E-02
30	0	75	20	9.70420915946232E-02
30	0	80	20	0.109274112413245
30	0	85	20	0.119381447086934
30	0	89.9	20	0.123351520327738
Spec Polar [deg.]	Spec Azimuth [deg.]	Scatter Polar [deg.]	Scatter Azimuth [deg.]	BSDF (AOI=30, AZI=30) [1/sr]
30	0	0	30	0.029398599594643
30	0	5	30	3.56242977706478E-02
30	0	10	30	4.30136114206579E-02
30	0	15	30	0.050700955101976
30	0	20	30	5.75294299601793E-02
30	0	25	30	6.24898714828399E-02
30	0	30	30	6.50975572257227E-02
30	0	35	30	6.54685039337128E-02
30	0	40	30	6.41508407341647E-02
30	0	45	30	6.19123871303332E-02
30	0	50	30	0.059590809614193
30	0	55	30	5.79918541908998E-02
30	0	60	30	5.78019320517292E-02
30	0	65	30	5.95001199550669E-02
30	0	70	30	6.32378489673906E-02
30	0	75	30	6.86451876643694E-02
30	0	80	30	7.46268451801997E-02
30	0	85	30	7.94280460788097E-02
30	0	89.9	30	8.12816302758726E-02
Spec Polar [deg.]	Spec Azimuth [deg.]	Scatter Polar [deg.]	Scatter Azimuth [deg.]	BSDF (AOI=30, AZI=40) [1/sr]
30	0	0	40	0.029398599594643
30	0	5	40	3.47195638979244E-02
30	0	10	40	4.05268307289357E-02
30	0	15	40	4.58733940093721E-02
30	0	20	40	4.97812212670667E-02
30	0	25	40	5.16875846154298E-02
30	0	30	40	5.16563545917296E-02
30	0	35	40	5.02230590057167E-02
30	0	40	40	4.80727526970563E-02
30	0	45	40	0.045803980486686
30	0	50	40	4.38557056987277E-02
30	0	55	40	4.25302685430047E-02
30	0	60	40	4.20268125574891E-02
30	0	65	40	4.24417844305548E-02
30	0	70	40	0.04373119853007
30	0	75	40	4.56536188163586E-02
30	0	80	40	4.77414818815559E-02
30	0	85	40	4.93745209420079E-02
30	0	89.9	40	4.99945312526276E-02
Spec Polar [deg.]	Spec Azimuth [deg.]	Scatter Polar [deg.]	Scatter Azimuth [deg.]	BSDF (AOI=30, AZI=50) [1/sr]
30	0	0	50	0.029398599594643
30	0	5	50	3.36673088049112E-02
30	0	10	50	3.78290748443662E-02
30	0	15	50	4.10167188839771E-02
30	0	20	50	4.25554488218471E-02
30	0	25	50	4.23024931992198E-02
30	0	30	50	4.06661501507188E-02
30	0	35	50	3.83210787497258E-02
30	0	40	50	3.58842383063862E-02
30	0	45	50	3.37513548376937E-02
30	0	50	50	3.20978876490947E-02
30	0	55	50	3.09532757689921E-02
30	0	60	50	0.03027416433356
30	0	65	50	2.99875413708148E-02
30	0	70	50	3.00046014125302E-02
30	0	75	50	3.02192821485813E-02
30	0	80	50	0.030508634467541
30	0	85	50	3.07476963928314E-02
30	0	89.9	50	3.08396281630631E-02
Spec Polar [deg.]	Spec Azimuth [deg.]	Scatter Polar [deg.]	Scatter Azimuth [deg.]	BSDF (AOI=30, AZI=60) [1/sr]
30	0	0	60	0.029398599594643
30	0	5	60	3.25284301580017E-02
30	0	10	60	0.035132089086049
30	0	15	60	3.65559616969441E-02
30	0	20	60	3.64537047860404E-02
30	0	25	60	3.49673695363462E-02
30	0	30	60	3.26188894419751E-02
30	0	35	60	3.00213558273953E-02
30	0	40	60	2.76380667704228E-02
30	0	45	60	0.025700523740895
30	0	50	60	2.42465406626972E-02
30	0	55	60	2.31986786257994E-02
30	0	60	60	2.24359851950776E-02
30	0	65	60	2.18457712069535E-02
30	0	70	60	2.13540500207596E-02
30	0	75	60	2.09346162638569E-02
30	0	80	60	2.05996394526195E-02
30	0	85	60	2.03796355607909E-02
30	0	89.9	60	2.03026571865999E-02
Spec Polar [deg.]	Spec Azimuth [deg.]	Scatter Polar [deg.]	Scatter Azimuth [deg.]	BSDF (AOI=30, AZI=70) [1/sr]
30	0	0	70	0.029398599594643
30	0	5	70	3.13593495405969E-02
30	0	10	70	3.25892743722985E-02
30	0	15	70	0.032710952980221
30	0	20	70	3.16410933856464E-02
30	0	25	70	2.96383123335149E-02
30	0	30	70	2.71659806929063E-02
30	0	35	70	2.46823012592293E-02
30	0	40	70	2.24966935863377E-02
30	0	45	70	2.07378779301282E-02
30	0	50	70	1.93945938832428E-02
30	0	55	70	0.018376955526213
30	0	60	70	1.75716236246957E-02
30	0	65	70	1.68837771697677E-02
30	0	70	70	1.62629036895415E-02
30	0	75	70	1.57087119652334E-02
30	0	80	70	1.52579365583719E-02
30	0	85	70	1.49604931076343E-02
30	0	89.9	70	1.48563924260953E-02
Spec Polar [deg.]	Spec Azimuth [deg.]	Scatter Polar [deg.]	Scatter Azimuth [deg.]	BSDF (AOI=30, AZI=80) [1/sr]
30	0	0	80	0.029398599594643
30	0	5	80	0.03020793725313
30	0	10	80	3.02921300554515E-02
30	0	15	80	2.95369822676567E-02
30	0	20	80	2.80137145314569E-02
30	0	25	80	2.59605560414639E-02
30	0	30	80	2.36907289519195E-02
30	0	35	80	2.14862114395891E-02
30	0	40	80	1.95321551679752E-02
30	0	45	80	1.79057226055927E-02
30	0	50	80	1.66005576150105E-02
30	0	55	80	1.55627210177338E-02
30	0	60	80	1.47236914470239E-02
30	0	65	80	1.40250486520766E-02
30	0	70	80	0.01343284616444
30	0	75	80	1.29407502677465E-02
30	0	80	80	1.25632971839549E-02
30	0	85	80	1.23236390765207E-02
30	0	89.9	80	1.22413001904139E-02
Spec Polar [deg.]	Spec Azimuth [deg.]	Scatter Polar [deg.]	Scatter Azimuth [deg.]	BSDF (AOI=30, AZI=90) [1/sr]
30	0	0	90	0.029398599594643
30	0	5	90	2.91117090476566E-02
30	0	10	90	2.82800755886699E-02
30	0	15	90	2.69854352655634E-02
30	0	20	90	2.53475641331275E-02
30	0	25	90	2.35042563220234E-02
30	0	30	90	0.021590936064458
30	0	35	90	1.97243287810678E-02
30	0	40	90	1.79927613085167E-02
30	0	45	90	1.64533854574907E-02
30	0	50	90	1.51348229300923E-02
30	0	55	90	1.40429210734247E-02
30	0	60	90	1.31674587196869E-02
30	0	65	90	1.24883565544965E-02
30	0	70	90	1.19807670504902E-02
30	0	75	90	1.16190279001755E-02
30	0	80	90	1.13797417123577E-02
30	0	85	90	1.12442318991525E-02
30	0	89.9	90	1.12004673646414E-02
Spec Polar [deg.]	Spec Azimuth [deg.]	Scatter Polar [deg.]	Scatter Azimuth [deg.]	BSDF (AOI=30, AZI=100) [1/sr]
30	0	0	100	0.029398599594643
30	0	5	100	2.80979210124862E-02
30	0	10	100	0.026556000558068
30	0	15	100	2.49578120921608E-02
30	0	20	100	2.33927270396221E-02
30	0	25	100	2.18697406569803E-02
30	0	30	100	2.03580664990316E-02
30	0	35	100	1.88319089701414E-02
30	0	40	100	1.73014930034436E-02
30	0	45	100	1.58192090239838E-02
30	0	50	100	1.44620887583797E-02
30	0	55	100	1.33039503492058E-02
30	0	60	100	1.23929157517087E-02
30	0	65	100	1.17419159068233E-02
30	0	70	100	1.13303040128291E-02
30	0	75	100	1.11114098580941E-02
30	0	80	100	1.10232848268244E-02
30	0	85	100	1.10027238597592E-02
30	0	89.9	100	1.10018511196273E-02
Spec Polar [deg.]	Spec Azimuth [deg.]	Scatter Polar [deg.]	Scatter Azimuth [deg.]	BSDF (AOI=30, AZI=110) [1/sr]
30	0	0	110	0.029398599594643
30	0	5	110	2.71849278432168E-02
30	0	10	110	2.51018958301463E-02
30	0	15	110	2.33442459258667E-02
30	0	20	110	2.19231309060009E-02
30	0	25	110	2.07236805796082E-02
30	0	30	110	1.95805042602743E-02
30	0	35	110	1.83552908166226E-02
30	0	40	110	1.69973553025861E-02
30	0	45	110	1.55610357898827E-02
30	0	50	110	1.41712975908096E-02
30	0	55	110	1.29626902981936E-02
30	0	60	110	1.20298757744132E-02
30	0	65	110	0.01140831642882
30	0	70	110	1.10780698699327E-02
30	0	75	110	1.09761903175077E-02
30	0	80	110	1.10116528682907E-02
30	0	85	110	1.10858203644755E-02
30	0	89.9	110	1.11205315038068E-02
Spec Polar [deg.]	Spec Azimuth [deg.]	Scatter Polar [deg.]	Scatter Azimuth [deg.]	BSDF (AOI=30, AZI=120) [1/sr]
30	0	0	120	0.029398599594643
30	0	5	120	2.63841467023209E-02
30	0	10	120	2.38915443359101E-02
30	0	15	120	2.20473515293047E-02
30	0	20	120	2.07615046421109E-02
30	0	25	120	1.98151674393782E-02
30	0	30	120	1.89472605955511E-02
30	0	35	120	1.79444866284285E-02
30	0	40	120	1.67191395919787E-02
30	0	45	120	1.53326496144843E-02
30	0	50	120	1.39453760315976E-02
30	0	55	120	1.27295660486237E-02
30	0	60	120	1.18032624521605E-02
30	0	65	120	1.12093159510506E-02
30	0	70	120	1.09247474755899E-02
30	0	75	120	1.08781042785545E-02
30	0	80	120	1.09668655075401E-02
30	0	85	120	1.10799075111407E-02
30	0	89.9	120	1.11288981156801E-02
Spec Polar [deg.]	Spec Azimuth [deg.]	Scatter Polar [deg.]	Scatter Azimuth [deg.]	BSDF (AOI=30, AZI=130) [1/sr]
30	0	0	130	0.029398599594643
30	0	5	130	2.57020956655425E-02
30	0	10	130	2.28992265228616E-02
30	0	15	130	0.020994672081104
30	0	20	130	1.97911417790566E-02
30	0	25	130	1.89888948209719E-02
30	0	30	130	1.82692571347746E-02
30	0	35	130	1.73855230418057E-02
30	0	40	130	1.62434210888409E-02
30	0	45	130	1.49173066020228E-02
30	0	50	130	1.35828929650384E-02
30	0	55	130	1.24173695485234E-02
30	0	60	130	1.15328194363783E-02
30	0	65	130	1.09620988819862E-02
30	0	70	130	0.010675141240507
30	0	75	130	1.06010560371475E-02
30	0	80	130	1.06478773304188E-02
30	0	85	130	1.07230508157378E-02
30	0	89.9	130	1.07567995945457E-02
Spec Polar [deg.]	Spec Azimuth [deg.]	Scatter Polar [deg.]	Scatter Azimuth [deg.]	BSDF (AOI=30, AZI=140) [1/sr]
30	0	0	140	0.029398599594643
30	0	5	140	2.51421620992994E-02
30	0	10	140	2.21045335337976E-02
30	0	15	140	0.020142342018588
30	0	20	140	1.89568203205183E-02
30	0	25	140	1.81888352503301E-02
30	0	30	140	1.74943901639493E-02
30	0	35	140	0.016630594712643
30	0	40	140	1.55244006126717E-02
30	0	45	140	1.42669389615526E-02
30	0	50	140	1.30291428510006E-02
30	0	55	140	1.19630859150022E-02
30	0	60	140	0.011149281055158
30	0	65	140	1.05958693923626E-02
30	0	70	140	1.02630225562307E-02
30	0	75	140	1.00898620545389E-02
30	0	80	140	1.00151445753055E-02
30	0	85	140	9.99026885533153E-03
30	0	89.9	140	9.98529502284724E-03
Spec Polar [deg.]	Spec Azimuth [deg.]	Scatter Polar [deg.]	Scatter Azimuth [deg.]	BSDF (AOI=30, AZI=150) [1/sr]
30	0	0	150	0.029398599594643
30	0	5	150	2.47059382710983E-02
30	0	10	150	2.14939594137826E-02
30	0	15	150	1.94719780040591E-02
30	0	20	150	0.018254355245132
30	0	25	150	1.74416046943667E-02
30	0	30	150	1.66876898577157E-02
30	0	35	150	1.57776628504411E-02
30	0	40	150	1.46747641305051E-02
30	0	45	150	1.34858683864819E-02
30	0	50	150	1.23637831746651E-02
30	0	55	150	1.14191486790714E-02
30	0	60	150	1.06878760653054E-02
30	0	65	150	1.01461312067778E-02
30	0	70	150	9.74449648745543E-03
30	0	75	150	9.43985648979121E-03
30	0	80	150	9.21301350803543E-03
30	0	85	150	9.06785551155912E-03
30	0	89.9	150	9.01733405068786E-03
Spec Polar [deg.]	Spec Azimuth [deg.]	Scatter Polar [deg.]	Scatter Azimuth [deg.]	BSDF (AOI=30, AZI=160) [1/sr]
30	0	0	160	0.029398599594643
30	0	5	160	0.024394104850504
30	0	10	160	2.10602287316695E-02
30	0	15	160	1.89831061249422E-02
30	0	20	160	1.77113493782153E-02
30	0	25	160	1.68211462877086E-02
30	0	30	160	1.59767634079115E-02
30	0	35	160	1.49982764138374E-02
30	0	40	160	1.38848435453399E-02
30	0	45	160	1.27540971851137E-02
30	0	50	160	1.17371900866002E-02
30	0	55	160	1.09036094829433E-02
30	0	60	160	1.02465935365468E-02
30	0	65	160	9.71222910533203E-03
30	0	70	160	9.2440600286718E-03
30	0	75	160	8.81944704846064E-03
30	0	80	160	8.46005764764373E-03
30	0	85	160	8.2141084942244E-03
30	0	89.9	160	8.12628778440426E-03
Spec Polar [deg.]	Spec Azimuth [deg.]	Scatter Polar [deg.]	Scatter Azimuth [deg.]	BSDF (AOI=30, AZI=170) [1/sr]
30	0	0	170	0.029398599594643
30	0	5	170	0.024206935281145
30	0	10	170	2.08004137580423E-02
30	0	15	170	1.86839227060737E-02
30	0	20	170	1.73654482023289E-02
30	0	25	170	1.64090437215264E-02
30	0	30	170	1.54906704141351E-02
30	0	35	170	1.44575831175571E-02
30	0	40	170	1.33335975275267E-02
30	0	45	170	1.22416132329144E-02
30	0	50	170	1.12962499946343E-02
30	0	55	170	1.05383319153652E-02
30	0	60	170	9.93164425851367E-03
30	0	65	170	9.40147756043136E-03
30	0	70	170	8.88753708567565E-03
30	0	75	170	8.38337473734945E-03
30	0	80	170	7.93939624447666E-03
30	0	85	170	7.63135387215602E-03
30	0	89.9	170	7.5210470669509E-03
Spec Polar [deg.]	Spec Azimuth [deg.]	Scatter Polar [deg.]	Scatter Azimuth [deg.]	BSDF (AOI=30, AZI=180) [1/sr]
30	0	0	180	0.029398599594643
30	0	5	180	2.41445358530049E-02
30	0	10	180	2.07138214910832E-02
30	0	15	180	1.85830278053681E-02
30	0	20	180	1.72464473779687E-02
30	0	25	180	0.016264590001189
30	0	30	180	1.53183236213147E-02
30	0	35	180	1.42649677571221E-02
30	0	40	180	1.31369234878086E-02
30	0	45	180	1.20585171212867E-02
30	0	50	180	1.11382831995892E-02
30	0	55	180	1.04069439881166E-02
30	0	60	180	9.81791617793399E-03
30	0	65	180	9.28913967995841E-03
30	0	70	180	8.75916543092713E-03
30	0	75	180	8.22766785124845E-03
30	0	80	180	7.75527617022651E-03
30	0	85	180	7.42683045152903E-03
30	0	89.9	180	7.30923663474443E-03
AOI	40	deg.
FRED TIS integral (0-1)	0.113654661420373
Spec Polar [deg.]	Spec Azimuth [deg.]	Scatter Polar [deg.]	Scatter Azimuth [deg.]	BSDF (AOI=40, AZI=0) [1/sr]
40	0	0	0	2.29210390408959E-02
40	0	5	0	2.79157187212221E-02
40	0	10	0	3.55434725898912E-02
40	0	15	0	4.66357275506931E-02
40	0	20	0	6.18151029053294E-02
40	0	25	0	8.09231652465236E-02
40	0	30	0	0.10228354217531
40	0	35	0	0.122463952752146
40	0	40	0	0.137478646015993
40	0	45	0	0.145310056753195
40	0	50	0	0.147743550384597
40	0	55	0	0.149767546014132
40	0	60	0	0.157563468844883
40	0	65	0	0.177244893787278
40	0	70	0	0.214415354411247
40	0	75	0	0.272099330851603
40	0	80	0	0.344488909896227
40	0	85	0	0.409921303078111
40	0	89.9	0	0.437026673338251
Spec Polar [deg.]	Spec Azimuth [deg.]	Scatter Polar [deg.]	Scatter Azimuth [deg.]	BSDF (AOI=40, AZI=10) [1/sr]
40	0	0	10	2.29210390408959E-02
40	0	5	10	2.78113475211775E-02
40	0	10	10	0.035183017866291
40	0	15	10	4.57322411922898E-02
40	0	20	10	5.99032355745854E-02
40	0	25	10	7.73879432662042E-02
40	0	30	10	9.65414857777771E-02
40	0	35	10	0.114285930678593
40	0	40	10	0.127228602163293
40	0	45	10	0.133790147864537
40	0	50	10	0.135660723106518
40	0	55	10	0.137219615875344
40	0	60	10	0.143807066451534
40	0	65	10	0.160604588353028
40	0	70	10	0.192161514255166
40	0	75	10	0.240602115810104
40	0	80	10	0.30062441531581
40	0	85	10	0.354283169709996
40	0	89.9	10	0.376370019522567
Spec Polar [deg.]	Spec Azimuth [deg.]	Scatter Polar [deg.]	Scatter Azimuth [deg.]	BSDF (AOI=40, AZI=20) [1/sr]
40	0	0	20	2.29210390408959E-02
40	0	5	20	0.027507320106822
40	0	10	20	3.41570309616266E-02
40	0	15	20	4.32273591348415E-02
40	0	20	20	5.47529645576792E-02
40	0	25	20	6.81413669480721E-02
40	0	30	20	8.19320895742716E-02
40	0	35	20	9.39521605449387E-02
40	0	40	20	0.102158167378368
40	0	45	20	0.105881408026318
40	0	50	20	0.106521168416863
40	0	55	20	0.10706084042184
40	0	60	20	0.110969232954848
40	0	65	20	0.121426689275941
40	0	70	20	0.140873150439873
40	0	75	20	0.169873779714448
40	0	80	20	0.204580089652094
40	0	85	20	0.234675773508622
40	0	89.9	20	0.246846533022344
Spec Polar [deg.]	Spec Azimuth [deg.]	Scatter Polar [deg.]	Scatter Azimuth [deg.]	BSDF (AOI=40, AZI=30) [1/sr]
40	0	0	30	2.29210390408959E-02
40	0	5	30	2.70292733175961E-02
40	0	10	30	3.26146575634486E-02
40	0	15	30	0.039647024360931
40	0	20	30	0.047781163904014
40	0	25	30	5.62957316653949E-02
40	0	30	30	6.41508407341648E-02
40	0	35	30	7.02328192782313E-02
40	0	40	30	7.37853652448553E-02
40	0	45	30	7.48485288330585E-02
40	0	50	30	7.43943513524658E-02
40	0	55	30	7.40231474187217E-02
40	0	60	30	7.54532866556295E-02
40	0	65	30	8.01204126486934E-02
40	0	70	30	8.88804986057372E-02
40	0	75	30	0.101515623450062
40	0	80	30	0.115950780183812
40	0	85	30	0.127952020087287
40	0	89.9	30	0.132686741384285
Spec Polar [deg.]	Spec Azimuth [deg.]	Scatter Polar [deg.]	Scatter Azimuth [deg.]	BSDF (AOI=40, AZI=40) [1/sr]
40	0	0	40	2.29210390408959E-02
40	0	5	40	2.64150061201913E-02
40	0	10	40	3.07561717616242E-02
40	0	15	40	3.56276583342323E-02
40	0	20	40	0.040516722260815
40	0	25	40	0.044833614133513
40	0	30	40	4.80727526970562E-02
40	0	35	40	4.99464587492041E-02
40	0	40	40	5.04586444797522E-02
40	0	45	40	4.99165292191368E-02
40	0	50	40	4.88738813574972E-02
40	0	55	40	4.80062841430024E-02
40	0	60	40	4.79555030054804E-02
40	0	65	40	4.91902633416068E-02
40	0	70	40	0.051885311377096
40	0	75	40	5.57858804575624E-02
40	0	80	40	6.00903986912219E-02
40	0	85	40	6.35329221074078E-02
40	0	89.9	40	6.48586269751533E-02
Spec Polar [deg.]	Spec Azimuth [deg.]	Scatter Polar [deg.]	Scatter Azimuth [deg.]	BSDF (AOI=40, AZI=50) [1/sr]
40	0	0	50	2.29210390408959E-02
40	0	5	50	2.57085514355019E-02
40	0	10	50	2.87838575013677E-02
40	0	15	50	3.17154613420931E-02
40	0	20	50	3.40443251314849E-02
40	0	25	50	3.54561138145269E-02
40	0	30	50	3.58842383063861E-02
40	0	35	50	3.54851712610006E-02
40	0	40	50	3.45326286334807E-02
40	0	45	50	3.33168588478909E-02
40	0	50	50	3.20925200426317E-02
40	0	55	50	3.10645423237893E-02
40	0	60	50	3.03837130670873E-02
40	0	65	50	3.01352409251875E-02
40	0	70	50	3.03198398562581E-02
40	0	75	50	3.08373827011929E-02
40	0	80	50	3.14906819957818E-02
40	0	85	50	3.20294428485774E-02
40	0	89.9	50	3.22376445410932E-02
Spec Polar [deg.]	Spec Azimuth [deg.]	Scatter Polar [deg.]	Scatter Azimuth [deg.]	BSDF (AOI=40, AZI=60) [1/sr]
40	0	0	60	2.29210390408959E-02
40	0	5	60	2.49541943574718E-02
40	0	10	60	2.68643513529018E-02
40	0	15	60	2.82624976326847E-02
40	0	20	60	0.028859945773536
40	0	25	60	2.85948398350699E-02
40	0	30	60	2.76380667704228E-02
40	0	35	60	2.62840532000749E-02
40	0	40	60	2.48165074372529E-02
40	0	45	60	2.34281799328031E-02
40	0	50	60	2.22093284544272E-02
40	0	55	60	0.02117693480732
40	0	60	60	2.03130364106404E-02
40	0	65	60	1.95938773731979E-02
40	0	70	60	1.90043715237665E-02
40	0	75	60	1.85403132442411E-02
40	0	80	60	1.82042388780999E-02
40	0	85	60	1.80004751470327E-02
40	0	89.9	60	1.79322186702966E-02
Spec Polar [deg.]	Spec Azimuth [deg.]	Scatter Polar [deg.]	Scatter Azimuth [deg.]	BSDF (AOI=40, AZI=70) [1/sr]
40	0	0	70	2.29210390408959E-02
40	0	5	70	2.41916650493657E-02
40	0	10	70	2.51106217348295E-02
40	0	15	70	2.54233416440423E-02
40	0	20	70	2.50148605256701E-02
40	0	25	70	2.39637285968035E-02
40	0	30	70	2.24966935863377E-02
40	0	35	70	0.020881219781863
40	0	40	70	0.01932904021262
40	0	45	70	1.79541004305872E-02
40	0	50	70	1.67809378978259E-02
40	0	55	70	1.57784794892617E-02
40	0	60	70	1.48979896520084E-02
40	0	65	70	1.41031162140792E-02
40	0	70	70	1.33858080981106E-02
40	0	75	70	1.27665291414973E-02
40	0	80	70	1.22827684929228E-02
40	0	85	70	1.19736180567823E-02
40	0	89.9	70	1.18672487705634E-02
Spec Polar [deg.]	Spec Azimuth [deg.]	Scatter Polar [deg.]	Scatter Azimuth [deg.]	BSDF (AOI=40, AZI=80) [1/sr]
40	0	0	80	2.29210390408959E-02
40	0	5	80	2.34531666551843E-02
40	0	10	80	2.35816881042562E-02
40	0	15	80	0.023206511232342
40	0	20	80	2.23258402238066E-02
40	0	25	80	2.10439356186781E-02
40	0	30	80	1.95321551679752E-02
40	0	35	80	1.79683045634185E-02
40	0	40	80	1.64878211102434E-02
40	0	45	80	1.51642999598832E-02
40	0	50	80	1.40162843397183E-02
40	0	55	80	1.30277290089546E-02
40	0	60	80	1.21706604925449E-02
40	0	65	80	1.14229562112591E-02
40	0	70	80	1.07777722176191E-02
40	0	75	80	1.02441181499857E-02
40	0	80	80	9.84094643174876E-03
40	0	85	80	9.58885110724687E-03
40	0	89.9	80	9.50302196069057E-03
Spec Polar [deg.]	Spec Azimuth [deg.]	Scatter Polar [deg.]	Scatter Azimuth [deg.]	BSDF (AOI=40, AZI=90) [1/sr]
40	0	0	90	2.29210390408959E-02
40	0	5	90	2.27623002025596E-02
40	0	10	90	2.22931349673204E-02
40	0	15	90	2.15354555715285E-02
40	0	20	90	2.05274791336848E-02
40	0	25	90	1.93238766922469E-02
40	0	30	90	1.79927613085167E-02
40	0	35	90	1.66090438765245E-02
40	0	40	90	0.015245550773213
40	0	45	90	1.39644819662533E-02
40	0	50	90	0.012811611360849
40	0	55	90	1.18143489553371E-02
40	0	60	90	1.09832876104712E-02
40	0	65	90	1.03159417495487E-02
40	0	70	90	9.80127610476177E-03
40	0	75	90	9.42404048661042E-03
40	0	80	90	9.1684476502713E-03
40	0	85	90	9.02107638702072E-03
40	0	89.9	90	8.97301404256723E-03
Spec Polar [deg.]	Spec Azimuth [deg.]	Scatter Polar [deg.]	Scatter Azimuth [deg.]	BSDF (AOI=40, AZI=100) [1/sr]
40	0	0	100	2.29210390408959E-02
40	0	5	100	2.21345207048544E-02
40	0	10	100	2.12315134971351E-02
40	0	15	100	0.020296706798019
40	0	20	100	0.019350602385955
40	0	25	100	1.83660513908077E-02
40	0	30	100	1.73014930034435E-02
40	0	35	100	1.61367369199003E-02
40	0	40	100	1.48957369536409E-02
40	0	45	100	1.36457610725918E-02
40	0	50	100	1.24752235244454E-02
40	0	55	100	1.14645143177579E-02
40	0	60	100	0.010665026944059
40	0	65	100	1.00922275313099E-02
40	0	70	100	9.72929394347401E-03
40	0	75	100	9.53550851732205E-03
40	0	80	100	9.45662491632087E-03
40	0	85	100	9.43744235031909E-03
40	0	89.9	100	9.43625212787119E-03
Spec Polar [deg.]	Spec Azimuth [deg.]	Scatter Polar [deg.]	Scatter Azimuth [deg.]	BSDF (AOI=40, AZI=110) [1/sr]
40	0	0	110	2.29210390408959E-02
40	0	5	110	2.15785655923071E-02
40	0	10	110	2.03681432391777E-02
40	0	15	110	1.93719485432941E-02
40	0	20	110	1.85562843296594E-02
40	0	25	110	1.78093225025699E-02
40	0	30	110	1.69973553025861E-02
40	0	35	110	1.60272234234978E-02
40	0	40	110	1.48917125196678E-02
40	0	45	110	1.36728670484327E-02
40	0	50	110	1.25017968622223E-02
40	0	55	110	1.15034190859468E-02
40	0	60	110	1.07583505068479E-02
40	0	65	110	1.02920695812654E-02
40	0	70	110	1.00811985331325E-02
40	0	75	110	1.00644798244636E-02
40	0	80	110	1.01552839605543E-02
40	0	85	110	1.02599948332501E-02
40	0	89.9	110	0.010304384025916
Spec Polar [deg.]	Spec Azimuth [deg.]	Scatter Polar [deg.]	Scatter Azimuth [deg.]	BSDF (AOI=40, AZI=120) [1/sr]
40	0	0	120	2.29210390408959E-02
40	0	5	120	2.10982974528219E-02
40	0	10	120	1.96702128703174E-02
40	0	15	120	1.86583287104194E-02
40	0	20	120	1.79545509221422E-02
40	0	25	120	1.73733826637683E-02
40	0	30	120	1.67191395919787E-02
40	0	35	120	1.58619904006812E-02
40	0	40	120	1.47917874276432E-02
40	0	45	120	1.36135206047748E-02
40	0	50	120	1.24868490072196E-02
40	0	55	120	1.15544015462276E-02
40	0	60	120	1.09001793603089E-02
40	0	65	120	1.05435377580309E-02
40	0	70	120	1.04505254787549E-02
40	0	75	120	0.01054716543988
40	0	80	120	0.010732996043136
40	0	85	120	1.09012402280067E-02
40	0	89.9	120	1.09679887284286E-02
Spec Polar [deg.]	Spec Azimuth [deg.]	Scatter Polar [deg.]	Scatter Azimuth [deg.]	BSDF (AOI=40, AZI=130) [1/sr]
40	0	0	130	2.29210390408959E-02
40	0	5	130	2.06945175969368E-02
40	0	10	130	1.91084952869154E-02
40	0	15	130	1.80807687104022E-02
40	0	20	130	1.74195665724508E-02
40	0	25	130	1.68812821480733E-02
40	0	30	130	1.62434210888409E-02
40	0	35	130	1.53841155596198E-02
40	0	40	130	1.43244213745429E-02
40	0	45	130	0.013197789220412
40	0	50	130	1.21690817400224E-02
40	0	55	130	1.13623679624829E-02
40	0	60	130	1.08321376629647E-02
40	0	65	130	1.05698494944093E-02
40	0	70	130	1.05231241428633E-02
40	0	75	130	1.06147095980079E-02
40	0	80	130	1.07596463740444E-02
40	0	85	130	1.08818315275887E-02
40	0	89.9	130	1.09287686627588E-02
Spec Polar [deg.]	Spec Azimuth [deg.]	Scatter Polar [deg.]	Scatter Azimuth [deg.]	BSDF (AOI=40, AZI=140) [1/sr]
40	0	0	140	2.29210390408959E-02
40	0	5	140	2.03664642945033E-02
40	0	10	140	1.86616195121321E-02
40	0	15	140	1.75971225690409E-02
40	0	20	140	1.68974579805099E-02
40	0	25	140	1.62783684393489E-02
40	0	30	140	1.55244006126716E-02
40	0	35	140	0.014561208169767
40	0	40	140	1.34657482514602E-02
40	0	45	140	1.23972991193068E-02
40	0	50	140	1.15026966137475E-02
40	0	55	140	1.08585327759833E-02
40	0	60	140	1.04643214538103E-02
40	0	65	140	1.02652334382435E-02
40	0	70	140	1.01840387497628E-02
40	0	75	140	1.01520280832886E-02
40	0	80	140	0.010129910112068
40	0	85	140	0.010110109590499
40	0	89.9	140	1.01015591384291E-02
Spec Polar [deg.]	Spec Azimuth [deg.]	Scatter Polar [deg.]	Scatter Azimuth [deg.]	BSDF (AOI=40, AZI=150) [1/sr]
40	0	0	150	2.29210390408959E-02
40	0	5	150	2.01128648649775E-02
40	0	10	150	1.83171900648674E-02
40	0	15	150	1.71958237513971E-02
40	0	20	150	1.63987585494008E-02
40	0	25	150	1.56193754103956E-02
40	0	30	150	1.46747641305051E-02
40	0	35	150	1.35591176514991E-02
40	0	40	150	1.24091275134433E-02
40	0	45	150	1.13984139474353E-02
40	0	50	150	1.06416721822493E-02
40	0	55	150	1.01583914412138E-02
40	0	60	150	9.88593809651842E-03
40	0	65	150	9.71720864907051E-03
40	0	70	150	9.55076028396869E-03
40	0	75	150	9.33849774076213E-03
40	0	80	150	9.10381809363759E-03
40	0	85	150	8.91659517932883E-03
40	0	89.9	150	8.84508776695342E-03
Spec Polar [deg.]	Spec Azimuth [deg.]	Scatter Polar [deg.]	Scatter Azimuth [deg.]	BSDF (AOI=40, AZI=160) [1/sr]
40	0	0	160	2.29210390408959E-02
40	0	5	160	1.99325405092589E-02
40	0	10	160	1.80704128036776E-02
40	0	15	160	0.016886988867317
40	0	20	160	1.59750053028352E-02
40	0	25	160	1.50209898538652E-02
40	0	30	160	0.01388484354534
40	0	35	160	1.26270129014895E-02
40	0	40	160	1.14299615577663E-02
40	0	45	160	1.04687239561461E-02
40	0	50	160	9.82456963808174E-03
40	0	55	160	9.46848089042621E-03
40	0	60	160	9.28599825891885E-03
40	0	65	160	9.12555940238171E-03
40	0	70	160	8.8685185388564E-03
40	0	75	160	8.49321670693479E-03
40	0	80	160	8.08237578898088E-03
40	0	85	160	7.76542581600548E-03
40	0	89.9	160	7.64700867132787E-03
Spec Polar [deg.]	Spec Azimuth [deg.]	Scatter Polar [deg.]	Scatter Azimuth [deg.]	BSDF (AOI=40, AZI=170) [1/sr]
40	0	0	170	2.29210390408959E-02
40	0	5	170	1.98246544367274E-02
40	0	10	170	1.79212442775603E-02
40	0	15	170	0.016690100161518
40	0	20	170	0.015688635448018
40	0	25	170	1.46047834105884E-02
40	0	30	170	1.33335975275267E-02
40	0	35	170	1.19813557461411E-02
40	0	40	170	1.07562968580156E-02
40	0	45	170	9.82861750707061E-03
40	0	50	170	9.25556131694612E-03
40	0	55	170	8.97764587265382E-03
40	0	60	170	8.84806303519449E-03
40	0	65	170	8.68696266603055E-03
40	0	70	170	8.36679888289791E-03
40	0	75	170	7.88759949690451E-03
40	0	80	170	7.37213808047697E-03
40	0	85	170	6.98288142585375E-03
40	0	89.9	170	6.83934333664624E-03
Spec Polar [deg.]	Spec Azimuth [deg.]	Scatter Polar [deg.]	Scatter Azimuth [deg.]	BSDF (AOI=40, AZI=180) [1/sr]
40	0	0	180	2.29210390408959E-02
40	0	5	180	1.97887409108615E-02
40	0	10	180	1.78712506863245E-02
40	0	15	180	0.01662225644816
40	0	20	180	1.55873367698863E-02
40	0	25	180	1.44560555498181E-02
40	0	30	180	1.31369234878086E-02
40	0	35	180	1.17523309748888E-02
40	0	40	180	1.05184394906579E-02
40	0	45	180	9.60265588151481E-03
40	0	50	180	9.05361624027103E-03
40	0	55	180	8.80168343625413E-03
40	0	60	180	8.68929003939969E-03
40	0	65	180	8.5270724694573E-03
40	0	70	180	8.1849294077534E-03
40	0	75	180	7.67115873934432E-03
40	0	80	180	7.12235927361471E-03
40	0	85	180	6.71102515495636E-03
40	0	89.9	180	6.56003350546003E-03
AOI	50	deg.
FRED TIS integral (0-1)	0.143225295149784
Spec Polar [deg.]	Spec Azimuth [deg.]	Scatter Polar [deg.]	Scatter Azimuth [deg.]	BSDF (AOI=50, AZI=0) [1/sr]
50	0	0	0	2.03670951215422E-02
50	0	5	0	2.45791024029883E-02
50	0	10	0	3.11670499346392E-02
50	0	15	0	0.04110870327191
50	0	20	0	5.53670002418286E-02
50	0	25	0	7.44249614919465E-02
50	0	30	0	9.76422404400786E-02
50	0	35	0	0.122968906224366
50	0	40	0	0.147743550384597
50	0	45	0	0.170568671168967
50	0	50	0	0.193065843654789
50	0	55	0	0.220367137179517
50	0	60	0	0.260619199577412
50	0	65	0	0.324309363092008
50	0	70	0	0.422515865239267
50	0	75	0	0.560493091884085
50	0	80	0	0.723754912093913
50	0	85	0	0.86582191775871
50	0	89.9	0	0.923518450706077
Spec Polar [deg.]	Spec Azimuth [deg.]	Scatter Polar [deg.]	Scatter Azimuth [deg.]	BSDF (AOI=50, AZI=10) [1/sr]
50	0	0	10	2.03670951215422E-02
50	0	5	10	0.024488549334735
50	0	10	10	0.030847219488586
50	0	15	10	4.02901885865067E-02
50	0	20	10	5.35904255025538E-02
50	0	25	10	7.10267075596546E-02
50	0	30	10	9.18592058492224E-02
50	0	35	10	0.114174455671334
50	0	40	10	0.135660723106518
50	0	45	10	0.155210465982732
50	0	50	10	0.174317790634194
50	0	55	10	0.197376779749411
50	0	60	10	0.231149622448189
50	0	65	10	0.284050404766854
50	0	70	10	0.364524050401775
50	0	75	10	0.475841141452442
50	0	80	10	0.605559005128984
50	0	85	10	0.717059600995473
50	0	89.9	10	0.762033684534513
Spec Polar [deg.]	Spec Azimuth [deg.]	Scatter Polar [deg.]	Scatter Azimuth [deg.]	BSDF (AOI=50, AZI=20) [1/sr]
50	0	0	20	2.03670951215422E-02
50	0	5	20	2.42249607559019E-02
50	0	10	20	2.99376677435821E-02
50	0	15	20	3.80236401232831E-02
50	0	20	20	4.88140483839015E-02
50	0	25	20	6.21675217207806E-02
50	0	30	20	0.077224700770325
50	0	35	20	9.24993910944422E-02
50	0	40	20	0.106521168416863
50	0	45	20	0.118804212874994
50	0	50	20	0.130518088998296
50	0	55	20	0.144460940429219
50	0	60	20	0.164555397974178
50	0	65	20	0.195200302756763
50	0	70	20	0.240121758497022
50	0	75	20	0.299637329376662
50	0	80	20	0.366101791137327
50	0	85	20	0.421309443592191
50	0	89.9	20	0.44315632436703
Spec Polar [deg.]	Spec Azimuth [deg.]	Scatter Polar [deg.]	Scatter Azimuth [deg.]	BSDF (AOI=50, AZI=30) [1/sr]
50	0	0	30	2.03670951215422E-02
50	0	5	30	2.38110943648293E-02
50	0	10	30	2.85727646382256E-02
50	0	15	30	0.034791566650747
50	0	20	30	4.23723134994953E-02
50	0	25	30	5.08874079390274E-02
50	0	30	30	5.95908096141929E-02
50	0	35	30	6.76252610370504E-02
50	0	40	30	0.074394351352466
50	0	45	30	7.99215313425298E-02
50	0	50	30	8.49819133298962E-02
50	0	55	30	9.09456234056135E-02
50	0	60	30	9.94556023705334E-02
50	0	65	30	0.112048945723745
50	0	70	30	0.129625515900334
50	0	75	30	0.151558134563705
50	0	80	30	0.174622245728621
50	0	85	30	0.192869012553082
50	0	89.9	30	0.199895390118218
Spec Polar [deg.]	Spec Azimuth [deg.]	Scatter Polar [deg.]	Scatter Azimuth [deg.]	BSDF (AOI=50, AZI=40) [1/sr]
50	0	0	40	2.03670951215422E-02
50	0	5	40	2.32804614863656E-02
50	0	10	40	2.69325956970994E-02
50	0	15	40	0.031175349169448
50	0	20	40	3.56937093089537E-02
50	0	25	40	4.00605204534836E-02
50	0	30	40	4.38557056987276E-02
50	0	35	40	4.68044830529729E-02
50	0	40	40	4.88738813574971E-02
50	0	45	40	5.02908876078927E-02
50	0	50	40	5.14843346218563E-02
50	0	55	40	5.29795857896357E-02
50	0	60	40	5.52781386165915E-02
50	0	65	40	5.87341611580879E-02
50	0	70	40	6.34158746613395E-02
50	0	75	40	6.89510068998802E-02
50	0	80	40	7.44325699718121E-02
50	0	85	40	7.85555460509199E-02
50	0	89.9	40	8.00982546970341E-02
Spec Polar [deg.]	Spec Azimuth [deg.]	Scatter Polar [deg.]	Scatter Azimuth [deg.]	BSDF (AOI=50, AZI=50) [1/sr]
50	0	0	50	2.03670951215422E-02
50	0	5	50	2.26720180913426E-02
50	0	10	50	2.51985282786963E-02
50	0	15	50	2.76706200018568E-02
50	0	20	50	2.97774515316134E-02
50	0	25	50	3.12810796352212E-02
50	0	30	50	3.20978876490947E-02
50	0	35	50	3.23068401180742E-02
50	0	40	50	3.20925200426318E-02
50	0	45	50	3.16697978718426E-02
50	0	50	50	0.031229688220485
50	0	55	50	0.030915467753637
50	0	60	50	3.08171414802832E-02
50	0	65	50	3.09700206412961E-02
50	0	70	50	3.13514542034494E-02
50	0	75	50	3.18794345543728E-02
50	0	80	50	3.24227741623152E-02
50	0	85	50	3.28312470389492E-02
50	0	89.9	50	3.29830326849354E-02
Spec Polar [deg.]	Spec Azimuth [deg.]	Scatter Polar [deg.]	Scatter Azimuth [deg.]	BSDF (AOI=50, AZI=60) [1/sr]
50	0	0	60	2.03670951215422E-02
50	0	5	60	2.20248142144203E-02
50	0	10	60	2.35193671507982E-02
50	0	15	60	2.45936049766983E-02
50	0	20	60	2.50669703826721E-02
50	0	25	60	0.024910386479624
50	0	30	60	2.42465406626972E-02
50	0	35	60	2.32800053261234E-02
50	0	40	60	2.22093284544272E-02
50	0	45	60	2.11700394137436E-02
50	0	50	60	2.02224204873639E-02
50	0	55	60	1.93707923167227E-02
50	0	60	60	1.85947039303004E-02
50	0	65	60	1.78770175939926E-02
50	0	70	60	1.72202483681675E-02
50	0	75	60	1.66487587914174E-02
50	0	80	60	1.62001787805691E-02
50	0	85	60	1.59126159267562E-02
50	0	89.9	60	0.015813512624081
Spec Polar [deg.]	Spec Azimuth [deg.]	Scatter Polar [deg.]	Scatter Azimuth [deg.]	BSDF (AOI=50, AZI=70) [1/sr]
50	0	0	70	2.03670951215422E-02
50	0	5	70	2.13737007053841E-02
50	0	10	70	2.19953821627854E-02
50	0	15	70	2.20804348602918E-02
50	0	20	70	2.15946235376252E-02
50	0	25	70	2.06373829473554E-02
50	0	30	70	1.93945938832428E-02
50	0	35	70	0.018061383781903
50	0	40	70	1.67809378978259E-02
50	0	45	70	1.56219660258073E-02
50	0	50	70	1.45896586635598E-02
50	0	55	70	1.36538778646265E-02
50	0	60	70	1.27801844228085E-02
50	0	65	70	1.19535007158499E-02
50	0	70	70	1.11878689675075E-02
50	0	75	70	1.05213040906557E-02
50	0	80	70	1.00014593380996E-02
50	0	85	70	9.67086030369594E-03
50	0	89.9	70	9.55751245772472E-03
Spec Polar [deg.]	Spec Azimuth [deg.]	Scatter Polar [deg.]	Scatter Azimuth [deg.]	BSDF (AOI=50, AZI=80) [1/sr]
50	0	0	80	2.03670951215422E-02
50	0	5	80	2.07466806063217E-02
50	0	10	80	2.06782992276448E-02
50	0	15	80	2.01358333434121E-02
50	0	20	80	1.91828793707893E-02
50	0	25	80	1.79523931004123E-02
50	0	30	80	1.66005576150105E-02
50	0	35	80	0.01526056818661
50	0	40	80	1.40162843397182E-02
50	0	45	80	1.28997737649789E-02
50	0	50	80	1.19052958149809E-02
50	0	55	80	1.10097583230968E-02
50	0	60	80	1.01918581024093E-02
50	0	65	80	9.4447148600756E-03
50	0	70	80	8.77939310017557E-03
50	0	75	80	8.22015317932536E-03
50	0	80	80	7.79553788274874E-03
50	0	85	80	7.53016670157876E-03
50	0	89.9	80	7.43994933742835E-03
Spec Polar [deg.]	Spec Azimuth [deg.]	Scatter Polar [deg.]	Scatter Azimuth [deg.]	BSDF (AOI=50, AZI=90) [1/sr]
50	0	0	90	2.03670951215422E-02
50	0	5	90	2.01639572262982E-02
50	0	10	90	1.95808470202308E-02
50	0	15	90	1.86891412624127E-02
50	0	20	90	1.75861668372284E-02
50	0	25	90	1.63726602590116E-02
50	0	30	90	1.51348229300923E-02
50	0	35	90	0.013935126279548
50	0	40	90	0.012811611360849
50	0	45	90	1.17827877576048E-02
50	0	50	90	0.010854732678547
50	0	55	90	1.00277767265066E-02
50	0	60	90	9.30131570343897E-03
50	0	65	90	8.67631725110246E-03
50	0	70	90	8.15584261585182E-03
50	0	75	90	7.74432593725975E-03
50	0	80	90	7.44642227289851E-03
50	0	85	90	7.26601087247255E-03
50	0	89.9	90	7.20561338195884E-03
Spec Polar [deg.]	Spec Azimuth [deg.]	Scatter Polar [deg.]	Scatter Azimuth [deg.]	BSDF (AOI=50, AZI=100) [1/sr]
50	0	0	100	2.03670951215422E-02
50	0	5	100	1.96383517250054E-02
50	0	10	100	1.86896171128956E-02
50	0	15	100	1.76374664811148E-02
50	0	20	100	1.65609648542756E-02
50	0	25	100	1.54988387351436E-02
50	0	30	100	1.44620887583798E-02
50	0	35	100	1.34520478483072E-02
50	0	40	100	1.24752235244454E-02
50	0	45	100	1.15497466136475E-02
50	0	50	100	1.07028051729344E-02
50	0	55	100	9.96256233201812E-03
50	0	60	100	9.34968231742981E-03
50	0	65	100	8.87217784615559E-03
50	0	70	100	8.52457456011054E-03
50	0	75	100	8.29051632357666E-03
50	0	80	100	8.14754383800929E-03
50	0	85	100	8.07303637064303E-03
50	0	89.9	100	8.05026709751993E-03
Spec Polar [deg.]	Spec Azimuth [deg.]	Scatter Polar [deg.]	Scatter Azimuth [deg.]	BSDF (AOI=50, AZI=110) [1/sr]
50	0	0	110	2.03670951215422E-02
50	0	5	110	0.019176594398703
50	0	10	110	1.79772859221811E-02
50	0	15	110	1.68736034617992E-02
50	0	20	110	1.58934778739833E-02
50	0	25	110	1.50094231689778E-02
50	0	30	110	1.41712975908096E-02
50	0	35	110	1.33385506553583E-02
50	0	40	110	1.25017968622223E-02
50	0	45	110	1.16868191224689E-02
50	0	50	110	0.010941842775408
50	0	55	110	1.03171432010338E-02
50	0	60	110	9.84773354878377E-03
50	0	65	110	9.54452456308159E-03
50	0	70	110	9.39318822393903E-03
50	0	75	110	9.35796080244635E-03
50	0	80	110	9.38919325590484E-03
50	0	85	110	9.43489443954592E-03
50	0	89.9	110	9.45513471199286E-03
Spec Polar [deg.]	Spec Azimuth [deg.]	Scatter Polar [deg.]	Scatter Azimuth [deg.]	BSDF (AOI=50, AZI=120) [1/sr]
50	0	0	120	2.03670951215422E-02
50	0	5	120	1.87809965133995E-02
50	0	10	120	1.74124390891688E-02
50	0	15	120	1.63032993876597E-02
50	0	20	120	1.54130121513053E-02
50	0	25	120	1.46564598787426E-02
50	0	30	120	1.39453760315976E-02
50	0	35	120	1.32238409721994E-02
50	0	40	120	1.24868490072196E-02
50	0	45	120	1.17749551653569E-02
50	0	50	120	1.11504034586574E-02
50	0	55	120	1.06697693405485E-02
50	0	60	120	1.03656372022909E-02
50	0	65	120	1.02400177913986E-02
50	0	70	120	1.02656490317459E-02
50	0	75	120	1.03915504962265E-02
50	0	80	120	1.05523559381711E-02
50	0	85	120	1.06822017346397E-02
50	0	89.9	120	1.07316090869465E-02
Spec Polar [deg.]	Spec Azimuth [deg.]	Scatter Polar [deg.]	Scatter Azimuth [deg.]	BSDF (AOI=50, AZI=130) [1/sr]
50	0	0	130	2.03670951215422E-02
50	0	5	130	1.84511103321595E-02
50	0	10	130	1.69664874618044E-02
50	0	15	130	1.58557999851872E-02
50	0	20	130	1.50031926340019E-02
50	0	25	130	0.014279130009251
50	0	30	130	1.35828929650384E-02
50	0	35	130	1.28725483114009E-02
50	0	40	130	1.21690817400224E-02
50	0	45	130	1.15330186684092E-02
50	0	50	130	1.10291929031681E-02
50	0	55	130	1.06992433077721E-02
50	0	60	130	1.05503346294825E-02
50	0	65	130	1.05572035040721E-02
50	0	70	130	0.010671687420954
50	0	75	130	1.08357073272953E-02
50	0	80	130	1.09944656373661E-02
50	0	85	130	0.011106176999891
50	0	89.9	130	1.11460648396697E-02
Spec Polar [deg.]	Spec Azimuth [deg.]	Scatter Polar [deg.]	Scatter Azimuth [deg.]	BSDF (AOI=50, AZI=140) [1/sr]
50	0	0	140	2.03670951215422E-02
50	0	5	140	1.81851213199039E-02
50	0	10	140	1.66176551241848E-02
50	0	15	140	1.54887020599327E-02
50	0	20	140	1.46086412743693E-02
50	0	25	140	1.38185071318961E-02
50	0	30	140	1.30291428510006E-02
50	0	35	140	1.22369355432176E-02
50	0	40	140	1.15026966137475E-02
50	0	45	140	1.09057090801892E-02
50	0	50	140	1.05010290051683E-02
50	0	55	140	1.02980168169446E-02
50	0	60	140	1.02600989732315E-02
50	0	65	140	1.03195381690995E-02
50	0	70	140	1.04025347202767E-02
50	0	75	140	1.04569702897664E-02
50	0	80	140	1.04688506042696E-02
50	0	85	140	1.04567428762121E-02
50	0	89.9	140	1.04484952126435E-02
Spec Polar [deg.]	Spec Azimuth [deg.]	Scatter Polar [deg.]	Scatter Azimuth [deg.]	BSDF (AOI=50, AZI=150) [1/sr]
50	0	0	150	2.03670951215422E-02
50	0	5	150	1.79808505402858E-02
50	0	10	150	1.63522517434081E-02
50	0	15	150	0.015186640726427
50	0	20	150	1.42298778976049E-02
50	0	25	150	1.33088741130943E-02
50	0	30	150	1.23637831746651E-02
50	0	35	150	1.14411450214878E-02
50	0	40	150	1.06416721822493E-02
50	0	45	150	1.00551087089972E-02
50	0	50	150	9.71780366338332E-03
50	0	55	150	9.60078669165547E-03
50	0	60	150	9.6194230122172E-03
50	0	65	150	9.66135114458347E-03
50	0	70	150	9.63189247393008E-03
50	0	75	150	9.49889086246826E-03
50	0	80	150	9.3050241755381E-03
50	0	85	150	9.13609143762704E-03
50	0	89.9	150	9.0697011793781E-03
Spec Polar [deg.]	Spec Azimuth [deg.]	Scatter Polar [deg.]	Scatter Azimuth [deg.]	BSDF (AOI=50, AZI=160) [1/sr]
50	0	0	160	2.03670951215422E-02
50	0	5	160	1.78363581596285E-02
50	0	10	160	1.61637255659606E-02
50	0	15	160	1.49542366538674E-02
50	0	20	160	1.39047540958001E-02
50	0	25	160	1.28404136922418E-02
50	0	30	160	1.17371900866003E-02
50	0	35	160	1.06885944921767E-02
50	0	40	160	9.8245696380818E-03
50	0	45	160	9.23565375590322E-03
50	0	50	160	8.93741729207752E-03
50	0	55	160	8.8679886944377E-03
50	0	60	160	8.90385346743946E-03
50	0	65	160	8.89839174921782E-03
50	0	70	160	8.74653494018074E-03
50	0	75	160	8.44243353760801E-03
50	0	80	160	8.07965484820877E-03
50	0	85	160	7.79151482260578E-03
50	0	89.9	160	7.68279785175359E-03
Spec Polar [deg.]	Spec Azimuth [deg.]	Scatter Polar [deg.]	Scatter Azimuth [deg.]	BSDF (AOI=50, AZI=170) [1/sr]
50	0	0	170	2.03670951215422E-02
50	0	5	170	1.77502207715076E-02
50	0	10	170	1.60503248543071E-02
50	0	15	170	1.48056777104594E-02
50	0	20	170	1.36831498287625E-02
50	0	25	170	1.25117484323233E-02
50	0	30	170	1.12962499946343E-02
50	0	35	170	1.01622782332624E-02
50	0	40	170	9.2555613169461E-03
50	0	45	170	8.66275322005939E-03
50	0	50	170	8.38375966300472E-03
50	0	55	170	8.33577808427766E-03
50	0	60	170	8.37182489191162E-03
50	0	65	170	8.32581809541159E-03
50	0	70	170	8.09029859410033E-03
50	0	75	170	7.68052460445288E-03
50	0	80	170	7.2219928661279E-03
50	0	85	170	6.87113522622123E-03
50	0	89.9	170	6.7411581228685E-03
Spec Polar [deg.]	Spec Azimuth [deg.]	Scatter Polar [deg.]	Scatter Azimuth [deg.]	BSDF (AOI=50, AZI=180) [1/sr]
50	0	0	180	2.03670951215422E-02
50	0	5	180	1.77215995656081E-02
50	0	10	180	1.60123997831437E-02
50	0	15	180	1.47543788303939E-02
50	0	20	180	1.36043985671621E-02
50	0	25	180	1.23937883997111E-02
50	0	30	180	1.11382831995892E-02
50	0	35	180	9.97474979746547E-03
50	0	40	180	9.05361624027105E-03
50	0	45	180	8.45933297428497E-03
50	0	50	180	8.18605449634319E-03
50	0	55	180	8.1439462726414E-03
50	0	60	180	8.17840042157546E-03
50	0	65	180	8.11729044247292E-03
50	0	70	180	7.85321075287298E-03
50	0	75	180	7.40929442021862E-03
50	0	80	180	6.92148797327004E-03
50	0	85	180	6.55246316533013E-03
50	0	89.9	180	6.41654822086591E-03
AOI	60	deg.
FRED TIS integral (0-1)	0.184158611727625
Spec Polar [deg.]	Spec Azimuth [deg.]	Scatter Polar [deg.]	Scatter Azimuth [deg.]	BSDF (AOI=60, AZI=0) [1/sr]
60	0	0	0	1.90039861721451E-02
60	0	5	0	2.33968633640747E-02
60	0	10	0	3.01174057482171E-02
60	0	15	0	4.01003494869274E-02
60	0	20	0	5.42012504733294E-02
60	0	25	0	0.072880333348598
60	0	30	0	0.096107597773447
60	0	35	0	0.12391253645081
60	0	40	0	0.157563468844883
60	0	45	0	0.200800323344778
60	0	50	0	0.260619199577412
60	0	55	0	0.34746932361642
60	0	60	0	0.474349476123669
60	0	65	0	0.653214551201495
60	0	70	0	0.886962875378441
60	0	75	0	1.15842096870166
60	0	80	0	1.4238949276467
60	0	85	0	1.6213506489626
60	0	89.9	0	1.69469848082073
Spec Polar [deg.]	Spec Azimuth [deg.]	Scatter Polar [deg.]	Scatter Azimuth [deg.]	BSDF (AOI=60, AZI=10) [1/sr]
60	0	0	10	1.90039861721451E-02
60	0	5	10	2.33023155840689E-02
60	0	10	10	2.97874275506377E-02
60	0	15	10	3.92648436874837E-02
60	0	20	10	5.24075224636546E-02
60	0	25	10	0.069475172561643
60	0	30	10	9.02754397948813E-02
60	0	35	10	0.114709143480276
60	0	40	10	0.143807066451534
60	0	45	10	0.180706262168844
60	0	50	10	0.23114962244819
60	0	55	10	0.30342979086144
60	0	60	10	0.407402940647602
60	0	65	10	0.551428551490435
60	0	70	10	0.736202511659309
60	0	75	10	0.946991585752934
60	0	80	10	1.14997236516093
60	0	85	10	1.29923300025994
60	0	89.9	10	1.35434262713415
Spec Polar [deg.]	Spec Azimuth [deg.]	Scatter Polar [deg.]	Scatter Azimuth [deg.]	BSDF (AOI=60, AZI=20) [1/sr]
60	0	0	20	1.90039861721451E-02
60	0	5	20	2.30269865868373E-02
60	0	10	20	2.88486187907158E-02
60	0	15	20	3.69505464903431E-02
60	0	20	20	4.75839137783456E-02
60	0	25	20	6.05977302552394E-02
60	0	30	20	7.55315555902182E-02
60	0	35	20	9.21175980124021E-02
60	0	40	20	0.110969232954848
60	0	45	20	0.134025556226121
60	0	50	20	0.164555397974178
60	0	55	20	0.206772264788812
60	0	60	20	0.264949591492776
60	0	65	20	0.341651238473478
60	0	70	20	0.435010599650237
60	0	75	20	0.536204106949865
60	0	80	20	0.629403816306475
60	0	85	20	0.695710824004849
60	0	89.9	20	0.719765223591655
Spec Polar [deg.]	Spec Azimuth [deg.]	Scatter Polar [deg.]	Scatter Azimuth [deg.]	BSDF (AOI=60, AZI=30) [1/sr]
60	0	0	30	1.90039861721451E-02
60	0	5	30	2.25943275021803E-02
60	0	10	30	0.027438506385076
60	0	15	30	3.36480451300732E-02
60	0	20	30	4.10751305994043E-02
60	0	25	30	4.92941170190856E-02
60	0	30	30	5.78019320517291E-02
60	0	35	30	6.63911177133685E-02
60	0	40	30	7.54532866556296E-02
60	0	45	30	8.60052651794446E-02
60	0	50	30	9.94556023705334E-02
60	0	55	30	0.117234075535912
60	0	60	30	0.140314534925947
60	0	65	30	0.16861233254012
60	0	70	30	0.200415269878374
60	0	75	30	0.232262004332029
60	0	80	30	0.259605773178411
60	0	85	30	0.278059858326239
60	0	89.9	30	0.28456709265864
Spec Polar [deg.]	Spec Azimuth [deg.]	Scatter Polar [deg.]	Scatter Azimuth [deg.]	BSDF (AOI=60, AZI=40) [1/sr]
60	0	0	40	1.90039861721451E-02
60	0	5	40	2.20388924555134E-02
60	0	10	40	2.57413233449581E-02
60	0	15	40	2.99479838731912E-02
60	0	20	40	3.43202034064485E-02
60	0	25	40	3.84433832583583E-02
60	0	30	40	4.20268125574889E-02
60	0	35	40	4.50832208363166E-02
60	0	40	40	4.79555030054805E-02
60	0	45	40	5.11790376589251E-02
60	0	50	40	0.055278138616592
60	0	55	40	6.05849712887317E-02
60	0	60	40	6.71071185945542E-02
60	0	65	40	7.44606067934014E-02
60	0	70	40	8.19192374836084E-02
60	0	75	40	8.86126598617764E-02
60	0	80	40	0.093795026027016
60	0	85	40	9.70165797849139E-02
60	0	89.9	40	9.81014229924244E-02
Spec Polar [deg.]	Spec Azimuth [deg.]	Scatter Polar [deg.]	Scatter Azimuth [deg.]	BSDF (AOI=60, AZI=50) [1/sr]
60	0	0	50	1.90039861721451E-02
60	0	5	50	2.14008986365587E-02
60	0	10	50	2.39425290019841E-02
60	0	15	50	2.63530856264349E-02
60	0	20	50	2.83239671806975E-02
60	0	25	50	2.96377401742405E-02
60	0	30	50	0.03027416433356
60	0	35	50	3.04212444695838E-02
60	0	40	50	3.03837130670873E-02
60	0	45	50	3.04543262521406E-02
60	0	50	50	3.08171414802831E-02
60	0	55	50	3.15073438459678E-02
60	0	60	50	3.24211311412443E-02
60	0	65	50	3.33674053723231E-02
60	0	70	50	3.41513074569399E-02
60	0	75	50	3.46591868896531E-02
60	0	80	50	3.48984067749145E-02
60	0	85	50	3.49667566411303E-02
60	0	89.9	50	3.49740136052749E-02
Spec Polar [deg.]	Spec Azimuth [deg.]	Scatter Polar [deg.]	Scatter Azimuth [deg.]	BSDF (AOI=60, AZI=60) [1/sr]
60	0	0	60	1.90039861721451E-02
60	0	5	60	2.07207501295093E-02
60	0	10	60	0.022194310837274
60	0	15	60	0.023183206402507
60	0	20	60	2.35293261434356E-02
60	0	25	60	2.32293034457609E-02
60	0	30	60	2.24359851950776E-02
60	0	35	60	2.13876661452106E-02
60	0	40	60	2.03130364106404E-02
60	0	45	60	0.019363906866776
60	0	50	60	1.85947039303005E-02
60	0	55	60	1.79788734061746E-02
60	0	60	60	0.017445700876768
60	0	65	60	1.69244208748258E-02
60	0	70	60	0.016382170750202
60	0	75	60	1.58410192984803E-02
60	0	80	60	1.53671670213861E-02
60	0	85	60	1.50408618124159E-02
60	0	89.9	60	1.49244411824966E-02
Spec Polar [deg.]	Spec Azimuth [deg.]	Scatter Polar [deg.]	Scatter Azimuth [deg.]	BSDF (AOI=60, AZI=70) [1/sr]
60	0	0	70	1.90039861721451E-02
60	0	5	70	2.00346492268056E-02
60	0	10	70	2.05995094836274E-02
60	0	15	70	0.020575547055375
60	0	20	70	1.99648377094184E-02
60	0	25	70	1.88962293631746E-02
60	0	30	70	1.75716236246957E-02
60	0	35	70	1.61911779513731E-02
60	0	40	70	1.48979896520083E-02
60	0	45	70	1.37597124524672E-02
60	0	50	70	1.27801844228086E-02
60	0	55	70	1.19257974741724E-02
60	0	60	70	1.11544914272547E-02
60	0	65	70	1.04393917178086E-02
60	0	70	70	9.78113916859912E-03
60	0	75	70	9.20626470281962E-03
60	0	80	70	8.75497895831239E-03
60	0	85	70	8.46625326115203E-03
60	0	89.9	70	8.36692560854654E-03
Spec Polar [deg.]	Spec Azimuth [deg.]	Scatter Polar [deg.]	Scatter Azimuth [deg.]	BSDF (AOI=60, AZI=80) [1/sr]
60	0	0	80	1.90039861721451E-02
60	0	5	80	1.93718888555435E-02
60	0	10	80	1.92119110960072E-02
60	0	15	80	0.018535362769668
60	0	20	80	1.74504113424292E-02
60	0	25	80	1.61232908995018E-02
60	0	30	80	1.47236914470239E-02
60	0	35	80	1.33817678022835E-02
60	0	40	80	1.21706604925449E-02
60	0	45	80	1.11117144275477E-02
60	0	50	80	1.01918581024093E-02
60	0	55	80	9.38363962534249E-03
60	0	60	80	8.66211515183653E-03
60	0	65	80	8.01540611111071E-03
60	0	70	80	7.44756537014965E-03
60	0	75	80	6.97470952216516E-03
60	0	80	80	0.006617702228218
60	0	85	80	6.39526048807642E-03
60	0	89.9	80	6.31973542278423E-03
Spec Polar [deg.]	Spec Azimuth [deg.]	Scatter Polar [deg.]	Scatter Azimuth [deg.]	BSDF (AOI=60, AZI=90) [1/sr]
60	0	0	90	1.90039861721451E-02
60	0	5	90	1.87538687390894E-02
60	0	10	90	1.80462045395429E-02
60	0	15	90	1.69938783351197E-02
60	0	20	90	1.57429263089666E-02
60	0	25	90	1.44324520909741E-02
60	0	30	90	1.31674587196869E-02
60	0	35	90	1.20098066227739E-02
60	0	40	90	1.09832876104713E-02
60	0	45	90	1.00855962148908E-02
60	0	50	90	9.30131570343897E-03
60	0	55	90	8.61262441314246E-03
60	0	60	90	8.00635499527958E-03
60	0	65	90	7.47714075559279E-03
60	0	70	90	7.02715901633177E-03
60	0	75	90	6.66364131057932E-03
60	0	80	90	6.39563287069685E-03
60	0	85	90	6.23122324461087E-03
60	0	89.9	90	6.17581998579951E-03
Spec Polar [deg.]	Spec Azimuth [deg.]	Scatter Polar [deg.]	Scatter Azimuth [deg.]	BSDF (AOI=60, AZI=100) [1/sr]
60	0	0	100	1.90039861721451E-02
60	0	5	100	1.81944920391491E-02
60	0	10	100	1.70910912070945E-02
60	0	15	100	1.58523414117111E-02
60	0	20	100	1.46079593618014E-02
60	0	25	100	1.34415631021641E-02
60	0	30	100	1.23929157517087E-02
60	0	35	100	1.14703437028291E-02
60	0	40	100	0.010665026944059
60	0	45	100	9.96248835326467E-03
60	0	50	100	9.34968231742984E-03
60	0	55	100	8.81790966797336E-03
60	0	60	100	8.36271239340968E-03
60	0	65	100	7.98223280172699E-03
60	0	70	100	7.6753714340379E-03
60	0	75	100	7.44059125293717E-03
60	0	80	100	7.27563830260314E-03
60	0	85	100	7.1780014251607E-03
60	0	89.9	100	7.14571812017856E-03
Spec Polar [deg.]	Spec Azimuth [deg.]	Scatter Polar [deg.]	Scatter Azimuth [deg.]	BSDF (AOI=60, AZI=110) [1/sr]
60	0	0	110	1.90039861721451E-02
60	0	5	110	1.77014339828471E-02
60	0	10	110	1.63214553615841E-02
60	0	15	110	1.50094872011802E-02
60	0	20	110	0.013846113666649
60	0	25	110	1.28564358342275E-02
60	0	30	110	1.20298757744132E-02
60	0	35	110	1.13398261131875E-02
60	0	40	110	1.07583505068479E-02
60	0	45	110	1.02646629684767E-02
60	0	50	110	9.84773354878377E-03
60	0	55	110	9.5043471187107E-03
60	0	60	110	9.23465787607905E-03
60	0	65	110	9.03744535913996E-03
60	0	70	110	8.90678985528011E-03
60	0	75	110	8.8310896452762E-03
60	0	80	110	8.79460103548619E-03
60	0	85	110	8.78103024284057E-03
60	0	89.9	110	8.77804234311628E-03
Spec Polar [deg.]	Spec Azimuth [deg.]	Scatter Polar [deg.]	Scatter Azimuth [deg.]	BSDF (AOI=60, AZI=120) [1/sr]
60	0	0	120	1.90039861721451E-02
60	0	5	120	1.72777862050498E-02
60	0	10	120	1.57078564425512E-02
60	0	15	120	0.014377113486096
60	0	20	120	1.33018286970391E-02
60	0	25	120	1.24577417102278E-02
60	0	30	120	1.18032624521605E-02
60	0	35	120	1.12956226786211E-02
60	0	40	120	1.09001793603089E-02
60	0	45	120	0.010594097567436
60	0	50	120	1.03656372022909E-02
60	0	55	120	1.02103834101721E-02
60	0	60	120	1.01259957866662E-02
60	0	65	120	1.01070859942903E-02
60	0	70	120	1.01416061589197E-02
60	0	75	120	1.02097963482565E-02
60	0	80	120	1.02863080227915E-02
60	0	85	120	1.03453465078084E-02
60	0	89.9	120	1.03674387711139E-02
Spec Polar [deg.]	Spec Azimuth [deg.]	Scatter Polar [deg.]	Scatter Azimuth [deg.]	BSDF (AOI=60, AZI=130) [1/sr]
60	0	0	130	1.90039861721451E-02
60	0	5	130	1.69236913387388E-02
60	0	10	130	1.52229913880513E-02
60	0	15	130	1.38883670134683E-02
60	0	20	130	0.012868212282088
60	0	25	130	1.21013385239487E-02
60	0	30	130	1.15328194363782E-02
60	0	35	130	1.11199598917717E-02
60	0	40	130	1.08321376629647E-02
60	0	45	130	1.06477195321886E-02
60	0	50	130	1.05503346294825E-02
60	0	55	130	1.05257605842387E-02
60	0	60	130	1.05597833932052E-02
60	0	65	130	1.06368993045124E-02
60	0	70	130	1.07397101999094E-02
60	0	75	130	1.08491229918254E-02
60	0	80	130	1.09456383308597E-02
60	0	85	130	1.10118072955506E-02
60	0	89.9	130	0.011035336539331
Spec Polar [deg.]	Spec Azimuth [deg.]	Scatter Polar [deg.]	Scatter Azimuth [deg.]	BSDF (AOI=60, AZI=140) [1/sr]
60	0	0	140	1.90039861721451E-02
60	0	5	140	1.66377240902461E-02
60	0	10	140	1.48453333838477E-02
60	0	15	140	0.013500832328107
60	0	20	140	1.24887611089043E-02
60	0	25	140	1.17230722673061E-02
60	0	30	140	0.011149281055158
60	0	35	140	1.07363114398889E-02
60	0	40	140	1.04643214538103E-02
60	0	45	140	1.03139208005923E-02
60	0	50	140	1.02600989732314E-02
60	0	55	140	1.02717840316815E-02
60	0	60	140	1.03160519924727E-02
60	0	65	140	1.03646067535202E-02
60	0	70	140	1.03993892373668E-02
60	0	75	140	1.04146717646407E-02
60	0	80	140	1.04148433020592E-02
60	0	85	140	0.010409212958048
60	0	89.9	140	1.04062283936576E-02
Spec Polar [deg.]	Spec Azimuth [deg.]	Scatter Polar [deg.]	Scatter Azimuth [deg.]	BSDF (AOI=60, AZI=150) [1/sr]
60	0	0	150	1.90039861721451E-02
60	0	5	150	1.64179073541485E-02
60	0	10	150	1.45603493197143E-02
60	0	15	150	0.013194889314705
60	0	20	150	1.21518308997415E-02
60	0	25	150	1.13310704245339E-02
60	0	30	150	1.06878760653054E-02
60	0	35	150	1.02086115861973E-02
60	0	40	150	9.88593809651844E-03
60	0	45	150	9.7015139799717E-03
60	0	50	150	9.6194230122172E-03
60	0	55	150	9.58997947934496E-03
60	0	60	150	9.5617296780579E-03
60	0	65	150	9.49702916263267E-03
60	0	70	150	9.38392731392684E-03
60	0	75	150	9.23795814787259E-03
60	0	80	150	9.09309147322366E-03
60	0	85	150	8.98714497406945E-03
60	0	89.9	150	8.9484019243858E-03
Spec Polar [deg.]	Spec Azimuth [deg.]	Scatter Polar [deg.]	Scatter Azimuth [deg.]	BSDF (AOI=60, AZI=160) [1/sr]
60	0	0	160	1.90039861721451E-02
60	0	5	160	0.016262356926158
60	0	10	160	1.43598552878117E-02
60	0	15	160	1.29679904005619E-02
60	0	20	160	1.18764781453503E-02
60	0	25	160	1.09796739612481E-02
60	0	30	160	1.02465935365469E-02
60	0	35	160	9.68105722429393E-03
60	0	40	160	9.28599825891888E-03
60	0	45	160	9.04231924091014E-03
60	0	50	160	8.90385346743946E-03
60	0	55	160	8.80590634640792E-03
60	0	60	160	8.68423261827409E-03
60	0	65	160	8.49792722854305E-03
60	0	70	160	8.24485740763429E-03
60	0	75	160	7.96024574313549E-03
60	0	80	160	7.6997854087259E-03
60	0	85	160	7.51817305700996E-03
60	0	89.9	160	7.45324296610866E-03
Spec Polar [deg.]	Spec Azimuth [deg.]	Scatter Polar [deg.]	Scatter Azimuth [deg.]	BSDF (AOI=60, AZI=170) [1/sr]
60	0	0	170	1.90039861721451E-02
60	0	5	170	0.016169619709756
60	0	10	170	1.42402459323066E-02
60	0	15	170	1.28266254058768E-02
60	0	20	170	1.16937191950912E-02
60	0	25	170	1.07351580053443E-02
60	0	30	170	9.93164425851366E-03
60	0	35	170	9.29955730864447E-03
60	0	40	170	8.84806303519449E-03
60	0	45	170	8.55656405041238E-03
60	0	50	170	8.37182489191163E-03
60	0	55	170	8.22017157054697E-03
60	0	60	170	8.03100716807652E-03
60	0	65	170	7.76386035690919E-03
60	0	70	170	7.42476328709823E-03
60	0	75	170	7.06113751939773E-03
60	0	80	170	6.73928024678077E-03
60	0	85	170	6.51972061325672E-03
60	0	89.9	170	6.44208413051871E-03
Spec Polar [deg.]	Spec Azimuth [deg.]	Scatter Polar [deg.]	Scatter Azimuth [deg.]	BSDF (AOI=60, AZI=180) [1/sr]
60	0	0	180	1.90039861721451E-02
60	0	5	180	0.016138806208299
60	0	10	180	1.42004313963131E-02
60	0	15	180	1.27784337297914E-02
60	0	20	180	1.16295063250563E-02
60	0	25	180	1.06475807054036E-02
60	0	30	180	9.81791617793399E-03
60	0	35	180	9.1614234517547E-03
60	0	40	180	8.68929003939969E-03
60	0	45	180	8.38019153963393E-03
60	0	50	180	8.17840042157546E-03
60	0	55	180	8.00734572628968E-03
60	0	60	180	7.79466000701865E-03
60	0	65	180	7.50049494111224E-03
60	0	70	180	7.13392644945032E-03
60	0	75	180	6.74628568696429E-03
60	0	80	180	6.40669793123924E-03
60	0	85	180	6.17666767970485E-03
60	0	89.9	180	6.09562188957089E-03
AOI	70	deg.
FRED TIS integral (0-1)	0.261836044166417
Spec Polar [deg.]	Spec Azimuth [deg.]	Scatter Polar [deg.]	Scatter Azimuth [deg.]	BSDF (AOI=70, AZI=0) [1/sr]
70	0	0	0	1.73454905531167E-02
70	0	5	0	2.18093768450124E-02
70	0	10	0	2.89897423708485E-02
70	0	15	0	4.03306283696508E-02
70	0	20	0	5.74548781009437E-02
70	0	25	0	0.081765658394647
70	0	30	0	0.114339470959972
70	0	35	0	0.156956990018559
70	0	40	0	0.214415354411246
70	0	45	0	0.297112414270828
70	0	50	0	0.422515865239268
70	0	55	0	0.613232957213402
70	0	60	0	0.886962875378431
70	0	65	0	1.23596729245317
70	0	70	0	1.61037794518933
70	0	75	0	1.93437798607483
70	0	80	0	2.15415842969066
70	0	85	0	2.26689798210558
70	0	89.9	0	2.29940424043347
Spec Polar [deg.]	Spec Azimuth [deg.]	Scatter Polar [deg.]	Scatter Azimuth [deg.]	BSDF (AOI=70, AZI=10) [1/sr]
70	0	0	10	1.73454905531167E-02
70	0	5	10	2.17127798833096E-02
70	0	10	10	2.86365953721089E-02
70	0	15	10	3.93830855959489E-02
70	0	20	10	5.52861516315296E-02
70	0	25	10	7.73668811149837E-02
70	0	30	10	0.106276471068464
70	0	35	10	0.143266593608364
70	0	40	10	0.192161514255166
70	0	45	10	0.261334313948878
70	0	50	10	0.36452405040178
70	0	55	10	0.518782218456526
70	0	60	10	0.736202511659286
70	0	65	10	1.00841035731379
70	0	70	10	1.29543996875849
70	0	75	10	1.53992172430361
70	0	80	10	1.70332474575645
70	0	85	10	1.78596741984203
70	0	89.9	10	1.80954504241772
Spec Polar [deg.]	Spec Azimuth [deg.]	Scatter Polar [deg.]	Scatter Azimuth [deg.]	BSDF (AOI=70, AZI=20) [1/sr]
70	0	0	20	1.73454905531167E-02
70	0	5	20	2.14318067913544E-02
70	0	10	20	2.76352466214385E-02
70	0	15	20	3.67754603197524E-02
70	0	20	20	4.95153944243168E-02
70	0	25	20	6.60748187982424E-02
70	0	30	20	8.63183655161397E-02
70	0	35	20	0.110575638720184
70	0	40	20	0.140873150439871
70	0	45	20	0.181758763977643
70	0	50	20	0.240121758497022
70	0	55	20	0.323389517206668
70	0	60	20	0.43501059965024
70	0	65	20	0.567783937972113
70	0	70	20	0.701029821728863
70	0	75	20	0.809329827054442
70	0	80	20	0.878447251074684
70	0	85	20	0.911783113626252
70	0	89.9	20	0.920938209058396
Spec Polar [deg.]	Spec Azimuth [deg.]	Scatter Polar [deg.]	Scatter Azimuth [deg.]	BSDF (AOI=70, AZI=30) [1/sr]
70	0	0	30	1.73454905531167E-02
70	0	5	30	2.09912521346371E-02
70	0	10	30	2.61408351303232E-02
70	0	15	30	3.30998336740902E-02
70	0	20	30	4.18810954973615E-02
70	0	25	30	5.21039220824187E-02
70	0	30	30	6.32378489673909E-02
70	0	35	30	7.51980733579446E-02
70	0	40	30	8.88804986057374E-02
70	0	45	30	0.106208141602299
70	0	50	30	0.129625515900334
70	0	55	30	0.161076169213176
70	0	60	30	0.200415269878375
70	0	65	30	0.243844991742682
70	0	70	30	0.284224571952106
70	0	75	30	0.314554500211214
70	0	80	30	0.332255543188014
70	0	85	30	0.339897615020934
70	0	89.9	30	0.341783780155984
Spec Polar [deg.]	Spec Azimuth [deg.]	Scatter Polar [deg.]	Scatter Azimuth [deg.]	BSDF (AOI=70, AZI=40) [1/sr]
70	0	0	40	1.73454905531167E-02
70	0	5	40	2.04274252415093E-02
70	0	10	40	2.43581693985301E-02
70	0	15	40	2.90503320491409E-02
70	0	20	40	3.41661531792297E-02
70	0	25	40	0.039195042566438
70	0	30	40	4.37311985300699E-02
70	0	35	40	4.77877887435813E-02
70	0	40	40	5.18853113770967E-02
70	0	45	40	5.68422620950514E-02
70	0	50	40	6.34158746613401E-02
70	0	55	40	0.071925606933214
70	0	60	40	8.19192374836074E-02
70	0	65	40	9.20637272398501E-02
70	0	70	40	0.100576680532061
70	0	75	40	0.106173232574005
70	0	80	40	0.108818251457484
70	0	85	40	0.109563089850532
70	0	89.9	40	0.109637274387883
Spec Polar [deg.]	Spec Azimuth [deg.]	Scatter Polar [deg.]	Scatter Azimuth [deg.]	BSDF (AOI=70, AZI=50) [1/sr]
70	0	0	50	1.73454905531167E-02
70	0	5	50	1.97821974120931E-02
70	0	10	50	2.24888056237677E-02
70	0	15	50	2.51926749992356E-02
70	0	20	50	2.75237109954919E-02
70	0	25	50	2.91598951753688E-02
70	0	30	50	0.03000460141253
70	0	35	50	3.02582277094725E-02
70	0	40	50	0.030319839856258
70	0	45	50	3.05980817756902E-02
70	0	50	50	3.13514542034495E-02
70	0	55	50	3.26067407015286E-02
70	0	60	50	3.41513074569394E-02
70	0	65	50	3.56090361740184E-02
70	0	70	50	3.66110603560761E-02
70	0	75	50	3.69946835228682E-02
70	0	80	50	3.68894622661155E-02
70	0	85	50	0.036616803438719
70	0	89.9	50	0.036484848919808
Spec Polar [deg.]	Spec Azimuth [deg.]	Scatter Polar [deg.]	Scatter Azimuth [deg.]	BSDF (AOI=70, AZI=60) [1/sr]
70	0	0	60	1.73454905531167E-02
70	0	5	60	1.90971155657242E-02
70	0	10	60	2.06927999888533E-02
70	0	15	60	2.18615627568589E-02
70	0	20	60	2.23780618474839E-02
70	0	25	60	2.21679802152735E-02
70	0	30	60	2.13540500207596E-02
70	0	35	60	2.02020460225052E-02
70	0	40	60	1.90043715237664E-02
70	0	45	60	0.017977925239007
70	0	50	60	1.72202483681676E-02
70	0	55	60	1.67177032350532E-02
70	0	60	60	1.63821707502019E-02
70	0	65	60	1.61013121898343E-02
70	0	70	60	1.57916390062451E-02
70	0	75	60	1.54357332975694E-02
70	0	80	60	1.50842439602291E-02
70	0	85	60	1.48227902434861E-02
70	0	89.9	60	1.47260325204641E-02
Spec Polar [deg.]	Spec Azimuth [deg.]	Scatter Polar [deg.]	Scatter Azimuth [deg.]	BSDF (AOI=70, AZI=70) [1/sr]
70	0	0	70	1.73454905531167E-02
70	0	5	70	1.84088202034988E-02
70	0	10	70	1.90729921855683E-02
70	0	15	70	1.91771447906284E-02
70	0	20	70	1.86684789293727E-02
70	0	25	70	1.76327091145405E-02
70	0	30	70	1.62629036895415E-02
70	0	35	70	1.47850753418229E-02
70	0	40	70	1.33858080981106E-02
70	0	45	70	1.21752381259106E-02
70	0	50	70	1.11878689675076E-02
70	0	55	70	1.04047972631569E-02
70	0	60	70	9.78113916859906E-03
70	0	65	70	9.27006829314816E-03
70	0	70	70	8.83969172142911E-03
70	0	75	70	8.48034449727718E-03
70	0	80	70	8.20173852969589E-03
70	0	85	70	8.02301018726569E-03
70	0	89.9	70	7.96123925009191E-03
Spec Polar [deg.]	Spec Azimuth [deg.]	Scatter Polar [deg.]	Scatter Azimuth [deg.]	BSDF (AOI=70, AZI=80) [1/sr]
70	0	0	80	1.73454905531167E-02
70	0	5	80	1.77463728555406E-02
70	0	10	80	1.76780282090486E-02
70	0	15	80	1.71159363746727E-02
70	0	20	80	1.61252707244047E-02
70	0	25	80	1.48426174501128E-02
70	0	30	80	1.34328461644399E-02
70	0	35	80	1.20437393731241E-02
70	0	40	80	1.07777722176192E-02
70	0	45	80	9.68628405325368E-03
70	0	50	80	8.77939310017564E-03
70	0	55	80	8.04180385232512E-03
70	0	60	80	7.44756537014962E-03
70	0	65	80	6.97080049546435E-03
70	0	70	80	6.59186534723743E-03
70	0	75	80	6.29941778399747E-03
70	0	80	80	6.08937614598393E-03
70	0	85	80	5.96212615525368E-03
70	0	89.9	80	5.91944076559441E-03
Spec Polar [deg.]	Spec Azimuth [deg.]	Scatter Polar [deg.]	Scatter Azimuth [deg.]	BSDF (AOI=70, AZI=90) [1/sr]
70	0	0	90	1.73454905531167E-02
70	0	5	90	0.017130469687598
70	0	10	90	1.65154208560718E-02
70	0	15	90	0.015581821722791
70	0	20	90	1.44408500669788E-02
70	0	25	90	1.32076596739121E-02
70	0	30	90	1.19807670504902E-02
70	0	35	90	1.08312308515947E-02
70	0	40	90	9.80127610476178E-03
70	0	45	90	8.90905857486393E-03
70	0	50	90	8.15584261585185E-03
70	0	55	90	7.53294339906434E-03
70	0	60	90	7.02715901633172E-03
70	0	65	90	6.6244260387632E-03
70	0	70	90	6.31194897231335E-03
70	0	75	90	6.07921813728782E-03
70	0	80	90	5.91831670763358E-03
70	0	85	90	5.82384265144684E-03
70	0	89.9	90	5.79270056915656E-03
Spec Polar [deg.]	Spec Azimuth [deg.]	Scatter Polar [deg.]	Scatter Azimuth [deg.]	BSDF (AOI=70, AZI=100) [1/sr]
70	0	0	100	1.73454905531167E-02
70	0	5	100	1.65741032138914E-02
70	0	10	100	1.55669990559121E-02
70	0	15	100	1.44552907279084E-02
70	0	20	100	0.013340805009877
70	0	25	100	1.22882817284258E-02
70	0	30	100	1.13303040128291E-02
70	0	35	100	1.04776119257985E-02
70	0	40	100	9.72929394347403E-03
70	0	45	100	9.08013973858815E-03
70	0	50	100	8.52457456011061E-03
70	0	55	100	8.05781383384378E-03
70	0	60	100	7.6753714340379E-03
70	0	65	100	7.37204765461782E-03
70	0	70	100	7.14121889176499E-03
70	0	75	100	6.97485113419976E-03
70	0	80	100	6.86430200421354E-03
70	0	85	100	6.80170132780914E-03
70	0	89.9	100	6.78151022727508E-03
Spec Polar [deg.]	Spec Azimuth [deg.]	Scatter Polar [deg.]	Scatter Azimuth [deg.]	BSDF (AOI=70, AZI=110) [1/sr]
70	0	0	110	1.73454905531167E-02
70	0	5	110	1.60840804260413E-02
70	0	10	110	1.48024185685961E-02
70	0	15	110	0.013621617569065
70	0	20	110	1.26026533864167E-02
70	0	25	110	0.011759760271792
70	0	30	110	1.10780698699328E-02
70	0	35	110	1.05289383493473E-02
70	0	40	110	1.00811985331325E-02
70	0	45	110	9.70851574522845E-03
70	0	50	110	9.39318822393903E-03
70	0	55	110	9.12659087103303E-03
70	0	60	110	0.00890678985528
70	0	65	110	8.73453143950919E-03
70	0	70	110	8.60925771020097E-03
70	0	75	110	8.52665282975862E-03
70	0	80	110	8.47855175071125E-03
70	0	85	110	8.45512623288324E-03
70	0	89.9	110	8.44835192623418E-03
Spec Polar [deg.]	Spec Azimuth [deg.]	Scatter Polar [deg.]	Scatter Azimuth [deg.]	BSDF (AOI=70, AZI=120) [1/sr]
70	0	0	120	1.73454905531167E-02
70	0	5	120	1.56628482566545E-02
70	0	10	120	1.41892040178357E-02
70	0	15	120	1.29857175301544E-02
70	0	20	120	1.20592123892414E-02
70	0	25	120	1.13855242534578E-02
70	0	30	120	1.09247474755899E-02
70	0	35	120	1.06295646364282E-02
70	0	40	120	0.010450525478755
70	0	45	120	1.03414438526152E-02
70	0	50	120	0.010265649031746
70	0	55	120	1.02011394128433E-02
70	0	60	120	1.01416061589196E-02
70	0	65	120	1.00919460553331E-02
70	0	70	120	1.00601233441663E-02
70	0	75	120	1.00494556218184E-02
70	0	80	120	1.00550719417169E-02
70	0	85	120	1.00659659602459E-02
70	0	89.9	120	1.00711219923205E-02
Spec Polar [deg.]	Spec Azimuth [deg.]	Scatter Polar [deg.]	Scatter Azimuth [deg.]	BSDF (AOI=70, AZI=130) [1/sr]
70	0	0	130	1.73454905531167E-02
70	0	5	130	1.53102192225579E-02
70	0	10	130	1.36992286871076E-02
70	0	15	130	1.24795357268173E-02
70	0	20	130	0.011601347785764
70	0	25	130	1.10155138323608E-02
70	0	30	130	0.010675141240507
70	0	35	130	1.05302356010561E-02
70	0	40	130	1.05231241428634E-02
70	0	45	130	1.05901740259593E-02
70	0	50	130	0.010671687420954
70	0	55	130	1.07261111011754E-02
70	0	60	130	1.07397101999095E-02
70	0	65	130	1.07241750281994E-02
70	0	70	130	1.07028540964044E-02
70	0	75	130	1.06941953757484E-02
70	0	80	130	1.07018860012885E-02
70	0	85	130	1.07159931148299E-02
70	0	89.9	130	1.07227687414077E-02
Spec Polar [deg.]	Spec Azimuth [deg.]	Scatter Polar [deg.]	Scatter Azimuth [deg.]	BSDF (AOI=70, AZI=140) [1/sr]
70	0	0	140	1.73454905531167E-02
70	0	5	140	1.50247554963127E-02
70	0	10	140	1.33120040020255E-02
70	0	15	140	1.20640154453783E-02
70	0	20	140	1.11784889275086E-02
70	0	25	140	1.05923249017142E-02
70	0	30	140	1.02630225562307E-02
70	0	35	140	1.01469045240762E-02
70	0	40	140	1.01840387497628E-02
70	0	45	140	1.02964398290136E-02
70	0	50	140	1.04025347202766E-02
70	0	55	140	1.04426120611711E-02
70	0	60	140	0.010399389237367
70	0	65	140	1.02976725101931E-02
70	0	70	140	0.010182605650565
70	0	75	140	1.00921996095423E-02
70	0	80	140	1.00410174973926E-02
70	0	85	140	1.00213452539904E-02
70	0	89.9	140	1.00173397939014E-02
Spec Polar [deg.]	Spec Azimuth [deg.]	Scatter Polar [deg.]	Scatter Azimuth [deg.]	BSDF (AOI=70, AZI=150) [1/sr]
70	0	0	150	1.73454905531167E-02
70	0	5	150	1.48047174079397E-02
70	0	10	150	1.30152897540977E-02
70	0	15	150	1.17258067112172E-02
70	0	20	150	1.07903410813395E-02
70	0	25	150	1.01405982909088E-02
70	0	30	150	9.74449648745544E-03
70	0	35	150	9.56785394336089E-03
70	0	40	150	9.55076028396878E-03
70	0	45	150	9.60455346139474E-03
70	0	50	150	9.63189247393008E-03
70	0	55	150	9.56281543351643E-03
70	0	60	150	9.38392731392664E-03
70	0	65	150	0.009136959727114
70	0	70	150	8.88742607017375E-03
70	0	75	150	8.68805570322884E-03
70	0	80	150	8.55975130688253E-03
70	0	85	150	8.49512186149474E-03
70	0	89.9	150	8.47647073693424E-03
Spec Polar [deg.]	Spec Azimuth [deg.]	Scatter Polar [deg.]	Scatter Azimuth [deg.]	BSDF (AOI=70, AZI=160) [1/sr]
70	0	0	160	1.73454905531167E-02
70	0	5	160	1.46485961594872E-02
70	0	10	160	1.28037072654944E-02
70	0	15	160	1.14695122647069E-02
70	0	20	160	1.04684757468828E-02
70	0	25	160	9.73328993222959E-03
70	0	30	160	9.24406002867183E-03
70	0	35	160	8.97562093130638E-03
70	0	40	160	8.8685185388564E-03
70	0	45	160	8.82734443115702E-03
70	0	50	160	8.74653494018078E-03
70	0	55	160	8.55409793124108E-03
70	0	60	160	8.24485740763429E-03
70	0	65	160	7.87491896172506E-03
70	0	70	160	7.52192180400079E-03
70	0	75	160	7.24387054708218E-03
70	0	80	160	7.06153032924211E-03
70	0	85	160	6.96552999188078E-03
70	0	89.9	160	6.93660498563037E-03
Spec Polar [deg.]	Spec Azimuth [deg.]	Scatter Polar [deg.]	Scatter Azimuth [deg.]	BSDF (AOI=70, AZI=170) [1/sr]
70	0	0	170	1.73454905531167E-02
70	0	5	170	1.45553252063001E-02
70	0	10	170	1.26762410054001E-02
70	0	15	170	1.13078090100946E-02
70	0	20	170	1.02539030806151E-02
70	0	25	170	9.45053531139996E-03
70	0	30	170	8.88753708567566E-03
70	0	35	170	8.54601186515356E-03
70	0	40	170	8.36679888289797E-03
70	0	45	170	8.25105659558222E-03
70	0	50	170	8.09029859410039E-03
70	0	55	170	7.81423689987477E-03
70	0	60	170	7.42476328709823E-03
70	0	65	170	6.9862425092627E-03
70	0	70	170	6.58067086965953E-03
70	0	75	170	6.26547933069279E-03
70	0	80	170	6.05864452298915E-03
70	0	85	170	5.94854703582452E-03
70	0	89.9	170	5.91498475692736E-03
Spec Polar [deg.]	Spec Azimuth [deg.]	Scatter Polar [deg.]	Scatter Azimuth [deg.]	BSDF (AOI=70, AZI=180) [1/sr]
70	0	0	180	1.73454905531167E-02
70	0	5	180	0.01452429916199
70	0	10	180	1.26335948769638E-02
70	0	15	180	1.12523762982212E-02
70	0	20	180	1.01784628187373E-02
70	0	25	180	9.34954497062041E-03
70	0	30	180	8.75916543092716E-03
70	0	35	180	8.39065371315414E-03
70	0	40	180	8.18492940775345E-03
70	0	45	180	8.04213408034185E-03
70	0	50	180	7.85321075287302E-03
70	0	55	180	7.54896592290557E-03
70	0	60	180	7.13392644945032E-03
70	0	65	180	6.67495362339361E-03
70	0	70	180	6.25479906646253E-03
70	0	75	180	5.92995649023845E-03
70	0	80	180	5.7169983592822E-03
70	0	85	180	5.60340366095087E-03
70	0	89.9	180	5.56868484326268E-03
AOI	80	deg.
FRED TIS integral (0-1)	0.329055358892848
Spec Polar [deg.]	Spec Azimuth [deg.]	Scatter Polar [deg.]	Scatter Azimuth [deg.]	BSDF (AOI=80, AZI=0) [1/sr]
80	0	0	0	1.56625237878126E-02
80	0	5	0	1.97954986720325E-02
80	0	10	0	0.027152355469259
80	0	15	0	4.02114396426271E-02
80	0	20	0	6.26780791218324E-02
80	0	25	0	9.92219786213565E-02
80	0	30	0	0.154659588100155
80	0	35	0	0.233911029303418
80	0	40	0	0.344488909896222
80	0	45	0	0.500554185122824
80	0	50	0	0.723754912093904
80	0	55	0	1.03384657363067
80	0	60	0	1.4238949276467
80	0	65	0	1.83230858533402
80	0	70	0	2.15415842969063
80	0	75	0	2.3134995831305
80	0	80	0	2.32674086585882
80	0	85	0	2.27928983814633
80	0	89.9	0	2.25308208428092
Spec Polar [deg.]	Spec Azimuth [deg.]	Scatter Polar [deg.]	Scatter Azimuth [deg.]	BSDF (AOI=80, AZI=10) [1/sr]
80	0	0	10	1.56625237878126E-02
80	0	5	10	1.97045135764915E-02
80	0	10	10	2.67884326907763E-02
80	0	15	10	3.91241521269916E-02
80	0	20	10	5.98669379942558E-02
80	0	25	10	9.27442672834485E-02
80	0	30	10	0.141265719961145
80	0	35	10	0.208766558885753
80	0	40	10	0.300624415315808
80	0	45	10	0.427491968697343
80	0	50	10	0.605559005128992
80	0	55	10	0.848774044083249
80	0	60	10	1.14997236516096
80	0	65	10	1.46105668859976
80	0	70	10	1.7033247457563
80	0	75	10	1.82163294281585
80	0	80	10	1.82998731479832
80	0	85	10	1.79321122280123
80	0	89.9	10	1.77311036028229
Spec Polar [deg.]	Spec Azimuth [deg.]	Scatter Polar [deg.]	Scatter Azimuth [deg.]	BSDF (AOI=80, AZI=20) [1/sr]
80	0	0	20	1.56625237878126E-02
80	0	5	20	1.94404882753073E-02
80	0	10	20	2.57625066559836E-02
80	0	15	20	3.61641482634169E-02
80	0	20	20	5.25190425598016E-02
80	0	25	20	7.65496348368246E-02
80	0	30	20	0.109274112413245
80	0	35	20	0.151325854690549
80	0	40	20	0.204580089652093
80	0	45	20	0.273799778699908
80	0	50	20	0.366101791137332
80	0	55	20	0.486503073023373
80	0	60	20	0.629403816306466
80	0	65	20	0.771485923610982
80	0	70	20	0.878447251074648
80	0	75	20	0.928471658948066
80	0	80	20	0.929841827082799
80	0	85	20	0.911990822307419
80	0	89.9	20	0.902530298958837
Spec Polar [deg.]	Spec Azimuth [deg.]	Scatter Polar [deg.]	Scatter Azimuth [deg.]	BSDF (AOI=80, AZI=30) [1/sr]
80	0	0	30	1.56625237878126E-02
80	0	5	30	1.90284084273254E-02
80	0	10	30	2.42485012407064E-02
80	0	15	30	0.032076534788023
80	0	20	30	4.31166533543425E-02
80	0	25	30	5.74695993713151E-02
80	0	30	30	7.46268451801998E-02
80	0	35	30	9.40166546720231E-02
80	0	40	30	0.115950780183814
80	0	45	30	0.142065835866489
80	0	50	30	0.174622245728623
80	0	55	30	0.214667183190924
80	0	60	30	0.259605773178407
80	0	65	30	0.30197944906306
80	0	70	30	0.332255543188001
80	0	75	30	0.345274876988466
80	0	80	30	0.344310849292014
80	0	85	30	0.338220177762831
80	0	89.9	30	0.335149848770768
Spec Polar [deg.]	Spec Azimuth [deg.]	Scatter Polar [deg.]	Scatter Azimuth [deg.]	BSDF (AOI=80, AZI=40) [1/sr]
80	0	0	40	1.56625237878126E-02
80	0	5	40	1.85044967716059E-02
80	0	10	40	2.24709939120695E-02
80	0	15	40	2.76987045130879E-02
80	0	20	40	3.40299206605412E-02
80	0	25	40	4.09391950769005E-02
80	0	30	40	4.77414818815559E-02
80	0	35	40	5.40464760130473E-02
80	0	40	40	6.00903986912217E-02
80	0	45	40	6.66244813630519E-02
80	0	50	40	7.44325699718116E-02
80	0	55	40	8.37467910473856E-02
80	0	60	40	9.37950260270161E-02
80	0	65	40	0.102806402855882
80	0	70	40	0.108818251457483
80	0	75	40	0.110974497186473
80	0	80	40	0.110184207944089
80	0	85	40	0.108466932030425
80	0	89.9	40	0.107658157961968
Spec Polar [deg.]	Spec Azimuth [deg.]	Scatter Polar [deg.]	Scatter Azimuth [deg.]	BSDF (AOI=80, AZI=50) [1/sr]
80	0	0	50	1.56625237878126E-02
80	0	5	50	1.79098808781007E-02
80	0	10	50	2.06434697488581E-02
80	0	15	50	2.36671448034705E-02
80	0	20	50	2.65985104910772E-02
80	0	25	50	2.89798462972671E-02
80	0	30	50	3.05086344675409E-02
80	0	35	50	3.12254316359578E-02
80	0	40	50	3.14906819957816E-02
80	0	45	50	3.17738755882404E-02
80	0	50	50	3.24227741623154E-02
80	0	55	50	3.35280601984087E-02
80	0	60	50	3.48984067749153E-02
80	0	65	50	3.61466820965015E-02
80	0	70	50	3.68894622661153E-02
80	0	75	50	3.69777307416498E-02
80	0	80	50	3.65916331611608E-02
80	0	85	50	3.61175245846818E-02
80	0	89.9	50	3.59126469693197E-02
Spec Polar [deg.]	Spec Azimuth [deg.]	Scatter Polar [deg.]	Scatter Azimuth [deg.]	BSDF (AOI=80, AZI=60) [1/sr]
80	0	0	60	1.56625237878126E-02
80	0	5	60	1.72844877798516E-02
80	0	10	60	1.89268884882227E-02
80	0	15	60	2.03144858721973E-02
80	0	20	60	2.11478534312282E-02
80	0	25	60	2.12347700086313E-02
80	0	30	60	2.05996394526195E-02
80	0	35	60	1.94792953032574E-02
80	0	40	60	1.82042388780998E-02
80	0	45	60	1.70582247526618E-02
80	0	50	60	1.62001787805692E-02
80	0	55	60	1.56587907526382E-02
80	0	60	60	1.53671670213865E-02
80	0	65	60	1.52116202393856E-02
80	0	70	60	1.50842439602287E-02
80	0	75	60	1.49269993191273E-02
80	0	80	60	1.47479841595733E-02
80	0	85	60	1.46011318037344E-02
80	0	89.9	60	1.45441935363425E-02
Spec Polar [deg.]	Spec Azimuth [deg.]	Scatter Polar [deg.]	Scatter Azimuth [deg.]	BSDF (AOI=80, AZI=70) [1/sr]
80	0	0	70	1.56625237878126E-02
80	0	5	70	1.66624900878296E-02
80	0	10	70	1.74160525222445E-02
80	0	15	70	0.017719613411709
80	0	20	70	0.017435735698519
80	0	25	70	1.65650065810767E-02
80	0	30	70	1.52579365583718E-02
80	0	35	70	1.37528851199095E-02
80	0	40	70	1.22827684929228E-02
80	0	45	70	1.10083414444534E-02
80	0	50	70	1.00014593380996E-02
80	0	55	70	9.26361817354406E-03
80	0	60	70	8.75497895831235E-03
80	0	65	70	8.41933758446917E-03
80	0	70	70	8.20173852969601E-03
80	0	75	70	8.05946424178634E-03
80	0	80	70	7.96658612106094E-03
80	0	85	70	7.9121367077624E-03
80	0	89.9	70	7.8939386670671E-03
Spec Polar [deg.]	Spec Azimuth [deg.]	Scatter Polar [deg.]	Scatter Azimuth [deg.]	BSDF (AOI=80, AZI=80) [1/sr]
80	0	0	80	1.56625237878126E-02
80	0	5	80	1.60698812175261E-02
80	0	10	80	1.61469286507002E-02
80	0	15	80	1.58100579429808E-02
80	0	20	80	1.50423658961401E-02
80	0	25	80	1.39134426776277E-02
80	0	30	80	1.25632971839549E-02
80	0	35	80	1.11577977051384E-02
80	0	40	80	9.84094643174882E-03
80	0	45	80	8.70667015274917E-03
80	0	50	80	7.79553788274876E-03
80	0	55	80	7.10736086800483E-03
80	0	60	80	6.61770222821812E-03
80	0	65	80	6.29110323550858E-03
80	0	70	80	6.08937614598375E-03
80	0	75	80	5.97627340250839E-03
80	0	80	80	5.92035444049591E-03
80	0	85	80	5.89719639968115E-03
80	0	89.9	80	5.89125965549291E-03
Spec Polar [deg.]	Spec Azimuth [deg.]	Scatter Polar [deg.]	Scatter Azimuth [deg.]	BSDF (AOI=80, AZI=90) [1/sr]
80	0	0	90	1.56625237878126E-02
80	0	5	90	1.55240594617039E-02
80	0	10	90	1.51135588373174E-02
80	0	15	90	1.44482679262022E-02
80	0	20	90	0.013563369938638
80	0	25	90	1.25155281955299E-02
80	0	30	90	1.13797417123576E-02
80	0	35	90	1.02386900118178E-02
80	0	40	90	9.16844765027126E-03
80	0	45	90	8.22653835625244E-03
80	0	50	90	7.4464222728985E-03
80	0	55	90	0.006838601183602
80	0	60	90	6.39563287069681E-03
80	0	65	90	6.09789895405394E-03
80	0	70	90	5.91831670763358E-03
80	0	75	90	5.82590633777344E-03
80	0	80	90	5.78917666702094E-03
80	0	85	90	5.78024767735414E-03
80	0	89.9	90	5.7796191159167E-03
Spec Polar [deg.]	Spec Azimuth [deg.]	Scatter Polar [deg.]	Scatter Azimuth [deg.]	BSDF (AOI=80, AZI=100) [1/sr]
80	0	0	100	1.56625237878126E-02
80	0	5	100	1.50348762755959E-02
80	0	10	100	1.42859396288885E-02
80	0	15	100	1.34837370016834E-02
80	0	20	100	1.26640997106012E-02
80	0	25	100	1.18414621271721E-02
80	0	30	100	1.10232848268244E-02
80	0	35	100	1.02214098636459E-02
80	0	40	100	9.45662491632081E-03
80	0	45	100	8.75624501239948E-03
80	0	50	100	8.14754383800928E-03
80	0	55	100	7.65093857372657E-03
80	0	60	100	7.27563830260324E-03
80	0	65	100	7.01835148811114E-03
80	0	70	100	6.86430200421341E-03
80	0	75	100	6.78980193448554E-03
80	0	80	100	6.76629092915662E-03
80	0	85	100	6.7659727492896E-03
80	0	89.9	100	6.76838495911204E-03
Spec Polar [deg.]	Spec Azimuth [deg.]	Scatter Polar [deg.]	Scatter Azimuth [deg.]	BSDF (AOI=80, AZI=110) [1/sr]
80	0	0	110	1.56625237878126E-02
80	0	5	110	1.46064777824766E-02
80	0	10	110	1.36248058414518E-02
80	0	15	110	1.27798841141019E-02
80	0	20	110	1.20805862642446E-02
80	0	25	110	1.15034086027224E-02
80	0	30	110	1.10116528682907E-02
80	0	35	110	1.05701805053715E-02
80	0	40	110	1.01552839605542E-02
80	0	45	110	9.75922297490892E-03
80	0	50	110	9.38919325590483E-03
80	0	55	110	9.06168865342626E-03
80	0	60	110	8.79460103548626E-03
80	0	65	110	8.59984059295547E-03
80	0	70	110	8.47855175071123E-03
80	0	75	110	8.41992340389664E-03
80	0	80	110	8.40382562025633E-03
80	0	85	110	8.40685455990529E-03
80	0	89.9	110	8.41025490945861E-03
Spec Polar [deg.]	Spec Azimuth [deg.]	Scatter Polar [deg.]	Scatter Azimuth [deg.]	BSDF (AOI=80, AZI=120) [1/sr]
80	0	0	120	1.56625237878126E-02
80	0	5	120	0.014239345534331
80	0	10	120	1.30923282329054E-02
80	0	15	120	1.22285056395479E-02
80	0	20	120	1.16176693685586E-02
80	0	25	120	1.12141214385365E-02
80	0	30	120	1.09668655075401E-02
80	0	35	120	1.08234353081367E-02
80	0	40	120	0.010732996043136
80	0	45	120	1.06520744305433E-02
80	0	50	120	1.05523559381711E-02
80	0	55	120	1.04263549981821E-02
80	0	60	120	1.02863080227915E-02
80	0	65	120	0.010155360519024
80	0	70	120	1.00550719417169E-02
80	0	75	120	9.99535521963178E-03
80	0	80	120	9.97126938091215E-03
80	0	85	120	9.96759060283534E-03
80	0	89.9	120	0.009968563700377
Spec Polar [deg.]	Spec Azimuth [deg.]	Scatter Polar [deg.]	Scatter Azimuth [deg.]	BSDF (AOI=80, AZI=130) [1/sr]
80	0	0	130	1.56625237878126E-02
80	0	5	130	1.39321105448039E-02
80	0	10	130	0.012658863821131
80	0	15	130	1.17582741732151E-02
80	0	20	130	0.01115681570139
80	0	25	130	1.08007263653345E-02
80	0	30	130	1.06478773304188E-02
80	0	35	130	1.06535061886953E-02
80	0	40	130	1.07596463740443E-02
80	0	45	130	1.08959341355688E-02
80	0	50	130	1.09944656373661E-02
80	0	55	130	1.10121412848894E-02
80	0	60	130	1.09456383308597E-02
80	0	65	130	1.08269555929066E-02
80	0	70	130	1.07018860012887E-02
80	0	75	130	1.06058990495733E-02
80	0	80	130	1.05511527729036E-02
80	0	85	130	0.010529095704073
80	0	89.9	130	1.05241958651566E-02
Spec Polar [deg.]	Spec Azimuth [deg.]	Scatter Polar [deg.]	Scatter Azimuth [deg.]	BSDF (AOI=80, AZI=140) [1/sr]
80	0	0	140	1.56625237878126E-02
80	0	5	140	0.013682898099049
80	0	10	140	1.23060241584858E-02
80	0	15	140	1.13371747457341E-02
80	0	20	140	0.010661351841681
80	0	25	140	1.02274223967117E-02
80	0	30	140	1.00151445753055E-02
80	0	35	140	1.00001726065287E-02
80	0	40	140	0.010129910112068
80	0	45	140	1.03189400475198E-02
80	0	50	140	1.04688506042696E-02
80	0	55	140	1.05061942955345E-02
80	0	60	140	1.04148433020593E-02
80	0	65	140	1.02368756557493E-02
80	0	70	140	0.010041017497393
80	0	75	140	9.88366597692462E-03
80	0	80	140	9.7873287368118E-03
80	0	85	140	9.74349249809139E-03
80	0	89.9	140	9.73214957605626E-03
Spec Polar [deg.]	Spec Azimuth [deg.]	Scatter Polar [deg.]	Scatter Azimuth [deg.]	BSDF (AOI=80, AZI=150) [1/sr]
80	0	0	150	1.56625237878126E-02
80	0	5	150	1.34901249836146E-02
80	0	10	150	1.20264225721453E-02
80	0	15	150	1.09669807043679E-02
80	0	20	150	1.01634332672959E-02
80	0	25	150	9.57642799639848E-03
80	0	30	150	9.21301350803543E-03
80	0	35	150	9.07053137534185E-03
80	0	40	150	9.10381809363754E-03
80	0	45	150	9.22031832584827E-03
80	0	50	150	9.30502417553804E-03
80	0	55	150	9.26909683670695E-03
80	0	60	150	9.0930914732238E-03
80	0	65	150	8.82905410303599E-03
80	0	70	150	8.55975130688265E-03
80	0	75	150	8.35013054872763E-03
80	0	80	150	8.22302130004917E-03
80	0	85	150	8.16478653954279E-03
80	0	89.9	150	8.14949686684133E-03
Spec Polar [deg.]	Spec Azimuth [deg.]	Scatter Polar [deg.]	Scatter Azimuth [deg.]	BSDF (AOI=80, AZI=160) [1/sr]
80	0	0	160	1.56625237878126E-02
80	0	5	160	1.33528018861225E-02
80	0	10	160	1.18208662559056E-02
80	0	15	160	1.06707353549559E-02
80	0	20	160	9.73252886520996E-03
80	0	25	160	8.98448630923212E-03
80	0	30	160	8.46005764764366E-03
80	0	35	160	8.17309480311812E-03
80	0	40	160	8.08237578898093E-03
80	0	45	160	8.0915806193565E-03
80	0	50	160	8.07965484820884E-03
80	0	55	160	7.9546016357173E-03
80	0	60	160	7.69978540872582E-03
80	0	65	160	7.37337047742274E-03
80	0	70	160	7.06153032924216E-03
80	0	75	160	6.82725344660298E-03
80	0	80	160	6.6881633056157E-03
80	0	85	160	6.62526535472285E-03
80	0	89.9	160	6.60887230677522E-03
Spec Polar [deg.]	Spec Azimuth [deg.]	Scatter Polar [deg.]	Scatter Azimuth [deg.]	BSDF (AOI=80, AZI=170) [1/sr]
80	0	0	170	1.56625237878126E-02
80	0	5	170	1.32704832158672E-02
80	0	10	170	1.16942244925278E-02
80	0	15	170	1.04776786606876E-02
80	0	20	170	9.4404625328044E-03
80	0	25	170	8.57684429108208E-03
80	0	30	170	7.93939624447663E-03
80	0	35	170	7.55136863651543E-03
80	0	40	170	7.37213808047693E-03
80	0	45	170	7.3030728607619E-03
80	0	50	170	7.22199286612782E-03
80	0	55	170	7.03847598736631E-03
80	0	60	170	6.7392802467809E-03
80	0	65	170	6.38459559146273E-03
80	0	70	170	6.05864452298941E-03
80	0	75	170	5.81943143931425E-03
80	0	80	170	5.67961346550389E-03
80	0	85	170	5.61712097814758E-03
80	0	89.9	170	5.60096778334516E-03
Spec Polar [deg.]	Spec Azimuth [deg.]	Scatter Polar [deg.]	Scatter Azimuth [deg.]	BSDF (AOI=80, AZI=180) [1/sr]
80	0	0	180	1.56625237878126E-02
80	0	5	180	1.32430475656154E-02
80	0	10	180	1.16513560987615E-02
80	0	15	180	1.04105231343918E-02
80	0	20	180	9.33726954006254E-03
80	0	25	180	8.43234339946883E-03
80	0	30	180	7.75527617022644E-03
80	0	35	180	7.33223544554589E-03
80	0	40	180	7.12235927361474E-03
80	0	45	180	7.02616330816358E-03
80	0	50	180	6.92148797327011E-03
80	0	55	180	6.71897706288922E-03
80	0	60	180	6.40669793123918E-03
80	0	65	180	6.04509768529359E-03
80	0	70	180	5.71699835928225E-03
80	0	75	180	5.47813295526748E-03
80	0	80	180	5.33929123951769E-03
80	0	85	180	5.27750449375941E-03
80	0	89.9	180	5.26158518975612E-03
AOI	89.9	deg.
FRED TIS integral (0-1)	0.360880261889129
Spec Polar [deg.]	Spec Azimuth [deg.]	Scatter Polar [deg.]	Scatter Azimuth [deg.]	BSDF (AOI=89.9, AZI=0) [1/sr]
89.9	0	0	0	1.49528047220608E-02
89.9	0	5	0	1.88715801281014E-02
89.9	0	10	0	2.62208070365649E-02
89.9	0	15	0	4.00279697318986E-02
89.9	0	20	0	6.53440699481243E-02
89.9	0	25	0	0.109415749415628
89.9	0	30	0	0.180605636548029
89.9	0	35	0	0.286934684139036
89.9	0	40	0	0.437026673338247
89.9	0	45	0	0.643654426647204
89.9	0	50	0	0.923518450706076
89.9	0	55	0	1.2839206273631
89.9	0	60	0	1.69469848082072
89.9	0	65	0	2.06915289299192
89.9	0	70	0	2.29940424043335
89.9	0	75	0	2.34104061073296
89.9	0	80	0	2.25308208428081
89.9	0	85	0	2.14408443441337
89.9	0	89.9	0	2.09810394689876
Spec Polar [deg.]	Spec Azimuth [deg.]	Scatter Polar [deg.]	Scatter Azimuth [deg.]	BSDF (AOI=89.9, AZI=10) [1/sr]
89.9	0	0	10	1.49528047220608E-02
89.9	0	5	10	1.87844181997706E-02
89.9	0	10	10	2.58557857915687E-02
89.9	0	15	10	3.88776368711564E-02
89.9	0	20	10	6.21817079979927E-02
89.9	0	25	10	0.10163621693964
89.9	0	30	10	0.163494818702057
89.9	0	35	10	0.253184736074977
89.9	0	40	10	0.376370019522564
89.9	0	45	10	0.542011260586778
89.9	0	50	10	0.762033684534521
89.9	0	55	10	1.04082297535501
89.9	0	60	10	1.3543426271341
89.9	0	65	10	1.6371219665497
89.9	0	70	10	1.80954504241774
89.9	0	75	10	1.83993745193933
89.9	0	80	10	1.77311036028229
89.9	0	85	10	1.69056596236389
89.9	0	89.9	10	1.65572761010698
Spec Polar [deg.]	Spec Azimuth [deg.]	Scatter Polar [deg.]	Scatter Azimuth [deg.]	BSDF (AOI=89.9, AZI=20) [1/sr]
89.9	0	0	20	1.49528047220608E-02
89.9	0	5	20	1.85318059886219E-02
89.9	0	10	20	2.48296715684281E-02
89.9	0	15	20	3.57623108742248E-02
89.9	0	20	20	5.39879559663056E-02
89.9	0	25	20	8.24424316086785E-02
89.9	0	30	20	0.123351520327736
89.9	0	35	20	0.17777193644323
89.9	0	40	20	0.246846533022342
89.9	0	45	20	0.333749077511172
89.9	0	50	20	0.443156324367035
89.9	0	55	20	0.575849948515728
89.9	0	60	20	0.719765223591601
89.9	0	65	20	0.845866957374415
89.9	0	70	20	0.920938209058377
89.9	0	75	20	0.933064263641792
89.9	0	80	20	0.902530298958838
89.9	0	85	20	0.86520909588763
89.9	0	89.9	20	0.84943959679591
Spec Polar [deg.]	Spec Azimuth [deg.]	Scatter Polar [deg.]	Scatter Azimuth [deg.]	BSDF (AOI=89.9, AZI=30) [1/sr]
89.9	0	0	30	1.49528047220608E-02
89.9	0	5	30	1.81385140311767E-02
89.9	0	10	30	2.33236858064805E-02
89.9	0	15	30	0.031502542276265
89.9	0	20	30	0.043672767465217
89.9	0	25	30	0.060372632923274
89.9	0	30	30	0.081281630275873
89.9	0	35	30	0.105517401551664
89.9	0	40	30	0.132686741384285
89.9	0	45	30	0.163648934108868
89.9	0	50	30	0.199895390118218
89.9	0	55	30	0.241481677716493
89.9	0	60	30	0.284567092658639
89.9	0	65	30	0.320909883828316
89.9	0	70	30	0.341783780155961
89.9	0	75	30	0.344536422672036
89.9	0	80	30	0.335149848770761
89.9	0	85	30	0.323910140736209
89.9	0	89.9	30	0.319157585334026
Spec Polar [deg.]	Spec Azimuth [deg.]	Scatter Polar [deg.]	Scatter Azimuth [deg.]	BSDF (AOI=89.9, AZI=40) [1/sr]
89.9	0	0	40	1.49528047220608E-02
89.9	0	5	40	1.76402840368006E-02
89.9	0	10	40	0.0215694652555
89.9	0	15	40	2.70021050012579E-02
89.9	0	20	40	3.39181475845706E-02
89.9	0	25	40	4.18502288404706E-02
89.9	0	30	40	0.049994531252627
89.9	0	35	40	5.76823066550753E-02
89.9	0	40	40	6.48586269751533E-02
89.9	0	45	40	7.20954177349233E-02
89.9	0	50	40	8.00982546970347E-02
89.9	0	55	40	8.90422683362368E-02
89.9	0	60	40	9.81014229924189E-02
89.9	0	65	40	0.10554286388537
89.9	0	70	40	0.109637274387883
89.9	0	75	40	0.109919688741633
89.9	0	80	40	0.107658157961967
89.9	0	85	40	0.105048618357232
89.9	0	89.9	40	0.103947144352879
Spec Polar [deg.]	Spec Azimuth [deg.]	Scatter Polar [deg.]	Scatter Azimuth [deg.]	BSDF (AOI=89.9, AZI=50) [1/sr]
89.9	0	0	50	1.49528047220608E-02
89.9	0	5	50	1.70773979065694E-02
89.9	0	10	50	0.019783722154219
89.9	0	15	50	2.29250829361942E-02
89.9	0	20	50	2.61363873033314E-02
89.9	0	25	50	2.89116806893981E-02
89.9	0	30	50	0.030839628163063
89.9	0	35	50	3.18475427843409E-02
89.9	0	40	50	3.22376445410935E-02
89.9	0	45	50	3.24864735463865E-02
89.9	0	50	50	3.29830326849359E-02
89.9	0	55	50	3.38629499026908E-02
89.9	0	60	50	3.49740136052747E-02
89.9	0	65	50	3.59650109114866E-02
89.9	0	70	50	3.64848489198067E-02
89.9	0	75	50	3.64058701590918E-02
89.9	0	80	50	3.59126469693198E-02
89.9	0	85	50	3.53824874605142E-02
89.9	0	89.9	50	3.51606685227813E-02
Spec Polar [deg.]	Spec Azimuth [deg.]	Scatter Polar [deg.]	Scatter Azimuth [deg.]	BSDF (AOI=89.9, AZI=60) [1/sr]
89.9	0	0	60	1.49528047220608E-02
89.9	0	5	60	1.64885448670903E-02
89.9	0	10	60	1.81259219594229E-02
89.9	0	15	60	1.95969809115874E-02
89.9	0	20	60	2.05777207173793E-02
89.9	0	25	60	2.08230525042194E-02
89.9	0	30	60	2.03026571865999E-02
89.9	0	35	60	1.92262694542013E-02
89.9	0	40	60	1.79322186702965E-02
89.9	0	45	60	1.67318811358633E-02
89.9	0	50	60	1.58135126240809E-02
89.9	0	55	60	1.52284083317292E-02
89.9	0	60	60	1.49244411824968E-02
89.9	0	65	60	1.47942946672134E-02
89.9	0	70	60	1.47260325204636E-02
89.9	0	75	60	1.46469320233473E-02
89.9	0	80	60	1.45441935363424E-02
89.9	0	85	60	1.44519155126318E-02
89.9	0	89.9	60	0.014414652556214
Spec Polar [deg.]	Spec Azimuth [deg.]	Scatter Polar [deg.]	Scatter Azimuth [deg.]	BSDF (AOI=89.9, AZI=70) [1/sr]
89.9	0	0	70	1.49528047220608E-02
89.9	0	5	70	1.59063328980252E-02
89.9	0	10	70	1.66859806965859E-02
89.9	0	15	70	1.70740145328742E-02
89.9	0	20	70	1.68975658993231E-02
89.9	0	25	70	1.61164688038541E-02
89.9	0	30	70	1.48563924260952E-02
89.9	0	35	70	0.013356259346829
89.9	0	40	70	1.18672487705634E-02
89.9	0	45	70	1.05717376148601E-02
89.9	0	50	70	9.55751245772476E-03
89.9	0	55	70	8.83479735150269E-03
89.9	0	60	70	8.36692560854629E-03
89.9	0	65	70	8.09622988005496E-03
89.9	0	70	70	7.96123925009182E-03
89.9	0	75	70	7.9075187543234E-03
89.9	0	80	70	7.89393866706712E-03
89.9	0	85	70	7.89444429359715E-03
89.9	0	89.9	70	7.89588512842111E-03
Spec Polar [deg.]	Spec Azimuth [deg.]	Scatter Polar [deg.]	Scatter Azimuth [deg.]	BSDF (AOI=89.9, AZI=80) [1/sr]
89.9	0	0	80	1.49528047220608E-02
89.9	0	5	80	1.53550009976513E-02
89.9	0	10	80	1.54935630093336E-02
89.9	0	15	80	1.52605187887524E-02
89.9	0	20	80	0.014601792418523
89.9	0	25	80	1.35536664068422E-02
89.9	0	30	80	1.22413001904139E-02
89.9	0	35	80	1.08368838655894E-02
89.9	0	40	80	9.50302196069053E-03
89.9	0	45	80	8.35284847851418E-03
89.9	0	50	80	7.43994933742839E-03
89.9	0	55	80	6.77010741497905E-03
89.9	0	60	80	6.31973542278415E-03
89.9	0	65	80	6.05078144779059E-03
89.9	0	70	80	5.91944076559435E-03
89.9	0	75	80	5.88062033400455E-03
89.9	0	80	80	5.89125965549289E-03
89.9	0	85	80	5.91458102266126E-03
89.9	0	89.9	80	5.92535963337536E-03
Spec Polar [deg.]	Spec Azimuth [deg.]	Scatter Polar [deg.]	Scatter Azimuth [deg.]	BSDF (AOI=89.9, AZI=90) [1/sr]
89.9	0	0	90	1.49528047220608E-02
89.9	0	5	90	1.48501707298325E-02
89.9	0	10	90	1.45364835882553E-02
89.9	0	15	90	1.40007470540505E-02
89.9	0	20	90	1.32425856860843E-02
89.9	0	25	90	1.22888285504891E-02
89.9	0	30	90	1.12004673646414E-02
89.9	0	35	90	1.00643231160369E-02
89.9	0	40	90	8.97301404256721E-03
89.9	0	45	90	8.00375551613782E-03
89.9	0	50	90	7.20561338195884E-03
89.9	0	55	90	6.59788414227958E-03
89.9	0	60	90	6.17581998579949E-03
89.9	0	65	90	5.9181161010891E-03
89.9	0	70	90	5.79270056915644E-03
89.9	0	75	90	5.76057525647211E-03
89.9	0	80	90	5.7796191159167E-03
89.9	0	85	90	5.81041412960914E-03
89.9	0	89.9	90	5.82421111100033E-03
Spec Polar [deg.]	Spec Azimuth [deg.]	Scatter Polar [deg.]	Scatter Azimuth [deg.]	BSDF (AOI=89.9, AZI=100) [1/sr]
89.9	0	0	100	1.49528047220608E-02
89.9	0	5	100	1.44000547143816E-02
89.9	0	10	100	1.37793675464345E-02
89.9	0	15	100	1.31306610325622E-02
89.9	0	20	100	1.24587208527997E-02
89.9	0	25	100	1.17517547528458E-02
89.9	0	30	100	1.10018511196273E-02
89.9	0	35	100	0.010219390179879
89.9	0	40	100	9.43625212787119E-03
89.9	0	45	100	8.69795629491045E-03
89.9	0	50	100	8.05026709751996E-03
89.9	0	55	100	7.52737326857288E-03
89.9	0	60	100	7.1457181201785E-03
89.9	0	65	100	6.9032223138364E-03
89.9	0	70	100	6.78151022727498E-03
89.9	0	75	100	6.74947789450431E-03
89.9	0	80	100	6.76838495911201E-03
89.9	0	85	100	6.79943520200344E-03
89.9	0	89.9	100	6.81341952164476E-03
Spec Polar [deg.]	Spec Azimuth [deg.]	Scatter Polar [deg.]	Scatter Azimuth [deg.]	BSDF (AOI=89.9, AZI=110) [1/sr]
89.9	0	0	110	1.49528047220608E-02
89.9	0	5	110	1.40074273290658E-02
89.9	0	10	110	1.31788122723868E-02
89.9	0	15	110	1.25034067530136E-02
89.9	0	20	110	1.19656341954583E-02
89.9	0	25	110	1.15216424864521E-02
89.9	0	30	110	1.11205315038068E-02
89.9	0	35	110	1.07213696550685E-02
89.9	0	40	110	0.010304384025916
89.9	0	45	110	9.87426386491282E-03
89.9	0	50	110	9.45513471199283E-03
89.9	0	55	110	9.07983003487964E-03
89.9	0	60	110	8.77804234311621E-03
89.9	0	65	110	8.56728075485251E-03
89.9	0	70	110	8.44835192623406E-03
89.9	0	75	110	8.40540658514589E-03
89.9	0	80	110	8.41025490945856E-03
89.9	0	85	110	8.43060190350552E-03
89.9	0	89.9	110	8.44066672951958E-03
Spec Polar [deg.]	Spec Azimuth [deg.]	Scatter Polar [deg.]	Scatter Azimuth [deg.]	BSDF (AOI=89.9, AZI=120) [1/sr]
89.9	0	0	120	1.49528047220608E-02
89.9	0	5	120	0.013671751421625
89.9	0	10	120	1.26943741383829E-02
89.9	0	15	120	1.20038267587959E-02
89.9	0	20	120	1.15519477471205E-02
89.9	0	25	120	1.12801524782134E-02
89.9	0	30	120	1.11288981156801E-02
89.9	0	35	120	1.10415479229477E-02
89.9	0	40	120	1.09679887284286E-02
89.9	0	45	120	0.010870662700426
89.9	0	50	120	1.07316090869465E-02
89.9	0	55	120	0.010555902999755
89.9	0	60	120	1.03674387711137E-02
89.9	0	65	120	1.01974902617313E-02
89.9	0	70	120	1.00711219923204E-02
89.9	0	75	120	9.99759700954575E-03
89.9	0	80	120	9.9685637003772E-03
89.9	0	85	120	9.96437879341288E-03
89.9	0	89.9	120	9.96565084856812E-03
Spec Polar [deg.]	Spec Azimuth [deg.]	Scatter Polar [deg.]	Scatter Azimuth [deg.]	BSDF (AOI=89.9, AZI=130) [1/sr]
89.9	0	0	130	1.49528047220608E-02
89.9	0	5	130	0.013391028132621
89.9	0	10	130	1.22955695207432E-02
89.9	0	15	130	0.011558362862077
89.9	0	20	130	1.10926058870878E-02
89.9	0	25	130	1.08392602716531E-02
89.9	0	30	130	1.07567995945457E-02
89.9	0	35	130	1.08043634967257E-02
89.9	0	40	130	1.09287686627588E-02
89.9	0	45	130	1.10639983858809E-02
89.9	0	50	130	1.11460648396695E-02
89.9	0	55	130	1.11360289232955E-02
89.9	0	60	130	1.10353365393311E-02
89.9	0	65	130	0.010880916209131
89.9	0	70	130	1.07227687414074E-02
89.9	0	75	130	1.05992668140924E-02
89.9	0	80	130	1.05241958651566E-02
89.9	0	85	130	0.01048975699888
89.9	0	89.9	130	0.010480708016677
Spec Polar [deg.]	Spec Azimuth [deg.]	Scatter Polar [deg.]	Scatter Azimuth [deg.]	BSDF (AOI=89.9, AZI=140) [1/sr]
89.9	0	0	140	1.49528047220608E-02
89.9	0	5	140	1.31631234638609E-02
89.9	0	10	140	1.19649838856794E-02
89.9	0	15	140	1.11384780866385E-02
89.9	0	20	140	1.05586283880242E-02
89.9	0	25	140	1.01771153392708E-02
89.9	0	30	140	9.98529502284725E-03
89.9	0	35	140	9.97341576756004E-03
89.9	0	40	140	0.010101559138429
89.9	0	45	140	1.02921372977114E-02
89.9	0	50	140	1.04484952126435E-02
89.9	0	55	140	1.04937212251013E-02
89.9	0	60	140	1.04062283936577E-02
89.9	0	65	140	1.02244933077498E-02
89.9	0	70	140	1.00173397939016E-02
89.9	0	75	140	9.84425879976115E-03
89.9	0	80	140	9.73214957605588E-03
89.9	0	85	140	9.67676263346754E-03
89.9	0	89.9	140	9.66119041738356E-03
Spec Polar [deg.]	Spec Azimuth [deg.]	Scatter Polar [deg.]	Scatter Azimuth [deg.]	BSDF (AOI=89.9, AZI=150) [1/sr]
89.9	0	0	150	1.49528047220608E-02
89.9	0	5	150	1.29864952036405E-02
89.9	0	10	150	1.16976754539697E-02
89.9	0	15	150	1.07541533463883E-02
89.9	0	20	150	1.00012797013502E-02
89.9	0	25	150	0.009412305963443
89.9	0	30	150	9.01733405068779E-03
89.9	0	35	150	8.83715730423408E-03
89.9	0	40	150	8.8450877669534E-03
89.9	0	45	150	8.96012226570468E-03
89.9	0	50	150	9.0697011793781E-03
89.9	0	55	150	9.07709304823583E-03
89.9	0	60	150	8.94840192438581E-03
89.9	0	65	150	8.7225943282626E-03
89.9	0	70	150	8.47647073693435E-03
89.9	0	75	150	8.27614936432443E-03
89.9	0	80	150	8.14949686684127E-03
89.9	0	85	150	8.08861257800565E-03
89.9	0	89.9	150	8.07190299142035E-03
Spec Polar [deg.]	Spec Azimuth [deg.]	Scatter Polar [deg.]	Scatter Azimuth [deg.]	BSDF (AOI=89.9, AZI=160) [1/sr]
89.9	0	0	160	1.49528047220608E-02
89.9	0	5	160	1.28603846470433E-02
89.9	0	10	160	1.14976521846945E-02
89.9	0	15	160	1.04385730818566E-02
89.9	0	20	160	9.51178478358844E-03
89.9	0	25	160	8.71887472019534E-03
89.9	0	30	160	8.12628778440426E-03
89.9	0	35	160	7.77612696996865E-03
89.9	0	40	160	7.64700867132782E-03
89.9	0	45	160	7.65520332016665E-03
89.9	0	50	160	7.68279785175362E-03
89.9	0	55	160	7.62776372982781E-03
89.9	0	60	160	7.45324296610893E-03
89.9	0	65	160	7.19761216749009E-03
89.9	0	70	160	6.93660498563023E-03
89.9	0	75	160	6.7327926586215E-03
89.9	0	80	160	6.60887230677524E-03
89.9	0	85	160	6.55198657237087E-03
89.9	0	89.9	160	6.53703596677484E-03
Spec Polar [deg.]	Spec Azimuth [deg.]	Scatter Polar [deg.]	Scatter Azimuth [deg.]	BSDF (AOI=89.9, AZI=170) [1/sr]
89.9	0	0	170	1.49528047220608E-02
89.9	0	5	170	1.27846372211848E-02
89.9	0	10	170	1.13728633746129E-02
89.9	0	15	170	0.010229984352866
89.9	0	20	170	9.17860115370706E-03
89.9	0	25	170	8.24494026674972E-03
89.9	0	30	170	7.52104706695095E-03
89.9	0	35	170	7.05983807374282E-03
89.9	0	40	170	6.83934333664628E-03
89.9	0	45	170	6.77279256255618E-03
89.9	0	50	170	6.74115812286852E-03
89.9	0	55	170	6.64301134166983E-03
89.9	0	60	170	6.44208413051894E-03
89.9	0	65	170	6.17549777520653E-03
89.9	0	70	170	5.91498475692718E-03
89.9	0	75	170	5.71754212314839E-03
89.9	0	80	170	5.60096778334508E-03
89.9	0	85	170	5.54939037309207E-03
89.9	0	89.9	170	5.53633313455522E-03
Spec Polar [deg.]	Spec Azimuth [deg.]	Scatter Polar [deg.]	Scatter Azimuth [deg.]	BSDF (AOI=89.9, AZI=180) [1/sr]
89.9	0	0	180	1.49528047220608E-02
89.9	0	5	180	1.27593629015217E-02
89.9	0	10	180	0.011330351185376
89.9	0	15	180	1.01569832194522E-02
89.9	0	20	180	9.06080964249934E-03
89.9	0	25	180	8.07782996896957E-03
89.9	0	30	180	7.30923663474436E-03
89.9	0	35	180	6.81097786539973E-03
89.9	0	40	180	6.56003350546006E-03
89.9	0	45	180	6.46826075516575E-03
89.9	0	50	180	6.4165482208659E-03
89.9	0	55	180	6.30424858265329E-03
89.9	0	60	180	6.09562188957092E-03
89.9	0	65	180	5.82715791500713E-03
89.9	0	70	180	5.56868484326267E-03
89.9	0	75	180	5.3748345000516E-03
89.9	0	80	180	5.26158518975641E-03
89.9	0	85	180	5.21216509477108E-03
89.9	0	89.9	180	5.19983703575103E-03
