type bsdf_data
format angles=deg bsdf=value scale=1
angles measured from local surface normal
AOI	0	deg.
FRED TIS integral (0-1)	4.14680360550337E-02
Spec Polar [deg.]	Spec Azimuth [deg.]	Scatter Polar [deg.]	Scatter Azimuth [deg.]	BSDF (AOI=0, AZI=0) [1/sr]
0	0	0	0	3.44780735139477E-02
0	0	5	0	3.32284910443348E-02
0	0	10	0	2.99153830480853E-02
0	0	15	0	0.025562274101453
0	0	20	0	2.12065435920985E-02
0	0	25	0	1.75074527265919E-02
0	0	30	0	1.46992997973215E-02
0	0	35	0	0.012738588220193
0	0	40	0	1.14605195204479E-02
0	0	45	0	1.06709231283578E-02
0	0	50	0	1.01835475607711E-02
0	0	55	0	9.83535069954063E-03
0	0	60	0	9.50199308607254E-03
0	0	65	0	9.11565798465024E-03
0	0	70	0	8.67274527655836E-03
0	0	75	0	8.22103732959891E-03
0	0	80	0	7.83126189390629E-03
0	0	85	0	7.56873751830357E-03
0	0	89.9	0	7.4764023610304E-03
Spec Polar [deg.]	Spec Azimuth [deg.]	Scatter Polar [deg.]	Scatter Azimuth [deg.]	BSDF (AOI=0, AZI=10) [1/sr]
0	0	0	10	3.44780735139477E-02
0	0	5	10	3.32284910443348E-02
0	0	10	10	2.99153830480853E-02
0	0	15	10	0.025562274101453
0	0	20	10	2.12065435920985E-02
0	0	25	10	1.75074527265919E-02
0	0	30	10	1.46992997973215E-02
0	0	35	10	0.012738588220193
0	0	40	10	1.14605195204479E-02
0	0	45	10	1.06709231283578E-02
0	0	50	10	1.01835475607711E-02
0	0	55	10	9.83535069954063E-03
0	0	60	10	9.50199308607253E-03
0	0	65	10	9.11565798465023E-03
0	0	70	10	8.67274527655836E-03
0	0	75	10	8.22103732959891E-03
0	0	80	10	7.83126189390629E-03
0	0	85	10	7.56873751830357E-03
0	0	89.9	10	7.4764023610304E-03
Spec Polar [deg.]	Spec Azimuth [deg.]	Scatter Polar [deg.]	Scatter Azimuth [deg.]	BSDF (AOI=0, AZI=20) [1/sr]
0	0	0	20	3.44780735139477E-02
0	0	5	20	3.32284910443348E-02
0	0	10	20	2.99153830480853E-02
0	0	15	20	0.025562274101453
0	0	20	20	2.12065435920985E-02
0	0	25	20	1.75074527265919E-02
0	0	30	20	1.46992997973215E-02
0	0	35	20	0.012738588220193
0	0	40	20	1.14605195204479E-02
0	0	45	20	1.06709231283578E-02
0	0	50	20	1.01835475607711E-02
0	0	55	20	9.83535069954064E-03
0	0	60	20	9.50199308607254E-03
0	0	65	20	9.11565798465024E-03
0	0	70	20	8.67274527655836E-03
0	0	75	20	8.22103732959891E-03
0	0	80	20	7.83126189390629E-03
0	0	85	20	7.56873751830357E-03
0	0	89.9	20	7.4764023610304E-03
Spec Polar [deg.]	Spec Azimuth [deg.]	Scatter Polar [deg.]	Scatter Azimuth [deg.]	BSDF (AOI=0, AZI=30) [1/sr]
0	0	0	30	3.44780735139477E-02
0	0	5	30	3.32284910443348E-02
0	0	10	30	2.99153830480853E-02
0	0	15	30	0.025562274101453
0	0	20	30	2.12065435920985E-02
0	0	25	30	1.75074527265919E-02
0	0	30	30	1.46992997973215E-02
0	0	35	30	0.012738588220193
0	0	40	30	1.14605195204479E-02
0	0	45	30	1.06709231283578E-02
0	0	50	30	1.01835475607711E-02
0	0	55	30	9.83535069954063E-03
0	0	60	30	9.50199308607254E-03
0	0	65	30	9.11565798465024E-03
0	0	70	30	8.67274527655836E-03
0	0	75	30	8.22103732959891E-03
0	0	80	30	7.83126189390629E-03
0	0	85	30	7.56873751830357E-03
0	0	89.9	30	7.4764023610304E-03
Spec Polar [deg.]	Spec Azimuth [deg.]	Scatter Polar [deg.]	Scatter Azimuth [deg.]	BSDF (AOI=0, AZI=40) [1/sr]
0	0	0	40	3.44780735139477E-02
0	0	5	40	3.32284910443348E-02
0	0	10	40	2.99153830480853E-02
0	0	15	40	0.025562274101453
0	0	20	40	2.12065435920985E-02
0	0	25	40	1.75074527265919E-02
0	0	30	40	1.46992997973215E-02
0	0	35	40	0.012738588220193
0	0	40	40	0.011460519520448
0	0	45	40	1.06709231283578E-02
0	0	50	40	1.01835475607711E-02
0	0	55	40	9.83535069954063E-03
0	0	60	40	9.50199308607254E-03
0	0	65	40	9.11565798465024E-03
0	0	70	40	8.67274527655836E-03
0	0	75	40	8.22103732959891E-03
0	0	80	40	7.83126189390629E-03
0	0	85	40	7.56873751830357E-03
0	0	89.9	40	7.4764023610304E-03
Spec Polar [deg.]	Spec Azimuth [deg.]	Scatter Polar [deg.]	Scatter Azimuth [deg.]	BSDF (AOI=0, AZI=50) [1/sr]
0	0	0	50	3.44780735139477E-02
0	0	5	50	3.32284910443348E-02
0	0	10	50	2.99153830480853E-02
0	0	15	50	0.025562274101453
0	0	20	50	2.12065435920985E-02
0	0	25	50	1.75074527265918E-02
0	0	30	50	1.46992997973215E-02
0	0	35	50	0.012738588220193
0	0	40	50	1.14605195204479E-02
0	0	45	50	1.06709231283578E-02
0	0	50	50	1.01835475607711E-02
0	0	55	50	9.83535069954064E-03
0	0	60	50	9.50199308607253E-03
0	0	65	50	9.11565798465024E-03
0	0	70	50	8.67274527655836E-03
0	0	75	50	8.2210373295989E-03
0	0	80	50	7.83126189390629E-03
0	0	85	50	7.56873751830357E-03
0	0	89.9	50	7.47640236103039E-03
Spec Polar [deg.]	Spec Azimuth [deg.]	Scatter Polar [deg.]	Scatter Azimuth [deg.]	BSDF (AOI=0, AZI=60) [1/sr]
0	0	0	60	3.44780735139477E-02
0	0	5	60	3.32284910443348E-02
0	0	10	60	2.99153830480853E-02
0	0	15	60	0.025562274101453
0	0	20	60	2.12065435920985E-02
0	0	25	60	1.75074527265919E-02
0	0	30	60	1.46992997973215E-02
0	0	35	60	0.012738588220193
0	0	40	60	1.14605195204479E-02
0	0	45	60	1.06709231283578E-02
0	0	50	60	1.01835475607711E-02
0	0	55	60	9.83535069954064E-03
0	0	60	60	9.50199308607253E-03
0	0	65	60	9.11565798465023E-03
0	0	70	60	8.67274527655836E-03
0	0	75	60	8.22103732959891E-03
0	0	80	60	7.83126189390629E-03
0	0	85	60	7.56873751830357E-03
0	0	89.9	60	7.4764023610304E-03
Spec Polar [deg.]	Spec Azimuth [deg.]	Scatter Polar [deg.]	Scatter Azimuth [deg.]	BSDF (AOI=0, AZI=70) [1/sr]
0	0	0	70	3.44780735139477E-02
0	0	5	70	3.32284910443348E-02
0	0	10	70	2.99153830480853E-02
0	0	15	70	0.025562274101453
0	0	20	70	2.12065435920985E-02
0	0	25	70	1.75074527265918E-02
0	0	30	70	1.46992997973215E-02
0	0	35	70	0.012738588220193
0	0	40	70	0.011460519520448
0	0	45	70	1.06709231283578E-02
0	0	50	70	1.01835475607711E-02
0	0	55	70	9.83535069954063E-03
0	0	60	70	9.50199308607254E-03
0	0	65	70	9.11565798465023E-03
0	0	70	70	8.67274527655836E-03
0	0	75	70	8.2210373295989E-03
0	0	80	70	7.83126189390629E-03
0	0	85	70	7.56873751830357E-03
0	0	89.9	70	7.4764023610304E-03
Spec Polar [deg.]	Spec Azimuth [deg.]	Scatter Polar [deg.]	Scatter Azimuth [deg.]	BSDF (AOI=0, AZI=80) [1/sr]
0	0	0	80	3.44780735139477E-02
0	0	5	80	3.32284910443348E-02
0	0	10	80	2.99153830480853E-02
0	0	15	80	0.025562274101453
0	0	20	80	2.12065435920985E-02
0	0	25	80	1.75074527265919E-02
0	0	30	80	1.46992997973215E-02
0	0	35	80	0.012738588220193
0	0	40	80	1.14605195204479E-02
0	0	45	80	1.06709231283578E-02
0	0	50	80	1.01835475607711E-02
0	0	55	80	9.83535069954063E-03
0	0	60	80	9.50199308607253E-03
0	0	65	80	9.11565798465023E-03
0	0	70	80	8.67274527655836E-03
0	0	75	80	8.2210373295989E-03
0	0	80	80	7.83126189390629E-03
0	0	85	80	7.56873751830357E-03
0	0	89.9	80	7.4764023610304E-03
Spec Polar [deg.]	Spec Azimuth [deg.]	Scatter Polar [deg.]	Scatter Azimuth [deg.]	BSDF (AOI=0, AZI=90) [1/sr]
0	0	0	90	3.44780735139477E-02
0	0	5	90	3.32284910443348E-02
0	0	10	90	2.99153830480853E-02
0	0	15	90	0.025562274101453
0	0	20	90	2.12065435920985E-02
0	0	25	90	1.75074527265919E-02
0	0	30	90	1.46992997973215E-02
0	0	35	90	0.012738588220193
0	0	40	90	1.14605195204479E-02
0	0	45	90	1.06709231283578E-02
0	0	50	90	1.01835475607711E-02
0	0	55	90	9.83535069954063E-03
0	0	60	90	9.50199308607254E-03
0	0	65	90	9.11565798465024E-03
0	0	70	90	8.67274527655836E-03
0	0	75	90	8.22103732959891E-03
0	0	80	90	7.83126189390629E-03
0	0	85	90	7.56873751830357E-03
0	0	89.9	90	7.4764023610304E-03
Spec Polar [deg.]	Spec Azimuth [deg.]	Scatter Polar [deg.]	Scatter Azimuth [deg.]	BSDF (AOI=0, AZI=100) [1/sr]
0	0	0	100	3.44780735139477E-02
0	0	5	100	3.32284910443348E-02
0	0	10	100	2.99153830480853E-02
0	0	15	100	0.025562274101453
0	0	20	100	2.12065435920985E-02
0	0	25	100	1.75074527265919E-02
0	0	30	100	1.46992997973215E-02
0	0	35	100	0.012738588220193
0	0	40	100	1.14605195204479E-02
0	0	45	100	1.06709231283578E-02
0	0	50	100	1.01835475607711E-02
0	0	55	100	9.83535069954063E-03
0	0	60	100	9.50199308607253E-03
0	0	65	100	9.11565798465023E-03
0	0	70	100	8.67274527655836E-03
0	0	75	100	8.22103732959891E-03
0	0	80	100	7.83126189390629E-03
0	0	85	100	7.56873751830357E-03
0	0	89.9	100	7.4764023610304E-03
Spec Polar [deg.]	Spec Azimuth [deg.]	Scatter Polar [deg.]	Scatter Azimuth [deg.]	BSDF (AOI=0, AZI=110) [1/sr]
0	0	0	110	3.44780735139477E-02
0	0	5	110	3.32284910443348E-02
0	0	10	110	2.99153830480853E-02
0	0	15	110	0.025562274101453
0	0	20	110	2.12065435920985E-02
0	0	25	110	1.75074527265919E-02
0	0	30	110	1.46992997973215E-02
0	0	35	110	0.012738588220193
0	0	40	110	1.14605195204479E-02
0	0	45	110	1.06709231283578E-02
0	0	50	110	1.01835475607711E-02
0	0	55	110	9.83535069954064E-03
0	0	60	110	9.50199308607254E-03
0	0	65	110	9.11565798465024E-03
0	0	70	110	8.67274527655836E-03
0	0	75	110	8.22103732959891E-03
0	0	80	110	7.83126189390629E-03
0	0	85	110	7.56873751830357E-03
0	0	89.9	110	7.4764023610304E-03
Spec Polar [deg.]	Spec Azimuth [deg.]	Scatter Polar [deg.]	Scatter Azimuth [deg.]	BSDF (AOI=0, AZI=120) [1/sr]
0	0	0	120	3.44780735139477E-02
0	0	5	120	3.32284910443348E-02
0	0	10	120	2.99153830480853E-02
0	0	15	120	0.025562274101453
0	0	20	120	2.12065435920985E-02
0	0	25	120	1.75074527265919E-02
0	0	30	120	1.46992997973215E-02
0	0	35	120	0.012738588220193
0	0	40	120	1.14605195204479E-02
0	0	45	120	1.06709231283578E-02
0	0	50	120	1.01835475607711E-02
0	0	55	120	9.83535069954064E-03
0	0	60	120	9.50199308607252E-03
0	0	65	120	9.11565798465024E-03
0	0	70	120	8.67274527655836E-03
0	0	75	120	8.22103732959891E-03
0	0	80	120	7.83126189390629E-03
0	0	85	120	7.56873751830357E-03
0	0	89.9	120	7.4764023610304E-03
Spec Polar [deg.]	Spec Azimuth [deg.]	Scatter Polar [deg.]	Scatter Azimuth [deg.]	BSDF (AOI=0, AZI=130) [1/sr]
0	0	0	130	3.44780735139477E-02
0	0	5	130	3.32284910443348E-02
0	0	10	130	2.99153830480853E-02
0	0	15	130	0.025562274101453
0	0	20	130	2.12065435920985E-02
0	0	25	130	1.75074527265918E-02
0	0	30	130	1.46992997973215E-02
0	0	35	130	0.012738588220193
0	0	40	130	1.14605195204479E-02
0	0	45	130	1.06709231283578E-02
0	0	50	130	1.01835475607711E-02
0	0	55	130	9.83535069954064E-03
0	0	60	130	9.50199308607253E-03
0	0	65	130	9.11565798465024E-03
0	0	70	130	8.67274527655836E-03
0	0	75	130	8.2210373295989E-03
0	0	80	130	7.83126189390629E-03
0	0	85	130	7.56873751830357E-03
0	0	89.9	130	7.47640236103039E-03
Spec Polar [deg.]	Spec Azimuth [deg.]	Scatter Polar [deg.]	Scatter Azimuth [deg.]	BSDF (AOI=0, AZI=140) [1/sr]
0	0	0	140	3.44780735139477E-02
0	0	5	140	3.32284910443348E-02
0	0	10	140	2.99153830480853E-02
0	0	15	140	0.025562274101453
0	0	20	140	2.12065435920985E-02
0	0	25	140	1.75074527265919E-02
0	0	30	140	1.46992997973215E-02
0	0	35	140	0.012738588220193
0	0	40	140	1.14605195204479E-02
0	0	45	140	1.06709231283578E-02
0	0	50	140	1.01835475607711E-02
0	0	55	140	9.83535069954064E-03
0	0	60	140	9.50199308607253E-03
0	0	65	140	9.11565798465024E-03
0	0	70	140	8.67274527655835E-03
0	0	75	140	8.22103732959891E-03
0	0	80	140	7.83126189390629E-03
0	0	85	140	7.56873751830357E-03
0	0	89.9	140	7.47640236103039E-03
Spec Polar [deg.]	Spec Azimuth [deg.]	Scatter Polar [deg.]	Scatter Azimuth [deg.]	BSDF (AOI=0, AZI=150) [1/sr]
0	0	0	150	3.44780735139477E-02
0	0	5	150	3.32284910443348E-02
0	0	10	150	2.99153830480853E-02
0	0	15	150	0.025562274101453
0	0	20	150	2.12065435920985E-02
0	0	25	150	1.75074527265919E-02
0	0	30	150	1.46992997973215E-02
0	0	35	150	0.012738588220193
0	0	40	150	1.14605195204479E-02
0	0	45	150	1.06709231283578E-02
0	0	50	150	1.01835475607711E-02
0	0	55	150	9.83535069954063E-03
0	0	60	150	9.50199308607254E-03
0	0	65	150	9.11565798465024E-03
0	0	70	150	8.67274527655836E-03
0	0	75	150	8.22103732959891E-03
0	0	80	150	7.83126189390629E-03
0	0	85	150	7.56873751830357E-03
0	0	89.9	150	7.4764023610304E-03
Spec Polar [deg.]	Spec Azimuth [deg.]	Scatter Polar [deg.]	Scatter Azimuth [deg.]	BSDF (AOI=0, AZI=160) [1/sr]
0	0	0	160	3.44780735139477E-02
0	0	5	160	3.32284910443348E-02
0	0	10	160	2.99153830480853E-02
0	0	15	160	0.025562274101453
0	0	20	160	2.12065435920985E-02
0	0	25	160	1.75074527265919E-02
0	0	30	160	1.46992997973215E-02
0	0	35	160	0.012738588220193
0	0	40	160	0.011460519520448
0	0	45	160	1.06709231283578E-02
0	0	50	160	1.01835475607711E-02
0	0	55	160	9.83535069954063E-03
0	0	60	160	9.50199308607254E-03
0	0	65	160	9.11565798465023E-03
0	0	70	160	8.67274527655836E-03
0	0	75	160	8.22103732959891E-03
0	0	80	160	7.83126189390629E-03
0	0	85	160	7.56873751830357E-03
0	0	89.9	160	7.47640236103039E-03
Spec Polar [deg.]	Spec Azimuth [deg.]	Scatter Polar [deg.]	Scatter Azimuth [deg.]	BSDF (AOI=0, AZI=170) [1/sr]
0	0	0	170	3.44780735139477E-02
0	0	5	170	3.32284910443348E-02
0	0	10	170	2.99153830480853E-02
0	0	15	170	0.025562274101453
0	0	20	170	2.12065435920985E-02
0	0	25	170	1.75074527265919E-02
0	0	30	170	1.46992997973215E-02
0	0	35	170	0.012738588220193
0	0	40	170	1.14605195204479E-02
0	0	45	170	1.06709231283578E-02
0	0	50	170	1.01835475607711E-02
0	0	55	170	9.83535069954063E-03
0	0	60	170	9.50199308607254E-03
0	0	65	170	9.11565798465024E-03
0	0	70	170	8.67274527655836E-03
0	0	75	170	8.22103732959891E-03
0	0	80	170	7.83126189390629E-03
0	0	85	170	7.56873751830357E-03
0	0	89.9	170	7.4764023610304E-03
Spec Polar [deg.]	Spec Azimuth [deg.]	Scatter Polar [deg.]	Scatter Azimuth [deg.]	BSDF (AOI=0, AZI=180) [1/sr]
0	0	0	180	3.44780735139477E-02
0	0	5	180	3.32284910443348E-02
0	0	10	180	2.99153830480853E-02
0	0	15	180	0.025562274101453
0	0	20	180	2.12065435920985E-02
0	0	25	180	1.75074527265919E-02
0	0	30	180	1.46992997973215E-02
0	0	35	180	0.012738588220193
0	0	40	180	1.14605195204479E-02
0	0	45	180	1.06709231283578E-02
0	0	50	180	1.01835475607711E-02
0	0	55	180	9.83535069954063E-03
0	0	60	180	9.50199308607254E-03
0	0	65	180	9.11565798465024E-03
0	0	70	180	8.67274527655836E-03
0	0	75	180	8.22103732959891E-03
0	0	80	180	7.83126189390629E-03
0	0	85	180	7.56873751830357E-03
0	0	89.9	180	7.4764023610304E-03
AOI	10	deg.
FRED TIS integral (0-1)	4.29975866174047E-02
Spec Polar [deg.]	Spec Azimuth [deg.]	Scatter Polar [deg.]	Scatter Azimuth [deg.]	BSDF (AOI=10, AZI=0) [1/sr]
10	0	0	0	2.99153830480853E-02
10	0	5	0	3.39836607539005E-02
10	0	10	0	3.58605385962982E-02
10	0	15	0	3.49577520492577E-02
10	0	20	0	3.17800885293417E-02
10	0	25	0	2.75431590408428E-02
10	0	30	0	2.34217409726851E-02
10	0	35	0	2.00996663924632E-02
10	0	40	0	1.77717362949456E-02
10	0	45	0	1.63405026693458E-02
10	0	50	0	1.55835249673196E-02
10	0	55	0	1.52402475923284E-02
10	0	60	0	1.50587028741086E-02
10	0	65	0	1.48420794526078E-02
10	0	70	0	1.44948711854242E-02
10	0	75	0	1.40381241807975E-02
10	0	80	0	1.35761777346295E-02
10	0	85	0	1.32353600151715E-02
10	0	89.9	0	1.31104035182825E-02
Spec Polar [deg.]	Spec Azimuth [deg.]	Scatter Polar [deg.]	Scatter Azimuth [deg.]	BSDF (AOI=10, AZI=10) [1/sr]
10	0	0	10	2.99153830480853E-02
10	0	5	10	3.38992028893636E-02
10	0	10	10	0.035685090789734
10	0	15	10	3.47149643832662E-02
10	0	20	10	3.15107054986586E-02
10	0	25	10	2.72828311709789E-02
10	0	30	10	2.31886827535237E-02
10	0	35	10	1.98961848108637E-02
10	0	40	10	1.75915089331455E-02
10	0	45	10	1.61746097157548E-02
10	0	50	10	0.015423609744293
10	0	55	10	1.50798291318803E-02
10	0	60	10	1.48937137753189E-02
10	0	65	10	1.46709898284291E-02
10	0	70	10	1.43182976860544E-02
10	0	75	10	1.38578966725544E-02
10	0	80	10	1.33942163453882E-02
10	0	85	10	1.30529025059464E-02
10	0	89.9	10	1.29278928957844E-02
Spec Polar [deg.]	Spec Azimuth [deg.]	Scatter Polar [deg.]	Scatter Azimuth [deg.]	BSDF (AOI=10, AZI=20) [1/sr]
10	0	0	20	2.99153830480853E-02
10	0	5	20	3.36500786198623E-02
10	0	10	20	3.51711804888374E-02
10	0	15	20	0.034008584934859
10	0	20	20	3.07317605100892E-02
10	0	25	20	2.65341277232022E-02
10	0	30	20	2.25214442548824E-02
10	0	35	20	0.019315671572047
10	0	40	20	1.70785154808133E-02
10	0	45	20	1.57028752924927E-02
10	0	50	20	1.49688338717911E-02
10	0	55	20	1.46234142519198E-02
10	0	60	20	1.44243093953579E-02
10	0	65	20	1.41847706606527E-02
10	0	70	20	1.38176233107192E-02
10	0	75	20	1.33483586933326E-02
10	0	80	20	1.28812533279918E-02
10	0	85	20	1.25396077953483E-02
10	0	89.9	20	1.24148357842141E-02
Spec Polar [deg.]	Spec Azimuth [deg.]	Scatter Polar [deg.]	Scatter Azimuth [deg.]	BSDF (AOI=10, AZI=30) [1/sr]
10	0	0	30	2.99153830480853E-02
10	0	5	30	0.033248634149535
10	0	10	30	3.43542852187904E-02
10	0	15	30	3.29003607466937E-02
10	0	20	30	2.95241763340576E-02
10	0	25	30	2.53855067887507E-02
10	0	30	30	0.021506805710329
10	0	35	30	1.84389968169788E-02
10	0	40	30	1.63073287817243E-02
10	0	45	30	1.49950956944153E-02
10	0	50	30	1.42863823191128E-02
10	0	55	30	1.39378659354506E-02
10	0	60	30	0.013719253192538
10	0	65	30	1.34559944098397E-02
10	0	70	30	1.30704175651616E-02
10	0	75	30	1.25922151802921E-02
10	0	80	30	1.21242506203532E-02
10	0	85	30	1.17851614294586E-02
10	0	89.9	30	1.16618429032402E-02
Spec Polar [deg.]	Spec Azimuth [deg.]	Scatter Polar [deg.]	Scatter Azimuth [deg.]	BSDF (AOI=10, AZI=40) [1/sr]
10	0	0	40	2.99153830480853E-02
10	0	5	40	3.27141753223155E-02
10	0	10	40	0.033287920401043
10	0	15	40	3.14805381856829E-02
10	0	20	40	2.80030477646847E-02
10	0	25	40	2.39599935607347E-02
10	0	30	40	2.02634153644678E-02
10	0	35	40	1.73754556541941E-02
10	0	40	40	1.53780858808121E-02
10	0	45	40	1.41447808880019E-02
10	0	50	40	1.34662978485497E-02
10	0	55	40	1.31128685004946E-02
10	0	60	40	1.28706616724791E-02
10	0	65	40	1.25813677947421E-02
10	0	70	40	0.012179084699265
10	0	75	40	1.16974079479893E-02
10	0	80	40	1.12354969560347E-02
10	0	85	40	0.010904505710507
10	0	89.9	40	0.01078473262775
Spec Polar [deg.]	Spec Azimuth [deg.]	Scatter Polar [deg.]	Scatter Azimuth [deg.]	BSDF (AOI=10, AZI=50) [1/sr]
10	0	0	50	2.99153830480853E-02
10	0	5	50	3.20712817738165E-02
10	0	10	50	3.20366556391779E-02
10	0	15	50	2.98529548044605E-02
10	0	20	50	2.62954427872734E-02
10	0	25	50	2.23888266176367E-02
10	0	30	50	1.89145374221831E-02
10	0	35	50	1.62365598693841E-02
10	0	40	50	1.43919287506838E-02
10	0	45	50	1.32460468526784E-02
10	0	50	50	1.25992641393482E-02
10	0	55	50	1.22388707476277E-02
10	0	60	50	1.19712645009921E-02
10	0	65	50	0.011657452786302
10	0	70	50	1.12444028118839E-02
10	0	75	50	1.07682841375818E-02
10	0	80	50	1.03217348744291E-02
10	0	85	50	1.00056292943119E-02
10	0	89.9	50	9.89186107710949E-03
Spec Polar [deg.]	Spec Azimuth [deg.]	Scatter Polar [deg.]	Scatter Azimuth [deg.]	BSDF (AOI=10, AZI=60) [1/sr]
10	0	0	60	2.99153830480853E-02
10	0	5	60	3.13478321989547E-02
10	0	10	60	3.06686856960099E-02
10	0	15	60	2.81204883132017E-02
10	0	20	60	2.45203278106059E-02
10	0	25	60	2.07891031857839E-02
10	0	30	60	1.75660445430245E-02
10	0	35	60	1.51155677114583E-02
10	0	40	60	1.34321756764509E-02
10	0	45	60	1.23760204672798E-02
10	0	50	60	1.17596835753991E-02
10	0	55	60	1.13902655923668E-02
10	0	60	60	0.011097155418637
10	0	65	60	1.07625735186388E-02
10	0	70	60	1.03463999944266E-02
10	0	75	60	9.88553454496525E-03
10	0	80	60	9.46344424411136E-03
10	0	85	60	9.16850680263806E-03
10	0	89.9	60	9.06296097971144E-03
Spec Polar [deg.]	Spec Azimuth [deg.]	Scatter Polar [deg.]	Scatter Azimuth [deg.]	BSDF (AOI=10, AZI=70) [1/sr]
10	0	0	70	2.99153830480853E-02
10	0	5	70	3.05730141732124E-02
10	0	10	70	2.92493333504361E-02
10	0	15	70	2.63739552119628E-02
10	0	20	70	0.022775149314193
10	0	25	70	1.92505445497018E-02
10	0	30	70	1.62946371861492E-02
10	0	35	70	1.40772838762492E-02
10	0	40	70	1.25553108674147E-02
10	0	45	70	1.15865410386069E-02
10	0	50	70	1.09976910813927E-02
10	0	55	70	1.06174395128496E-02
10	0	60	70	1.02997547418137E-02
10	0	65	70	9.94875600586807E-03
10	0	70	70	9.53649609278415E-03
10	0	75	70	9.09879495426506E-03
10	0	80	70	8.70802626112226E-03
10	0	85	70	8.43876299612053E-03
10	0	89.9	70	8.34299034829294E-03
Spec Polar [deg.]	Spec Azimuth [deg.]	Scatter Polar [deg.]	Scatter Azimuth [deg.]	BSDF (AOI=10, AZI=80) [1/sr]
10	0	0	80	2.99153830480853E-02
10	0	5	80	2.97755514344158E-02
10	0	10	80	2.78363681351421E-02
10	0	15	80	2.46858510359021E-02
10	0	20	80	2.11302912182371E-02
10	0	25	80	1.78319001861966E-02
10	0	30	80	1.51460650277258E-02
10	0	35	80	1.31574078267636E-02
10	0	40	80	1.17908440521281E-02
10	0	45	80	1.09041666375984E-02
10	0	50	80	1.03391496138224E-02
10	0	55	80	9.94675876605363E-03
10	0	60	80	9.60595554800359E-03
10	0	65	80	9.2423667194894E-03
10	0	70	80	8.83901410452432E-03
10	0	75	80	8.42925951210207E-03
10	0	80	80	8.07346432535011E-03
10	0	85	80	7.83206339917277E-03
10	0	89.9	80	7.74678150466678E-03
Spec Polar [deg.]	Spec Azimuth [deg.]	Scatter Polar [deg.]	Scatter Azimuth [deg.]	BSDF (AOI=10, AZI=90) [1/sr]
10	0	0	90	2.99153830480853E-02
10	0	5	90	2.89823054286422E-02
10	0	10	90	2.64774277167433E-02
10	0	15	90	2.31086965503391E-02
10	0	20	90	1.96299958366571E-02
10	0	25	90	1.65643908140561E-02
10	0	30	90	0.014140037794335
10	0	35	90	1.23678968490684E-02
10	0	40	90	1.11465674836602E-02
10	0	45	90	0.010335161793256
10	0	50	90	9.79042351011541E-03
10	0	55	90	9.38530282923671E-03
10	0	60	90	9.02310226977146E-03
10	0	65	90	8.64970618997296E-03
10	0	70	90	8.2577104280359E-03
10	0	75	90	7.87725276779193E-03
10	0	80	90	7.55677941865869E-03
10	0	85	90	7.34312842810896E-03
10	0	89.9	90	7.26824179412763E-03
Spec Polar [deg.]	Spec Azimuth [deg.]	Scatter Polar [deg.]	Scatter Azimuth [deg.]	BSDF (AOI=10, AZI=100) [1/sr]
10	0	0	100	2.99153830480853E-02
10	0	5	100	2.82173202754325E-02
10	0	10	100	2.52093337613315E-02
10	0	15	100	2.16767497077254E-02
10	0	20	100	1.82971675923567E-02
10	0	25	100	1.54586718462748E-02
10	0	30	100	0.013278000279034
10	0	35	100	1.17046349317386E-02
10	0	40	100	1.06157567485676E-02
10	0	45	100	9.87223111635302E-03
10	0	50	100	9.34480855644781E-03
10	0	55	100	8.92721923860375E-03
10	0	60	100	8.54554560354724E-03
10	0	65	100	8.1640513618607E-03
10	0	70	100	7.78349952795604E-03
10	0	75	100	7.43064370524125E-03
10	0	80	100	7.14296981444424E-03
10	0	85	100	6.95497140593402E-03
10	0	89.9	100	6.88968377321725E-03
Spec Polar [deg.]	Spec Azimuth [deg.]	Scatter Polar [deg.]	Scatter Azimuth [deg.]	BSDF (AOI=10, AZI=110) [1/sr]
10	0	0	110	2.99153830480853E-02
10	0	5	110	2.75013021638997E-02
10	0	10	110	2.40588074915518E-02
10	0	15	110	2.04095577027392E-02
10	0	20	110	1.71395791373288E-02
10	0	25	110	1.45124212269105E-02
10	0	30	110	1.25509479150732E-02
10	0	35	110	1.11548736342702E-02
10	0	40	110	1.01840716195889E-02
10	0	45	110	9.50094557874407E-03
10	0	50	110	8.98864296109056E-03
10	0	55	110	8.55971508499837E-03
10	0	60	110	8.16072768079206E-03
10	0	65	110	7.77202471556533E-03
10	0	70	110	7.40120928429805E-03
10	0	75	110	7.07197027739242E-03
10	0	80	110	6.81240292072591E-03
10	0	85	110	6.64643578791931E-03
10	0	89.9	110	6.58940613619339E-03
Spec Polar [deg.]	Spec Azimuth [deg.]	Scatter Polar [deg.]	Scatter Azimuth [deg.]	BSDF (AOI=10, AZI=120) [1/sr]
10	0	0	120	2.99153830480853E-02
10	0	5	120	0.026851468491878
10	0	10	120	2.30440136198634E-02
10	0	15	120	1.93160465976518E-02
10	0	20	120	0.016155747151358
10	0	25	120	1.37168160044727E-02
10	0	30	120	0.011945772167955
10	0	35	120	1.07031929226769E-02
10	0	40	120	9.83510643515872E-03
10	0	45	120	9.20493129706994E-03
10	0	50	120	8.70621954458438E-03
10	0	55	120	8.26781462087263E-03
10	0	60	120	7.8539282212756E-03
10	0	65	120	7.45844782978029E-03
10	0	70	120	7.09460200891784E-03
10	0	75	120	6.78363576693547E-03
10	0	80	120	6.54616411645269E-03
10	0	85	120	6.39765010100086E-03
10	0	89.9	120	6.34718706919143E-03
Spec Polar [deg.]	Spec Azimuth [deg.]	Scatter Polar [deg.]	Scatter Azimuth [deg.]	BSDF (AOI=10, AZI=130) [1/sr]
10	0	0	130	2.99153830480853E-02
10	0	5	130	2.62816725985921E-02
10	0	10	130	2.21764329152361E-02
10	0	15	130	1.83982870858496E-02
10	0	20	130	1.53395880896655E-02
10	0	25	130	1.30611908041435E-02
10	0	30	130	1.14496132614308E-02
10	0	35	130	1.03355737819867E-02
10	0	40	130	9.5542476434577E-03
10	0	45	130	8.96952517961321E-03
10	0	50	130	8.48324373090223E-03
10	0	55	130	8.03766524889585E-03
10	0	60	130	7.61149569402568E-03
10	0	65	130	7.20956015714868E-03
10	0	70	130	6.84961434355382E-03
10	0	75	130	6.55119983070162E-03
10	0	80	130	6.3294319105655E-03
10	0	85	130	6.1934904895107E-03
10	0	89.9	130	6.1477847603716E-03
Spec Polar [deg.]	Spec Azimuth [deg.]	Scatter Polar [deg.]	Scatter Azimuth [deg.]	BSDF (AOI=10, AZI=140) [1/sr]
10	0	0	140	2.99153830480853E-02
10	0	5	140	2.58027034287641E-02
10	0	10	140	2.14627051378491E-02
10	0	15	140	0.01765451321988
10	0	20	140	1.46836140480438E-02
10	0	25	140	1.25358444245141E-02
10	0	30	140	1.10522667668988E-02
10	0	35	140	1.00416027481315E-02
10	0	40	140	9.33080975606604E-03
10	0	45	140	8.78385580387351E-03
10	0	50	140	8.30882756209242E-03
10	0	55	140	7.85843734364229E-03
10	0	60	140	7.42266669192387E-03
10	0	65	140	7.01475703013913E-03
10	0	70	140	6.65600200101275E-03
10	0	75	140	6.36494422240735E-03
10	0	80	140	6.15301207924293E-03
10	0	85	140	6.02512441380195E-03
10	0	89.9	140	5.98249194283971E-03
Spec Polar [deg.]	Spec Azimuth [deg.]	Scatter Polar [deg.]	Scatter Azimuth [deg.]	BSDF (AOI=10, AZI=150) [1/sr]
10	0	0	150	2.99153830480853E-02
10	0	5	150	2.54226688927251E-02
10	0	10	150	2.09062328207629E-02
10	0	15	150	1.70812971670669E-02
10	0	20	150	1.41808197880735E-02
10	0	25	150	1.21333155328706E-02
10	0	30	150	1.07469797068913E-02
10	0	35	150	9.81505511479458E-03
10	0	40	150	9.1585950324337E-03
10	0	45	150	8.64144460640812E-03
10	0	50	150	8.17612587170406E-03
10	0	55	150	7.72296914716771E-03
10	0	60	150	7.28017465985715E-03
10	0	65	150	6.86708686648806E-03
10	0	70	150	6.50764487704885E-03
10	0	75	150	6.21994831548125E-03
10	0	80	150	6.01321128607266E-03
10	0	85	150	5.88975535207179E-03
10	0	89.9	150	5.84883772698485E-03
Spec Polar [deg.]	Spec Azimuth [deg.]	Scatter Polar [deg.]	Scatter Azimuth [deg.]	BSDF (AOI=10, AZI=160) [1/sr]
10	0	0	160	2.99153830480853E-02
10	0	5	160	2.51473894213384E-02
10	0	10	160	2.05084563642663E-02
10	0	15	160	1.66749749943041E-02
10	0	20	160	0.013825588334348
10	0	25	160	1.18485904402506E-02
10	0	30	160	1.05301143658348E-02
10	0	35	160	9.65327132093781E-03
10	0	40	160	9.03520640183879E-03
10	0	45	160	8.53959641046606E-03
10	0	50	160	8.08186278298033E-03
10	0	55	160	7.62741324124546E-03
10	0	60	160	7.17992764390587E-03
10	0	65	160	6.76281730263641E-03
10	0	70	160	6.40185363274719E-03
10	0	75	160	6.1150416392193E-03
10	0	80	160	5.91043312795279E-03
10	0	85	160	5.78895709101805E-03
10	0	89.9	160	5.74882609234726E-03
Spec Polar [deg.]	Spec Azimuth [deg.]	Scatter Polar [deg.]	Scatter Azimuth [deg.]	BSDF (AOI=10, AZI=170) [1/sr]
10	0	0	170	2.99153830480853E-02
10	0	5	170	2.49807480238923E-02
10	0	10	170	2.02697896540963E-02
10	0	15	170	1.64324991910002E-02
10	0	20	170	1.36139757484197E-02
10	0	25	170	1.16787176659193E-02
10	0	30	170	1.04002068790212E-02
10	0	35	170	9.55586121097179E-03
10	0	40	170	8.96062213878018E-03
10	0	45	170	8.47804189643287E-03
10	0	50	170	8.02516242715355E-03
10	0	55	170	7.57026282297635E-03
10	0	60	170	7.12012296615331E-03
10	0	65	170	6.7004594884757E-03
10	0	70	170	6.33812050270005E-03
10	0	75	170	6.05115685548207E-03
10	0	80	170	5.84711224626389E-03
10	0	85	170	5.72628882608555E-03
10	0	89.9	170	5.68643168730643E-03
Spec Polar [deg.]	Spec Azimuth [deg.]	Scatter Polar [deg.]	Scatter Azimuth [deg.]	BSDF (AOI=10, AZI=180) [1/sr]
10	0	0	180	2.99153830480853E-02
10	0	5	180	2.49249610475348E-02
10	0	10	180	2.01902453880735E-02
10	0	15	180	1.63518996590847E-02
10	0	20	180	1.35436876798661E-02
10	0	25	180	1.16222365582342E-02
10	0	30	180	1.03569107455416E-02
10	0	35	180	9.52329616077666E-03
10	0	40	180	8.93562534316225E-03
10	0	45	180	8.45740621620393E-03
10	0	50	180	8.00619989157184E-03
10	0	55	180	7.55121021944087E-03
10	0	60	180	7.10021569815657E-03
10	0	65	180	6.67967700769369E-03
10	0	70	180	6.31679743848189E-03
10	0	75	180	6.02966173790857E-03
10	0	80	180	5.82567804938074E-03
10	0	85	180	5.70497676507482E-03
10	0	89.9	180	5.66517559268802E-03
AOI	20	deg.
FRED TIS integral (0-1)	4.61764744203474E-02
Spec Polar [deg.]	Spec Azimuth [deg.]	Scatter Polar [deg.]	Scatter Azimuth [deg.]	BSDF (AOI=20, AZI=0) [1/sr]
20	0	0	0	2.12065435920985E-02
20	0	5	0	2.64817450583423E-02
20	0	10	0	3.17800885293417E-02
20	0	15	0	3.59080425704276E-02
20	0	20	0	3.79267068950055E-02
20	0	25	0	3.76985989922215E-02
20	0	30	0	3.58636891300473E-02
20	0	35	0	3.33484562578823E-02
20	0	40	0	3.09075514526647E-02
20	0	45	0	2.89659762209672E-02
20	0	50	0	2.76835001209144E-02
20	0	55	0	2.70758408944668E-02
20	0	60	0	2.71006252366647E-02
20	0	65	0	2.76879841743304E-02
20	0	70	0	2.87274390504718E-02
20	0	75	0	3.00355453869155E-02
20	0	80	0	3.13390395609162E-02
20	0	85	0	3.23110370493756E-02
20	0	89.9	0	3.26720349740622E-02
Spec Polar [deg.]	Spec Azimuth [deg.]	Scatter Polar [deg.]	Scatter Azimuth [deg.]	BSDF (AOI=20, AZI=10) [1/sr]
20	0	0	10	2.12065435920985E-02
20	0	5	10	2.63776060909226E-02
20	0	10	10	3.15107054986586E-02
20	0	15	10	3.54299447544452E-02
20	0	20	10	3.72399034675876E-02
20	0	25	10	3.68492349443396E-02
20	0	30	10	3.49212291256707E-02
20	0	35	10	3.23774833964665E-02
20	0	40	10	2.99516177872927E-02
20	0	45	10	2.80446529110474E-02
20	0	50	10	2.67952127512769E-02
20	0	55	10	0.026200918908335
20	0	60	10	2.62037612318273E-02
20	0	65	10	2.67223033590756E-02
20	0	70	10	2.76430758157648E-02
20	0	75	10	2.87943882508955E-02
20	0	80	10	2.99334689971279E-02
20	0	85	10	3.07781108288604E-02
20	0	89.9	10	3.10908539989964E-02
Spec Polar [deg.]	Spec Azimuth [deg.]	Scatter Polar [deg.]	Scatter Azimuth [deg.]	BSDF (AOI=20, AZI=20) [1/sr]
20	0	0	20	2.12065435920985E-02
20	0	5	20	2.60721150699458E-02
20	0	10	20	3.07317605100892E-02
20	0	15	20	3.40686262299382E-02
20	0	20	20	3.53140142284541E-02
20	0	25	20	3.45007924019368E-02
20	0	30	20	3.23460579575313E-02
20	0	35	20	2.97476952061473E-02
20	0	40	20	2.73764822788396E-02
20	0	45	20	2.55680739069898E-02
20	0	50	20	2.44070241919508E-02
20	0	55	20	2.38467311562726E-02
20	0	60	20	2.37919568891728E-02
20	0	65	20	2.41348322669044E-02
20	0	70	20	2.47576972121585E-02
20	0	75	20	2.55213621859301E-02
20	0	80	20	2.62595212799007E-02
20	0	85	20	2.67969447004154E-02
20	0	89.9	20	2.69939779831529E-02
Spec Polar [deg.]	Spec Azimuth [deg.]	Scatter Polar [deg.]	Scatter Azimuth [deg.]	BSDF (AOI=20, AZI=30) [1/sr]
20	0	0	30	2.12065435920985E-02
20	0	5	30	2.55850993419474E-02
20	0	10	30	2.95241763340576E-02
20	0	15	30	0.0320200468105
20	0	20	30	3.24997426275078E-02
20	0	25	30	3.11601964836963E-02
20	0	30	30	2.87647149800897E-02
20	0	35	30	2.61512079963838E-02
20	0	40	30	0.023890581952007
20	0	45	30	2.22291655385035E-02
20	0	50	30	2.11861567497477E-02
20	0	55	30	2.06666737612856E-02
20	0	60	30	2.05375652997022E-02
20	0	65	30	2.06670094541695E-02
20	0	70	30	2.09405477486808E-02
20	0	75	30	2.12635473554951E-02
20	0	80	30	2.15583266771712E-02
20	0	85	30	2.17631573291193E-02
20	0	89.9	30	2.18363837326085E-02
Spec Polar [deg.]	Spec Azimuth [deg.]	Scatter Polar [deg.]	Scatter Azimuth [deg.]	BSDF (AOI=20, AZI=40) [1/sr]
20	0	0	40	2.12065435920985E-02
20	0	5	40	2.49466634673375E-02
20	0	10	40	2.80030477646847E-02
20	0	15	40	0.029545809138193
20	0	20	40	2.92379722362178E-02
20	0	25	40	2.74312024190167E-02
20	0	30	40	2.48906106335334E-02
20	0	35	40	0.022350261784498
20	0	40	40	2.02583611304075E-02
20	0	45	40	1.87694603670128E-02
20	0	50	40	1.78468546544768E-02
20	0	55	40	1.73620183514788E-02
20	0	60	40	1.71601017032243E-02
20	0	65	40	1.71006535325223E-02
20	0	70	40	1.70830765896149E-02
20	0	75	40	0.01705684260735
20	0	80	40	1.70149603302706E-02
20	0	85	40	1.69752803964199E-02
20	0	89.9	40	1.69590737922854E-02
Spec Polar [deg.]	Spec Azimuth [deg.]	Scatter Polar [deg.]	Scatter Azimuth [deg.]	BSDF (AOI=20, AZI=50) [1/sr]
20	0	0	50	2.12065435920985E-02
20	0	5	50	2.41934914626071E-02
20	0	10	50	2.62954427872734E-02
20	0	15	50	2.69079315633459E-02
20	0	20	50	2.59305737801892E-02
20	0	25	50	2.38184733654401E-02
20	0	30	50	2.12777244109236E-02
20	0	35	50	1.89047005351238E-02
20	0	40	50	1.70221625657424E-02
20	0	45	50	1.57075568839883E-02
20	0	50	50	1.48887257658067E-02
20	0	55	50	1.44252440951003E-02
20	0	60	50	1.41619835903488E-02
20	0	65	50	1.39674355333605E-02
20	0	70	50	1.37618554977459E-02
20	0	75	50	1.35280699752639E-02
20	0	80	50	1.32992552455386E-02
20	0	85	50	1.31304038461214E-02
20	0	89.9	50	1.30681936516657E-02
Spec Polar [deg.]	Spec Azimuth [deg.]	Scatter Polar [deg.]	Scatter Azimuth [deg.]	BSDF (AOI=20, AZI=60) [1/sr]
20	0	0	60	2.12065435920985E-02
20	0	5	60	2.33648490434178E-02
20	0	10	60	2.45203278106059E-02
20	0	15	60	2.43201610661572E-02
20	0	20	60	2.28622772892192E-02
20	0	25	60	0.020633226853842
20	0	30	60	1.82268523930202E-02
20	0	35	60	1.60886190197792E-02
20	0	40	60	0.014429972886768
20	0	45	60	1.32736744474473E-02
20	0	50	60	1.25334851913361E-02
20	0	55	60	1.20764259413074E-02
20	0	60	60	1.17646630717178E-02
20	0	65	60	1.14881271001701E-02
20	0	70	60	0.011189030923742
20	0	75	60	1.08690264432485E-02
20	0	80	60	1.05739267156141E-02
20	0	85	60	1.03645514542355E-02
20	0	89.9	60	1.02888603586897E-02
Spec Polar [deg.]	Spec Azimuth [deg.]	Scatter Polar [deg.]	Scatter Azimuth [deg.]	BSDF (AOI=20, AZI=70) [1/sr]
20	0	0	70	2.12065435920985E-02
20	0	5	70	2.24990005807694E-02
20	0	10	70	0.022775149314193
20	0	15	70	2.19263763978501E-02
20	0	20	70	2.01847087011164E-02
20	0	25	70	1.79993011351967E-02
20	0	30	70	1.58205466928232E-02
20	0	35	70	1.39492392315606E-02
20	0	40	70	0.012507430262835
20	0	45	70	1.14846676253449E-02
20	0	50	70	1.07973117688126E-02
20	0	55	70	1.03331457452082E-02
20	0	60	70	9.98241885470923E-03
20	0	65	70	9.66235982299676E-03
20	0	70	70	9.33423946468633E-03
20	0	75	70	9.00596194724782E-03
20	0	80	70	8.71786784925949E-03
20	0	85	70	8.51950421068207E-03
20	0	89.9	70	8.44878294966152E-03
Spec Polar [deg.]	Spec Azimuth [deg.]	Scatter Polar [deg.]	Scatter Azimuth [deg.]	BSDF (AOI=20, AZI=80) [1/sr]
20	0	0	80	2.12065435920985E-02
20	0	5	80	2.16305248468114E-02
20	0	10	80	2.11302912182371E-02
20	0	15	80	1.98026225566272E-02
20	0	20	80	1.79417564683371E-02
20	0	25	80	1.59099157178814E-02
20	0	30	80	1.40068572657284E-02
20	0	35	80	1.24065637040567E-02
20	0	40	80	1.11629201119033E-02
20	0	45	80	1.02480098853462E-02
20	0	50	80	9.59143968539468E-03
20	0	55	80	9.10940828134403E-03
20	0	60	80	8.72520567121462E-03
20	0	65	80	8.38424240464968E-03
20	0	70	80	8.06263536220235E-03
20	0	75	80	7.76636861719301E-03
20	0	80	80	7.52118294807003E-03
20	0	85	80	7.35812399213331E-03
20	0	89.9	80	7.30089620926149E-03
Spec Polar [deg.]	Spec Azimuth [deg.]	Scatter Polar [deg.]	Scatter Azimuth [deg.]	BSDF (AOI=20, AZI=90) [1/sr]
20	0	0	90	2.12065435920985E-02
20	0	5	90	2.07887190332764E-02
20	0	10	90	1.96299958366571E-02
20	0	15	90	1.79725722850994E-02
20	0	20	90	1.61089639650044E-02
20	0	25	90	1.42893311832835E-02
20	0	30	90	1.26737820665638E-02
20	0	35	90	1.13312557715754E-02
20	0	40	90	1.02637395668424E-02
20	0	45	90	9.43494125068458E-03
20	0	50	90	8.7930834186142E-03
20	0	55	90	8.28617582670963E-03
20	0	60	90	7.8714631544833E-03
20	0	65	90	7.52051758208213E-03
20	0	70	90	7.22042503348938E-03
20	0	75	90	6.97136891144444E-03
20	0	80	90	6.78168496931901E-03
20	0	85	90	6.66216615137533E-03
20	0	89.9	90	6.62129284304214E-03
Spec Polar [deg.]	Spec Azimuth [deg.]	Scatter Polar [deg.]	Scatter Azimuth [deg.]	BSDF (AOI=20, AZI=100) [1/sr]
20	0	0	100	2.12065435920985E-02
20	0	5	100	1.99970227748404E-02
20	0	10	100	1.82971675923567E-02
20	0	15	100	1.64266443380899E-02
20	0	20	100	1.46290230256831E-02
20	0	25	100	0.013038349405753
20	0	30	100	0.011696363519811
20	0	35	100	0.01058825577695
20	0	40	100	9.6753011929775E-03
20	0	45	100	8.91667650062385E-03
20	0	50	100	8.28048242713781E-03
20	0	55	100	7.74652798436178E-03
20	0	60	100	7.3039796809007E-03
20	0	65	100	6.94693657984266E-03
20	0	70	100	6.6704025049385E-03
20	0	75	100	6.46804971140773E-03
20	0	80	100	6.3320498553006E-03
20	0	85	100	6.25447077782982E-03
20	0	89.9	100	6.22936042639982E-03
Spec Polar [deg.]	Spec Azimuth [deg.]	Scatter Polar [deg.]	Scatter Azimuth [deg.]	BSDF (AOI=20, AZI=110) [1/sr]
20	0	0	110	2.12065435920985E-02
20	0	5	110	1.92732309318329E-02
20	0	10	110	1.71395791373288E-02
20	0	15	110	1.51387476733311E-02
20	0	20	110	1.34368209558806E-02
20	0	25	110	1.20616493264926E-02
20	0	30	110	1.09615654530005E-02
20	0	35	110	1.00574637595326E-02
20	0	40	110	9.27814216482967E-03
20	0	45	110	8.57918175999169E-03
20	0	50	110	7.94673893699165E-03
20	0	55	110	7.38920369813479E-03
20	0	60	110	6.92305683332449E-03
20	0	65	110	6.56024108576479E-03
20	0	70	110	6.30132669320833E-03
20	0	75	110	6.13472987101133E-03
20	0	80	110	6.0402931321223E-03
20	0	85	110	5.99551813309011E-03
20	0	89.9	110	5.98281709772915E-03
Spec Polar [deg.]	Spec Azimuth [deg.]	Scatter Polar [deg.]	Scatter Azimuth [deg.]	BSDF (AOI=20, AZI=120) [1/sr]
20	0	0	120	2.12065435920985E-02
20	0	5	120	1.86302048652997E-02
20	0	10	120	0.016155747151358
20	0	15	120	1.40782980408608E-02
20	0	20	120	1.24742526827942E-02
20	0	25	120	1.12820342593256E-02
20	0	30	120	1.03807523210555E-02
20	0	35	120	9.64453705273595E-03
20	0	40	120	8.97727546107112E-03
20	0	45	120	8.33116571421232E-03
20	0	50	120	7.70650607565264E-03
20	0	55	120	7.13410778716622E-03
20	0	60	120	6.65091434851955E-03
20	0	65	120	6.28133095884259E-03
20	0	70	120	6.02960619462068E-03
20	0	75	120	5.88115437976669E-03
20	0	80	120	5.8088346842793E-03
20	0	85	120	5.78187480225096E-03
20	0	89.9	120	5.77597387356027E-03
Spec Polar [deg.]	Spec Azimuth [deg.]	Scatter Polar [deg.]	Scatter Azimuth [deg.]	BSDF (AOI=20, AZI=130) [1/sr]
20	0	0	130	2.12065435920985E-02
20	0	5	130	1.80768127614944E-02
20	0	10	130	1.53395880896655E-02
20	0	15	130	1.32174342817832E-02
20	0	20	130	1.16972013980445E-02
20	0	25	130	1.06463211300631E-02
20	0	30	130	9.89557088952831E-03
20	0	35	130	9.28776791283437E-03
20	0	40	130	8.70978328622538E-03
20	0	45	130	8.11119933689366E-03
20	0	50	130	7.50159631700095E-03
20	0	55	130	6.92614829772742E-03
20	0	60	130	6.43410614104401E-03
20	0	65	130	6.0568083728645E-03
20	0	70	130	5.80067389288199E-03
20	0	75	130	5.6506742956201E-03
20	0	80	130	5.57840785069501E-03
20	0	85	130	5.55195598871163E-03
20	0	89.9	130	5.54630294354386E-03
Spec Polar [deg.]	Spec Azimuth [deg.]	Scatter Polar [deg.]	Scatter Azimuth [deg.]	BSDF (AOI=20, AZI=140) [1/sr]
20	0	0	140	2.12065435920985E-02
20	0	5	140	1.76188941283507E-02
20	0	10	140	1.46836140480438E-02
20	0	15	140	1.25343578495425E-02
20	0	20	140	1.10770550965787E-02
20	0	25	140	0.010125403344903
20	0	30	140	9.47841016025916E-03
20	0	35	140	8.96034378495688E-03
20	0	40	140	8.44872899025492E-03
20	0	45	140	7.89197019342077E-03
20	0	50	140	7.30432063718467E-03
20	0	55	140	6.73721815980278E-03
20	0	60	140	6.24438055445213E-03
20	0	65	140	5.85921578992663E-03
20	0	70	140	5.5892444637543E-03
20	0	75	140	5.42133045733998E-03
20	0	80	140	5.33067592084049E-03
20	0	85	140	5.2902218869603E-03
20	0	89.9	140	5.2793141940121E-03
Spec Polar [deg.]	Spec Azimuth [deg.]	Scatter Polar [deg.]	Scatter Azimuth [deg.]	BSDF (AOI=20, AZI=150) [1/sr]
20	0	0	150	2.12065435920985E-02
20	0	5	150	1.72601197307725E-02
20	0	10	150	1.41808197880735E-02
20	0	15	150	1.20139795185797E-02
20	0	20	150	1.05986783631745E-02
20	0	25	150	9.70992569363727E-03
20	0	30	150	0.009127177622566
20	0	35	150	8.6655580363304E-03
20	0	40	150	8.1993792747004E-03
20	0	45	150	7.67734122731988E-03
20	0	50	150	7.11493894880246E-03
20	0	55	150	6.56367555323052E-03
20	0	60	150	6.07591544987078E-03
20	0	65	150	5.68373948219288E-03
20	0	70	150	5.39517054066972E-03
20	0	75	150	5.20057896526241E-03
20	0	80	150	5.08171663364794E-03
20	0	85	150	5.01965473253981E-03
20	0	89.9	150	5.00063985067512E-03
Spec Polar [deg.]	Spec Azimuth [deg.]	Scatter Polar [deg.]	Scatter Azimuth [deg.]	BSDF (AOI=20, AZI=160) [1/sr]
20	0	0	160	2.12065435920985E-02
20	0	5	160	1.70026848604899E-02
20	0	10	160	0.013825588334348
20	0	15	160	1.16469983649881E-02
20	0	20	160	1.02565087612327E-02
20	0	25	160	9.40327745044984E-03
20	0	30	160	8.85567468910763E-03
20	0	35	160	8.42550851385568E-03
20	0	40	160	7.9875026514176E-03
20	0	45	160	7.49149727246331E-03
20	0	50	160	6.95237704790008E-03
20	0	55	160	6.41854704762485E-03
20	0	60	160	5.93823907267514E-03
20	0	65	160	5.54070998984309E-03
20	0	70	160	5.23423787344137E-03
20	0	75	160	5.01315619453627E-03
20	0	80	160	4.86626443260498E-03
20	0	85	160	4.78287047967539E-03
20	0	89.9	160	4.7558923917942E-03
Spec Polar [deg.]	Spec Azimuth [deg.]	Scatter Polar [deg.]	Scatter Azimuth [deg.]	BSDF (AOI=20, AZI=170) [1/sr]
20	0	0	170	2.12065435920985E-02
20	0	5	170	1.68478211917185E-02
20	0	10	170	1.36139757484197E-02
20	0	15	170	1.14283468463068E-02
20	0	20	170	1.00502492361126E-02
20	0	25	170	9.21407390644878E-03
20	0	30	170	8.68272410116445E-03
20	0	35	170	8.26740895012302E-03
20	0	40	170	7.84431772400902E-03
20	0	45	170	7.36441617019357E-03
20	0	50	170	6.84157491438125E-03
20	0	55	170	6.32094474339629E-03
20	0	60	170	5.8468595975456E-03
20	0	65	170	5.44605044810265E-03
20	0	70	170	5.12695154030755E-03
20	0	75	170	4.88698981430108E-03
20	0	80	170	4.72023126640219E-03
20	0	85	170	4.62184433536462E-03
20	0	89.9	170	4.58930057685352E-03
Spec Polar [deg.]	Spec Azimuth [deg.]	Scatter Polar [deg.]	Scatter Azimuth [deg.]	BSDF (AOI=20, AZI=180) [1/sr]
20	0	0	180	2.12065435920985E-02
20	0	5	180	1.67961390793533E-02
20	0	10	180	1.35436876798661E-02
20	0	15	180	1.13556825232639E-02
20	0	20	180	9.98125851735476E-03
20	0	25	180	9.15001164119078E-03
20	0	30	180	8.62322368898436E-03
20	0	35	180	8.21214527910809E-03
20	0	40	180	7.79366838494313E-03
20	0	45	180	7.31921270223721E-03
20	0	50	180	6.80219928358104E-03
20	0	55	180	6.28645101839985E-03
20	0	60	180	5.81475316252816E-03
20	0	65	180	5.4128489790522E-03
20	0	70	180	5.08923140936861E-03
20	0	75	180	4.84249282413762E-03
20	0	80	180	4.66863477003127E-03
20	0	85	180	4.56491953368387E-03
20	0	89.9	180	4.53040482124968E-03
AOI	30	deg.
FRED TIS integral (0-1)	5.07879721062502E-02
Spec Polar [deg.]	Spec Azimuth [deg.]	Scatter Polar [deg.]	Scatter Azimuth [deg.]	BSDF (AOI=30, AZI=0) [1/sr]
30	0	0	0	1.46992997973215E-02
30	0	5	0	1.84573590592062E-02
30	0	10	0	2.34217409726851E-02
30	0	15	0	2.93992007549386E-02
30	0	20	0	3.58636891300474E-02
30	0	25	0	4.20233466250747E-02
30	0	30	0	4.70102252505918E-02
30	0	35	0	0.05013386325429
30	0	40	0	5.11417710876552E-02
30	0	45	0	5.03942756032911E-02
30	0	50	0	4.88211202200394E-02
30	0	55	0	4.76441350571595E-02
30	0	60	0	4.80537988867236E-02
30	0	65	0	5.10209732137628E-02
30	0	70	0	5.71697354799861E-02
30	0	75	0	6.64274184754282E-02
30	0	80	0	7.73297940500775E-02
30	0	85	0	8.66000068390542E-02
30	0	89.9	0	9.03028182740138E-02
Spec Polar [deg.]	Spec Azimuth [deg.]	Scatter Polar [deg.]	Scatter Azimuth [deg.]	BSDF (AOI=30, AZI=10) [1/sr]
30	0	0	10	1.46992997973215E-02
30	0	5	10	1.83818305891545E-02
30	0	10	10	2.31886827535237E-02
30	0	15	10	2.88848529349715E-02
30	0	20	10	3.49212291256707E-02
30	0	25	10	4.05308665735256E-02
30	0	30	10	4.49325792348254E-02
30	0	35	10	4.75616095694564E-02
30	0	40	10	4.82707428888886E-02
30	0	45	10	4.74428078821228E-02
30	0	50	10	4.59296029246113E-02
30	0	55	10	4.48135711165355E-02
30	0	60	10	4.51377198974405E-02
30	0	65	10	4.77414225255767E-02
30	0	70	10	5.31382355342326E-02
30	0	75	10	6.12091307556789E-02
30	0	80	10	7.06328599805723E-02
30	0	85	10	7.85851066332192E-02
30	0	89.9	10	8.17474093510295E-02
Spec Polar [deg.]	Spec Azimuth [deg.]	Scatter Polar [deg.]	Scatter Azimuth [deg.]	BSDF (AOI=30, AZI=20) [1/sr]
30	0	0	20	1.46992997973215E-02
30	0	5	20	1.81611652218743E-02
30	0	10	20	2.25214442548824E-02
30	0	15	20	2.74454612111882E-02
30	0	20	20	3.23460579575313E-02
30	0	25	20	3.65469245661975E-02
30	0	30	20	3.95010328514352E-02
30	0	35	20	4.09466296902925E-02
30	0	40	20	4.09660447871358E-02
30	0	45	20	3.99699051946295E-02
30	0	50	20	3.86123503851626E-02
30	0	55	20	3.76451104799863E-02
30	0	60	20	3.77657777951092E-02
30	0	65	20	0.03951160963121
30	0	70	20	4.31591827580697E-02
30	0	75	20	4.85210457973116E-02
30	0	80	20	5.46370562066224E-02
30	0	85	20	5.96907235434668E-02
30	0	89.9	20	6.16757601638689E-02
Spec Polar [deg.]	Spec Azimuth [deg.]	Scatter Polar [deg.]	Scatter Azimuth [deg.]	BSDF (AOI=30, AZI=30) [1/sr]
30	0	0	30	1.46992997973215E-02
30	0	5	30	1.78121488853239E-02
30	0	10	30	0.021506805710329
30	0	15	30	0.025350477550988
30	0	20	30	2.87647149800897E-02
30	0	25	30	3.12449357414199E-02
30	0	30	30	3.25487786128614E-02
30	0	35	30	3.27342519668564E-02
30	0	40	30	3.20754203670824E-02
30	0	45	30	3.09561935651666E-02
30	0	50	30	2.97954048070965E-02
30	0	55	30	2.89959270954499E-02
30	0	60	30	2.89009660258647E-02
30	0	65	30	2.97500599775334E-02
30	0	70	30	3.16189244836953E-02
30	0	75	30	3.43225938321847E-02
30	0	80	30	3.73134225900999E-02
30	0	85	30	3.97140230394048E-02
30	0	89.9	30	4.06408151379363E-02
Spec Polar [deg.]	Spec Azimuth [deg.]	Scatter Polar [deg.]	Scatter Azimuth [deg.]	BSDF (AOI=30, AZI=40) [1/sr]
30	0	0	40	1.46992997973215E-02
30	0	5	40	1.73597819489622E-02
30	0	10	40	2.02634153644678E-02
30	0	15	40	2.29366970046861E-02
30	0	20	40	2.48906106335334E-02
30	0	25	40	2.58437923077149E-02
30	0	30	40	2.58281772958648E-02
30	0	35	40	2.51115295028583E-02
30	0	40	40	2.40363763485281E-02
30	0	45	40	0.022901990243343
30	0	50	40	2.19278528493639E-02
30	0	55	40	2.12651342715023E-02
30	0	60	40	2.10134062787446E-02
30	0	65	40	2.12208922152774E-02
30	0	70	40	0.021865599265035
30	0	75	40	2.28268094081793E-02
30	0	80	40	2.38707409407779E-02
30	0	85	40	2.46872604710039E-02
30	0	89.9	40	2.49972656263138E-02
Spec Polar [deg.]	Spec Azimuth [deg.]	Scatter Polar [deg.]	Scatter Azimuth [deg.]	BSDF (AOI=30, AZI=50) [1/sr]
30	0	0	50	1.46992997973215E-02
30	0	5	50	1.68336544024556E-02
30	0	10	50	1.89145374221831E-02
30	0	15	50	2.05083594419885E-02
30	0	20	50	2.12777244109236E-02
30	0	25	50	2.11512465996099E-02
30	0	30	50	2.03330750753594E-02
30	0	35	50	1.91605393748629E-02
30	0	40	50	1.79421191531931E-02
30	0	45	50	1.68756774188469E-02
30	0	50	50	1.60489438245473E-02
30	0	55	50	0.015476637884496
30	0	60	50	0.01513708216678
30	0	65	50	1.49937706854074E-02
30	0	70	50	1.50023007062651E-02
30	0	75	50	1.51096410742907E-02
30	0	80	50	1.52543172337705E-02
30	0	85	50	1.53738481964157E-02
30	0	89.9	50	1.54198140815316E-02
Spec Polar [deg.]	Spec Azimuth [deg.]	Scatter Polar [deg.]	Scatter Azimuth [deg.]	BSDF (AOI=30, AZI=60) [1/sr]
30	0	0	60	1.46992997973215E-02
30	0	5	60	1.62642150790009E-02
30	0	10	60	1.75660445430245E-02
30	0	15	60	1.82779808484721E-02
30	0	20	60	1.82268523930202E-02
30	0	25	60	1.74836847681731E-02
30	0	30	60	1.63094447209876E-02
30	0	35	60	1.50106779136976E-02
30	0	40	60	1.38190333852114E-02
30	0	45	60	1.28502618704475E-02
30	0	50	60	1.21232703313486E-02
30	0	55	60	1.15993393128997E-02
30	0	60	60	1.12179925975388E-02
30	0	65	60	1.09228856034768E-02
30	0	70	60	1.06770250103798E-02
30	0	75	60	1.04673081319284E-02
30	0	80	60	1.02998197263098E-02
30	0	85	60	1.01898177803954E-02
30	0	89.9	60	1.01513285932999E-02
Spec Polar [deg.]	Spec Azimuth [deg.]	Scatter Polar [deg.]	Scatter Azimuth [deg.]	BSDF (AOI=30, AZI=70) [1/sr]
30	0	0	70	1.46992997973215E-02
30	0	5	70	1.56796747702985E-02
30	0	10	70	1.62946371861492E-02
30	0	15	70	1.63554764901105E-02
30	0	20	70	1.58205466928232E-02
30	0	25	70	1.48191561667574E-02
30	0	30	70	1.35829903464532E-02
30	0	35	70	1.23411506296147E-02
30	0	40	70	1.12483467931689E-02
30	0	45	70	1.03689389650641E-02
30	0	50	70	9.69729694162141E-03
30	0	55	70	9.18847776310653E-03
30	0	60	70	8.78581181234786E-03
30	0	65	70	8.44188858488388E-03
30	0	70	70	8.13145184477074E-03
30	0	75	70	7.85435598261671E-03
30	0	80	70	7.62896827918595E-03
30	0	85	70	7.48024655381713E-03
30	0	89.9	70	7.42819621304765E-03
Spec Polar [deg.]	Spec Azimuth [deg.]	Scatter Polar [deg.]	Scatter Azimuth [deg.]	BSDF (AOI=30, AZI=80) [1/sr]
30	0	0	80	1.46992997973215E-02
30	0	5	80	0.015103968626565
30	0	10	80	1.51460650277258E-02
30	0	15	80	1.47684911338283E-02
30	0	20	80	1.40068572657284E-02
30	0	25	80	1.29802780207319E-02
30	0	30	80	1.18453644759598E-02
30	0	35	80	1.07431057197945E-02
30	0	40	80	9.7660775839876E-03
30	0	45	80	8.95286130279636E-03
30	0	50	80	8.30027880750525E-03
30	0	55	80	7.7813605088669E-03
30	0	60	80	7.36184572351195E-03
30	0	65	80	7.01252432603832E-03
30	0	70	80	6.71642308221998E-03
30	0	75	80	6.47037513387326E-03
30	0	80	80	6.28164859197747E-03
30	0	85	80	6.16181953826035E-03
30	0	89.9	80	6.12065009520695E-03
Spec Polar [deg.]	Spec Azimuth [deg.]	Scatter Polar [deg.]	Scatter Azimuth [deg.]	BSDF (AOI=30, AZI=90) [1/sr]
30	0	0	90	1.46992997973215E-02
30	0	5	90	1.45558545238283E-02
30	0	10	90	0.014140037794335
30	0	15	90	1.34927176327817E-02
30	0	20	90	1.26737820665638E-02
30	0	25	90	1.17521281610117E-02
30	0	30	90	0.010795468032229
30	0	35	90	9.86216439053391E-03
30	0	40	90	8.99638065425834E-03
30	0	45	90	8.22669272874537E-03
30	0	50	90	7.56741146504613E-03
30	0	55	90	7.02146053671234E-03
30	0	60	90	6.58372935984348E-03
30	0	65	90	6.24417827724823E-03
30	0	70	90	5.99038352524508E-03
30	0	75	90	5.80951395008774E-03
30	0	80	90	5.68987085617882E-03
30	0	85	90	5.62211594957626E-03
30	0	89.9	90	5.60023368232068E-03
Spec Polar [deg.]	Spec Azimuth [deg.]	Scatter Polar [deg.]	Scatter Azimuth [deg.]	BSDF (AOI=30, AZI=100) [1/sr]
30	0	0	100	1.46992997973215E-02
30	0	5	100	1.40489605062431E-02
30	0	10	100	0.013278000279034
30	0	15	100	1.24789060460804E-02
30	0	20	100	0.011696363519811
30	0	25	100	1.09348703284901E-02
30	0	30	100	1.01790332495158E-02
30	0	35	100	9.41595448507066E-03
30	0	40	100	8.65074650172177E-03
30	0	45	100	7.90960451199192E-03
30	0	50	100	7.23104437918988E-03
30	0	55	100	6.65197517460293E-03
30	0	60	100	6.19645787585435E-03
30	0	65	100	5.87095795341166E-03
30	0	70	100	5.66515200641457E-03
30	0	75	100	5.55570492904703E-03
30	0	80	100	5.51164241341223E-03
30	0	85	100	5.50136192987961E-03
30	0	89.9	100	5.50092555981367E-03
Spec Polar [deg.]	Spec Azimuth [deg.]	Scatter Polar [deg.]	Scatter Azimuth [deg.]	BSDF (AOI=30, AZI=110) [1/sr]
30	0	0	110	1.46992997973215E-02
30	0	5	110	1.35924639216084E-02
30	0	10	110	1.25509479150732E-02
30	0	15	110	1.16721229629333E-02
30	0	20	110	1.09615654530005E-02
30	0	25	110	1.03618402898041E-02
30	0	30	110	9.79025213013717E-03
30	0	35	110	9.17764540831132E-03
30	0	40	110	8.49867765129304E-03
30	0	45	110	7.78051789494136E-03
30	0	50	110	7.08564879540479E-03
30	0	55	110	6.48134514909678E-03
30	0	60	110	6.0149378872066E-03
30	0	65	110	5.70415821441001E-03
30	0	70	110	5.53903493496637E-03
30	0	75	110	5.48809515875384E-03
30	0	80	110	5.50582643414538E-03
30	0	85	110	5.54291018223774E-03
30	0	89.9	110	5.56026575190338E-03
Spec Polar [deg.]	Spec Azimuth [deg.]	Scatter Polar [deg.]	Scatter Azimuth [deg.]	BSDF (AOI=30, AZI=120) [1/sr]
30	0	0	120	1.46992997973215E-02
30	0	5	120	1.31920733511605E-02
30	0	10	120	0.011945772167955
30	0	15	120	1.10236757646524E-02
30	0	20	120	1.03807523210555E-02
30	0	25	120	9.90758371968911E-03
30	0	30	120	9.47363029777555E-03
30	0	35	120	8.97224331421426E-03
30	0	40	120	8.35956979598935E-03
30	0	45	120	7.66632480724215E-03
30	0	50	120	6.97268801579882E-03
30	0	55	120	6.36478302431183E-03
30	0	60	120	5.90163122608027E-03
30	0	65	120	5.60465797552531E-03
30	0	70	120	5.46237373779496E-03
30	0	75	120	5.43905213927725E-03
30	0	80	120	5.48343275377007E-03
30	0	85	120	5.53995375557037E-03
30	0	89.9	120	5.56444905784003E-03
Spec Polar [deg.]	Spec Azimuth [deg.]	Scatter Polar [deg.]	Scatter Azimuth [deg.]	BSDF (AOI=30, AZI=130) [1/sr]
30	0	0	130	1.46992997973215E-02
30	0	5	130	1.28510478327713E-02
30	0	10	130	1.14496132614308E-02
30	0	15	130	0.010497336040552
30	0	20	130	9.89557088952831E-03
30	0	25	130	9.49444741048594E-03
30	0	30	130	9.13462856738729E-03
30	0	35	130	8.69276152090284E-03
30	0	40	130	8.12171054442046E-03
30	0	45	130	7.45865330101142E-03
30	0	50	130	6.79144648251922E-03
30	0	55	130	6.20868477426172E-03
30	0	60	130	5.76640971818915E-03
30	0	65	130	5.48104944099309E-03
30	0	70	130	5.3375706202535E-03
30	0	75	130	5.30052801857377E-03
30	0	80	130	5.32393866520938E-03
30	0	85	130	5.3615254078689E-03
30	0	89.9	130	5.37839979727286E-03
Spec Polar [deg.]	Spec Azimuth [deg.]	Scatter Polar [deg.]	Scatter Azimuth [deg.]	BSDF (AOI=30, AZI=140) [1/sr]
30	0	0	140	1.46992997973215E-02
30	0	5	140	1.25710810496497E-02
30	0	10	140	1.10522667668988E-02
30	0	15	140	0.010071171009294
30	0	20	140	9.47841016025914E-03
30	0	25	140	9.09441762516506E-03
30	0	30	140	8.74719508197465E-03
30	0	35	140	8.3152973563215E-03
30	0	40	140	7.76220030633582E-03
30	0	45	140	7.13346948077629E-03
30	0	50	140	6.51457142550031E-03
30	0	55	140	5.98154295750109E-03
30	0	60	140	5.57464052757902E-03
30	0	65	140	5.29793469618129E-03
30	0	70	140	5.13151127811534E-03
30	0	75	140	5.04493102726943E-03
30	0	80	140	5.00757228765275E-03
30	0	85	140	4.99513442766576E-03
30	0	89.9	140	4.99264751142362E-03
Spec Polar [deg.]	Spec Azimuth [deg.]	Scatter Polar [deg.]	Scatter Azimuth [deg.]	BSDF (AOI=30, AZI=150) [1/sr]
30	0	0	150	1.46992997973215E-02
30	0	5	150	1.23529691355492E-02
30	0	10	150	1.07469797068913E-02
30	0	15	150	9.73598900202956E-03
30	0	20	150	9.12717762256599E-03
30	0	25	150	8.72080234718334E-03
30	0	30	150	8.34384492885786E-03
30	0	35	150	7.88883142522053E-03
30	0	40	150	7.33738206525255E-03
30	0	45	150	6.74293419324097E-03
30	0	50	150	6.18189158733254E-03
30	0	55	150	5.7095743395357E-03
30	0	60	150	5.3439380326527E-03
30	0	65	150	5.07306560338888E-03
30	0	70	150	4.87224824372771E-03
30	0	75	150	4.7199282448956E-03
30	0	80	150	4.60650675401772E-03
30	0	85	150	4.53392775577956E-03
30	0	89.9	150	4.50866702534392E-03
Spec Polar [deg.]	Spec Azimuth [deg.]	Scatter Polar [deg.]	Scatter Azimuth [deg.]	BSDF (AOI=30, AZI=160) [1/sr]
30	0	0	160	1.46992997973215E-02
30	0	5	160	0.012197052425252
30	0	10	160	1.05301143658348E-02
30	0	15	160	9.49155306247109E-03
30	0	20	160	8.85567468910762E-03
30	0	25	160	8.41057314385427E-03
30	0	30	160	7.98838170395577E-03
30	0	35	160	7.49913820691871E-03
30	0	40	160	6.94242177266996E-03
30	0	45	160	6.37704859255683E-03
30	0	50	160	5.86859504330013E-03
30	0	55	160	5.45180474147167E-03
30	0	60	160	5.12329676827343E-03
30	0	65	160	4.85611455266602E-03
30	0	70	160	4.6220300143359E-03
30	0	75	160	4.40972352423032E-03
30	0	80	160	4.23002882382186E-03
30	0	85	160	4.1070542471122E-03
30	0	89.9	160	4.06314389220214E-03
Spec Polar [deg.]	Spec Azimuth [deg.]	Scatter Polar [deg.]	Scatter Azimuth [deg.]	BSDF (AOI=30, AZI=170) [1/sr]
30	0	0	170	1.46992997973215E-02
30	0	5	170	1.21034676405725E-02
30	0	10	170	1.04002068790212E-02
30	0	15	170	9.34196135303683E-03
30	0	20	170	8.68272410116445E-03
30	0	25	170	8.2045218607632E-03
30	0	30	170	7.74533520706757E-03
30	0	35	170	7.22879155877856E-03
30	0	40	170	6.66679876376336E-03
30	0	45	170	6.12080661645721E-03
30	0	50	170	5.64812499731717E-03
30	0	55	170	5.26916595768262E-03
30	0	60	170	4.96582212925684E-03
30	0	65	170	4.70073878021568E-03
30	0	70	170	4.44376854283783E-03
30	0	75	170	4.19168736867472E-03
30	0	80	170	3.96969812223834E-03
30	0	85	170	3.81567693607801E-03
30	0	89.9	170	3.76052353347545E-03
Spec Polar [deg.]	Spec Azimuth [deg.]	Scatter Polar [deg.]	Scatter Azimuth [deg.]	BSDF (AOI=30, AZI=180) [1/sr]
30	0	0	180	1.46992997973215E-02
30	0	5	180	1.20722679265025E-02
30	0	10	180	1.03569107455416E-02
30	0	15	180	9.29151390268407E-03
30	0	20	180	8.62322368898436E-03
30	0	25	180	8.1322950005945E-03
30	0	30	180	7.65916181065734E-03
30	0	35	180	7.13248387856108E-03
30	0	40	180	6.56846174390431E-03
30	0	45	180	6.02925856064336E-03
30	0	50	180	5.56914159979459E-03
30	0	55	180	5.2034719940583E-03
30	0	60	180	0.004908958088967
30	0	65	180	4.6445698399792E-03
30	0	70	180	4.37958271546356E-03
30	0	75	180	4.11383392562422E-03
30	0	80	180	3.87763808511326E-03
30	0	85	180	3.71341522576451E-03
30	0	89.9	180	3.65461831737222E-03
AOI	40	deg.
FRED TIS integral (0-1)	5.68273307101866E-02
Spec Polar [deg.]	Spec Azimuth [deg.]	Scatter Polar [deg.]	Scatter Azimuth [deg.]	BSDF (AOI=40, AZI=0) [1/sr]
40	0	0	0	0.011460519520448
40	0	5	0	0.013957859360611
40	0	10	0	1.77717362949456E-02
40	0	15	0	2.33178637753465E-02
40	0	20	0	3.09075514526647E-02
40	0	25	0	4.04615826232618E-02
40	0	30	0	0.051141771087655
40	0	35	0	6.12319763760727E-02
40	0	40	0	6.87393230079967E-02
40	0	45	0	7.26550283765977E-02
40	0	50	0	7.38717751922984E-02
40	0	55	0	7.48837730070658E-02
40	0	60	0	7.87817344224415E-02
40	0	65	0	8.86224468936391E-02
40	0	70	0	0.107207677205623
40	0	75	0	0.136049665425802
40	0	80	0	0.172244454948114
40	0	85	0	0.204960651539055
40	0	89.9	0	0.218513336669126
Spec Polar [deg.]	Spec Azimuth [deg.]	Scatter Polar [deg.]	Scatter Azimuth [deg.]	BSDF (AOI=40, AZI=10) [1/sr]
40	0	0	10	0.011460519520448
40	0	5	10	1.39056737605888E-02
40	0	10	10	1.75915089331455E-02
40	0	15	10	2.28661205961449E-02
40	0	20	10	2.99516177872927E-02
40	0	25	10	3.86939716331021E-02
40	0	30	10	4.82707428888886E-02
40	0	35	10	5.71429653392966E-02
40	0	40	10	6.36143010816463E-02
40	0	45	10	6.68950739322683E-02
40	0	50	10	6.78303615532591E-02
40	0	55	10	6.86098079376721E-02
40	0	60	10	7.19035332257669E-02
40	0	65	10	0.080302294176514
40	0	70	10	0.096080757127583
40	0	75	10	0.120301057905052
40	0	80	10	0.150312207657905
40	0	85	10	0.177141584854999
40	0	89.9	10	0.188185009761284
Spec Polar [deg.]	Spec Azimuth [deg.]	Scatter Polar [deg.]	Scatter Azimuth [deg.]	BSDF (AOI=40, AZI=20) [1/sr]
40	0	0	20	0.011460519520448
40	0	5	20	0.013753660053411
40	0	10	20	1.70785154808133E-02
40	0	15	20	2.16136795674207E-02
40	0	20	20	2.73764822788396E-02
40	0	25	20	3.40706834740361E-02
40	0	30	20	4.09660447871358E-02
40	0	35	20	4.69760802724693E-02
40	0	40	20	5.10790836891839E-02
40	0	45	20	5.29407040131589E-02
40	0	50	20	5.32605842084317E-02
40	0	55	20	0.05353042021092
40	0	60	20	5.54846164774242E-02
40	0	65	20	6.07133446379704E-02
40	0	70	20	7.04365752199364E-02
40	0	75	20	8.49368898572239E-02
40	0	80	20	0.102290044826047
40	0	85	20	0.117337886754311
40	0	89.9	20	0.123423266511172
Spec Polar [deg.]	Spec Azimuth [deg.]	Scatter Polar [deg.]	Scatter Azimuth [deg.]	BSDF (AOI=40, AZI=30) [1/sr]
40	0	0	30	0.011460519520448
40	0	5	30	1.35146366587981E-02
40	0	10	30	1.63073287817243E-02
40	0	15	30	1.98235121804655E-02
40	0	20	30	0.023890581952007
40	0	25	30	2.81478658326974E-02
40	0	30	30	3.20754203670824E-02
40	0	35	30	3.51164096391156E-02
40	0	40	30	3.68926826224276E-02
40	0	45	30	3.74242644165293E-02
40	0	50	30	0.037197175676233
40	0	55	30	3.70115737093609E-02
40	0	60	30	3.77266433278147E-02
40	0	65	30	4.00602063243467E-02
40	0	70	30	4.44402493028686E-02
40	0	75	30	5.07578117250308E-02
40	0	80	30	0.057975390091906
40	0	85	30	6.39760100436432E-02
40	0	89.9	30	6.63433706921425E-02
Spec Polar [deg.]	Spec Azimuth [deg.]	Scatter Polar [deg.]	Scatter Azimuth [deg.]	BSDF (AOI=40, AZI=40) [1/sr]
40	0	0	40	0.011460519520448
40	0	5	40	1.32075030600957E-02
40	0	10	40	1.53780858808121E-02
40	0	15	40	1.78138291671161E-02
40	0	20	40	2.02583611304075E-02
40	0	25	40	2.24168070667565E-02
40	0	30	40	2.40363763485281E-02
40	0	35	40	0.024973229374602
40	0	40	40	2.52293222398761E-02
40	0	45	40	2.49582646095684E-02
40	0	50	40	2.44369406787486E-02
40	0	55	40	2.40031420715012E-02
40	0	60	40	2.39777515027402E-02
40	0	65	40	2.45951316708034E-02
40	0	70	40	0.025942655688548
40	0	75	40	2.78929402287812E-02
40	0	80	40	3.00451993456109E-02
40	0	85	40	3.17664610537039E-02
40	0	89.9	40	3.24293134875766E-02
Spec Polar [deg.]	Spec Azimuth [deg.]	Scatter Polar [deg.]	Scatter Azimuth [deg.]	BSDF (AOI=40, AZI=50) [1/sr]
40	0	0	50	0.011460519520448
40	0	5	50	0.012854275717751
40	0	10	50	1.43919287506838E-02
40	0	15	50	1.58577306710466E-02
40	0	20	50	1.70221625657424E-02
40	0	25	50	1.77280569072634E-02
40	0	30	50	1.79421191531931E-02
40	0	35	50	1.77425856305003E-02
40	0	40	50	1.72663143167404E-02
40	0	45	50	1.66584294239455E-02
40	0	50	50	1.60462600213159E-02
40	0	55	50	1.55322711618947E-02
40	0	60	50	1.51918565335437E-02
40	0	65	50	1.50676204625938E-02
40	0	70	50	0.015159919928129
40	0	75	50	1.54186913505965E-02
40	0	80	50	1.57453409978909E-02
40	0	85	50	1.60147214242887E-02
40	0	89.9	50	1.61188222705466E-02
Spec Polar [deg.]	Spec Azimuth [deg.]	Scatter Polar [deg.]	Scatter Azimuth [deg.]	BSDF (AOI=40, AZI=60) [1/sr]
40	0	0	60	0.011460519520448
40	0	5	60	1.24770971787359E-02
40	0	10	60	1.34321756764509E-02
40	0	15	60	1.41312488163423E-02
40	0	20	60	0.014429972886768
40	0	25	60	0.014297419917535
40	0	30	60	1.38190333852114E-02
40	0	35	60	1.31420266000374E-02
40	0	40	60	1.24082537186265E-02
40	0	45	60	1.17140899664015E-02
40	0	50	60	1.11046642272136E-02
40	0	55	60	0.01058846740366
40	0	60	60	1.01565182053202E-02
40	0	65	60	9.79693868659895E-03
40	0	70	60	9.50218576188323E-03
40	0	75	60	9.27015662212053E-03
40	0	80	60	9.10211943904997E-03
40	0	85	60	9.00023757351637E-03
40	0	89.9	60	8.96610933514828E-03
Spec Polar [deg.]	Spec Azimuth [deg.]	Scatter Polar [deg.]	Scatter Azimuth [deg.]	BSDF (AOI=40, AZI=70) [1/sr]
40	0	0	70	0.011460519520448
40	0	5	70	1.20958325246829E-02
40	0	10	70	1.25553108674147E-02
40	0	15	70	1.27116708220212E-02
40	0	20	70	0.012507430262835
40	0	25	70	1.19818642984017E-02
40	0	30	70	1.12483467931689E-02
40	0	35	70	1.04406098909315E-02
40	0	40	70	9.66452010631001E-03
40	0	45	70	8.97705021529361E-03
40	0	50	70	8.39046894891295E-03
40	0	55	70	7.88923974463083E-03
40	0	60	70	7.44899482600419E-03
40	0	65	70	7.05155810703957E-03
40	0	70	70	6.69290404905531E-03
40	0	75	70	6.38326457074863E-03
40	0	80	70	6.1413842464614E-03
40	0	85	70	5.98680902839117E-03
40	0	89.9	70	5.93362438528169E-03
Spec Polar [deg.]	Spec Azimuth [deg.]	Scatter Polar [deg.]	Scatter Azimuth [deg.]	BSDF (AOI=40, AZI=80) [1/sr]
40	0	0	80	0.011460519520448
40	0	5	80	1.17265833275921E-02
40	0	10	80	1.17908440521281E-02
40	0	15	80	0.011603255616171
40	0	20	80	1.11629201119033E-02
40	0	25	80	0.010521967809339
40	0	30	80	9.7660775839876E-03
40	0	35	80	8.98415228170924E-03
40	0	40	80	8.24391055512169E-03
40	0	45	80	7.58214997994163E-03
40	0	50	80	7.00814216985913E-03
40	0	55	80	6.5138645044773E-03
40	0	60	80	6.08533024627245E-03
40	0	65	80	5.71147810562957E-03
40	0	70	80	5.38888610880956E-03
40	0	75	80	5.12205907499285E-03
40	0	80	80	4.92047321587438E-03
40	0	85	80	4.79442555362345E-03
40	0	89.9	80	4.75151098034528E-03
Spec Polar [deg.]	Spec Azimuth [deg.]	Scatter Polar [deg.]	Scatter Azimuth [deg.]	BSDF (AOI=40, AZI=90) [1/sr]
40	0	0	90	0.011460519520448
40	0	5	90	1.13811501012798E-02
40	0	10	90	1.11465674836602E-02
40	0	15	90	1.07677277857642E-02
40	0	20	90	1.02637395668424E-02
40	0	25	90	9.66193834612346E-03
40	0	30	90	8.99638065425834E-03
40	0	35	90	8.30452193826223E-03
40	0	40	90	7.62277538660652E-03
40	0	45	90	6.98224098312663E-03
40	0	50	90	6.40580568042452E-03
40	0	55	90	5.90717447766853E-03
40	0	60	90	5.49164380523562E-03
40	0	65	90	5.15797087477434E-03
40	0	70	90	4.90063805238088E-03
40	0	75	90	4.71202024330521E-03
40	0	80	90	4.58422382513565E-03
40	0	85	90	4.51053819351036E-03
40	0	89.9	90	4.48650702128361E-03
Spec Polar [deg.]	Spec Azimuth [deg.]	Scatter Polar [deg.]	Scatter Azimuth [deg.]	BSDF (AOI=40, AZI=100) [1/sr]
40	0	0	100	0.011460519520448
40	0	5	100	1.10672603524272E-02
40	0	10	100	1.06157567485676E-02
40	0	15	100	1.01483533990095E-02
40	0	20	100	9.67530119297751E-03
40	0	25	100	9.18302569540385E-03
40	0	30	100	8.65074650172176E-03
40	0	35	100	8.06836845995016E-03
40	0	40	100	7.44786847682044E-03
40	0	45	100	6.82288053629589E-03
40	0	50	100	6.2376117622227E-03
40	0	55	100	5.73225715887893E-03
40	0	60	100	5.33251347202951E-03
40	0	65	100	5.04611376565497E-03
40	0	70	100	0.004864646971737
40	0	75	100	4.76775425866103E-03
40	0	80	100	4.72831245816044E-03
40	0	85	100	4.71872117515957E-03
40	0	89.9	100	4.71812606393559E-03
Spec Polar [deg.]	Spec Azimuth [deg.]	Scatter Polar [deg.]	Scatter Azimuth [deg.]	BSDF (AOI=40, AZI=110) [1/sr]
40	0	0	110	0.011460519520448
40	0	5	110	1.07892827961536E-02
40	0	10	110	1.01840716195889E-02
40	0	15	110	9.68597427164704E-03
40	0	20	110	9.27814216482968E-03
40	0	25	110	8.90466125128496E-03
40	0	30	110	8.49867765129305E-03
40	0	35	110	8.01361171174887E-03
40	0	40	110	7.44585625983389E-03
40	0	45	110	6.83643352421633E-03
40	0	50	110	6.25089843111117E-03
40	0	55	110	5.75170954297337E-03
40	0	60	110	5.37917525342393E-03
40	0	65	110	5.14603479063271E-03
40	0	70	110	5.04059926656623E-03
40	0	75	110	5.03223991223177E-03
40	0	80	110	5.07764198027713E-03
40	0	85	110	5.12999741662509E-03
40	0	89.9	110	5.15219201295801E-03
Spec Polar [deg.]	Spec Azimuth [deg.]	Scatter Polar [deg.]	Scatter Azimuth [deg.]	BSDF (AOI=40, AZI=120) [1/sr]
40	0	0	120	0.011460519520448
40	0	5	120	0.010549148726411
40	0	10	120	9.83510643515872E-03
40	0	15	120	9.32916435520971E-03
40	0	20	120	8.97727546107113E-03
40	0	25	120	8.68669133188416E-03
40	0	30	120	8.35956979598938E-03
40	0	35	120	7.93099520034062E-03
40	0	40	120	7.39589371382163E-03
40	0	45	120	6.80676030238739E-03
40	0	50	120	6.24342450360981E-03
40	0	55	120	5.77720077311378E-03
40	0	60	120	5.45008968015448E-03
40	0	65	120	5.27176887901543E-03
40	0	70	120	5.22526273937745E-03
40	0	75	120	5.27358271993999E-03
40	0	80	120	5.36649802156799E-03
40	0	85	120	5.45062011400334E-03
40	0	89.9	120	5.4839943642143E-03
Spec Polar [deg.]	Spec Azimuth [deg.]	Scatter Polar [deg.]	Scatter Azimuth [deg.]	BSDF (AOI=40, AZI=130) [1/sr]
40	0	0	130	0.011460519520448
40	0	5	130	1.03472587984684E-02
40	0	10	130	9.5542476434577E-03
40	0	15	130	9.04038435520108E-03
40	0	20	130	8.7097832862254E-03
40	0	25	130	8.44064107403665E-03
40	0	30	130	8.12171054442046E-03
40	0	35	130	7.6920577798099E-03
40	0	40	130	7.16221068727143E-03
40	0	45	130	6.59889461020601E-03
40	0	50	130	6.08454087001119E-03
40	0	55	130	5.68118398124142E-03
40	0	60	130	5.41606883148235E-03
40	0	65	130	5.28492474720463E-03
40	0	70	130	5.26156207143165E-03
40	0	75	130	5.30735479900397E-03
40	0	80	130	5.37982318702219E-03
40	0	85	130	5.44091576379435E-03
40	0	89.9	130	5.4643843313794E-03
Spec Polar [deg.]	Spec Azimuth [deg.]	Scatter Polar [deg.]	Scatter Azimuth [deg.]	BSDF (AOI=40, AZI=140) [1/sr]
40	0	0	140	0.011460519520448
40	0	5	140	1.01832321472517E-02
40	0	10	140	9.33080975606604E-03
40	0	15	140	8.79856128452047E-03
40	0	20	140	8.44872899025493E-03
40	0	25	140	8.13918421967443E-03
40	0	30	140	7.76220030633581E-03
40	0	35	140	7.28060408488352E-03
40	0	40	140	6.73287412573008E-03
40	0	45	140	6.19864955965339E-03
40	0	50	140	5.75134830687377E-03
40	0	55	140	5.42926638799166E-03
40	0	60	140	5.23216072690514E-03
40	0	65	140	5.13261671912174E-03
40	0	70	140	5.09201937488138E-03
40	0	75	140	5.07601404164429E-03
40	0	80	140	5.06495505603401E-03
40	0	85	140	5.05505479524953E-03
40	0	89.9	140	5.05077956921454E-03
Spec Polar [deg.]	Spec Azimuth [deg.]	Scatter Polar [deg.]	Scatter Azimuth [deg.]	BSDF (AOI=40, AZI=150) [1/sr]
40	0	0	150	0.011460519520448
40	0	5	150	1.00564324324888E-02
40	0	10	150	9.1585950324337E-03
40	0	15	150	8.59791187569858E-03
40	0	20	150	8.1993792747004E-03
40	0	25	150	7.8096877051978E-03
40	0	30	150	7.33738206525254E-03
40	0	35	150	6.77955882574953E-03
40	0	40	150	6.20456375672164E-03
40	0	45	150	5.69920697371767E-03
40	0	50	150	5.32083609112465E-03
40	0	55	150	5.0791957206069E-03
40	0	60	150	4.94296904825921E-03
40	0	65	150	4.85860432453526E-03
40	0	70	150	4.77538014198434E-03
40	0	75	150	4.66924887038106E-03
40	0	80	150	4.5519090468188E-03
40	0	85	150	4.45829758966441E-03
40	0	89.9	150	4.42254388347671E-03
Spec Polar [deg.]	Spec Azimuth [deg.]	Scatter Polar [deg.]	Scatter Azimuth [deg.]	BSDF (AOI=40, AZI=160) [1/sr]
40	0	0	160	0.011460519520448
40	0	5	160	9.96627025462947E-03
40	0	10	160	9.03520640183879E-03
40	0	15	160	8.44349443365852E-03
40	0	20	160	7.9875026514176E-03
40	0	25	160	7.51049492693259E-03
40	0	30	160	6.94242177266998E-03
40	0	35	160	6.31350645074473E-03
40	0	40	160	5.71498077888316E-03
40	0	45	160	5.23436197807305E-03
40	0	50	160	4.91228481904088E-03
40	0	55	160	4.7342404452131E-03
40	0	60	160	4.64299912945942E-03
40	0	65	160	4.56277970119085E-03
40	0	70	160	4.4342592694282E-03
40	0	75	160	4.24660835346739E-03
40	0	80	160	4.04118789449044E-03
40	0	85	160	3.88271290800274E-03
40	0	89.9	160	3.82350433566394E-03
Spec Polar [deg.]	Spec Azimuth [deg.]	Scatter Polar [deg.]	Scatter Azimuth [deg.]	BSDF (AOI=40, AZI=170) [1/sr]
40	0	0	170	0.011460519520448
40	0	5	170	9.91232721836372E-03
40	0	10	170	8.96062213878018E-03
40	0	15	170	8.34505008075898E-03
40	0	20	170	7.84431772400902E-03
40	0	25	170	7.30239170529422E-03
40	0	30	170	6.66679876376335E-03
40	0	35	170	5.99067787307057E-03
40	0	40	170	5.37814842900782E-03
40	0	45	170	4.91430875353531E-03
40	0	50	170	4.62778065847306E-03
40	0	55	170	4.48882293632691E-03
40	0	60	170	4.42403151759724E-03
40	0	65	170	4.34348133301527E-03
40	0	70	170	4.18339944144896E-03
40	0	75	170	3.94379974845226E-03
40	0	80	170	3.68606904023849E-03
40	0	85	170	3.49144071292689E-03
40	0	89.9	170	3.41967166832312E-03
Spec Polar [deg.]	Spec Azimuth [deg.]	Scatter Polar [deg.]	Scatter Azimuth [deg.]	BSDF (AOI=40, AZI=180) [1/sr]
40	0	0	180	0.011460519520448
40	0	5	180	9.89437045543074E-03
40	0	10	180	8.93562534316225E-03
40	0	15	180	8.31112822407998E-03
40	0	20	180	7.79366838494313E-03
40	0	25	180	7.22802777490907E-03
40	0	30	180	6.56846174390432E-03
40	0	35	180	5.87616548744441E-03
40	0	40	180	5.25921974532894E-03
40	0	45	180	4.80132794075741E-03
40	0	50	180	4.52680812013552E-03
40	0	55	180	4.40084171812707E-03
40	0	60	180	4.34464501969984E-03
40	0	65	180	4.26353623472865E-03
40	0	70	180	4.0924647038767E-03
40	0	75	180	3.83557936967216E-03
40	0	80	180	3.56117963680736E-03
40	0	85	180	3.35551257747818E-03
40	0	89.9	180	3.28001675273001E-03
AOI	50	deg.
FRED TIS integral (0-1)	7.16126475748919E-02
Spec Polar [deg.]	Spec Azimuth [deg.]	Scatter Polar [deg.]	Scatter Azimuth [deg.]	BSDF (AOI=50, AZI=0) [1/sr]
50	0	0	0	1.01835475607711E-02
50	0	5	0	1.22895512014942E-02
50	0	10	0	1.55835249673196E-02
50	0	15	0	0.020554351635955
50	0	20	0	2.76835001209144E-02
50	0	25	0	3.72124807459732E-02
50	0	30	0	4.88211202200394E-02
50	0	35	0	6.14844531121829E-02
50	0	40	0	7.38717751922984E-02
50	0	45	0	8.52843355844839E-02
50	0	50	0	9.65329218273947E-02
50	0	55	0	0.110183568589758
50	0	60	0	0.130309599788706
50	0	65	0	0.162154681546004
50	0	70	0	0.211257932619634
50	0	75	0	0.280246545942043
50	0	80	0	0.361877456046957
50	0	85	0	0.432910958879355
50	0	89.9	0	0.461759225353038
Spec Polar [deg.]	Spec Azimuth [deg.]	Scatter Polar [deg.]	Scatter Azimuth [deg.]	BSDF (AOI=50, AZI=10) [1/sr]
50	0	0	10	1.01835475607711E-02
50	0	5	10	1.22442746673675E-02
50	0	10	10	0.015423609744293
50	0	15	10	2.01450942932533E-02
50	0	20	10	0.026795212751277
50	0	25	10	3.55133537798273E-02
50	0	30	10	4.59296029246112E-02
50	0	35	10	5.70872278356672E-02
50	0	40	10	6.78303615532591E-02
50	0	45	10	7.76052329913661E-02
50	0	50	10	8.71588953170969E-02
50	0	55	10	9.86883898747054E-02
50	0	60	10	0.115574811224094
50	0	65	10	0.142025202383427
50	0	70	10	0.182262025200888
50	0	75	10	0.237920570726221
50	0	80	10	0.302779502564492
50	0	85	10	0.358529800497737
50	0	89.9	10	0.381016842267257
Spec Polar [deg.]	Spec Azimuth [deg.]	Scatter Polar [deg.]	Scatter Azimuth [deg.]	BSDF (AOI=50, AZI=20) [1/sr]
50	0	0	20	1.01835475607711E-02
50	0	5	20	0.012112480377951
50	0	10	20	1.49688338717911E-02
50	0	15	20	1.90118200616416E-02
50	0	20	20	2.44070241919508E-02
50	0	25	20	3.10837608603903E-02
50	0	30	20	3.86123503851626E-02
50	0	35	20	4.62496955472212E-02
50	0	40	20	5.32605842084317E-02
50	0	45	20	5.94021064374971E-02
50	0	50	20	0.065259044499148
50	0	55	20	7.22304702146096E-02
50	0	60	20	8.22776989870888E-02
50	0	65	20	9.76001513783816E-02
50	0	70	20	0.120060879248511
50	0	75	20	0.149818664688331
50	0	80	20	0.183050895568663
50	0	85	20	0.210654721796095
50	0	89.9	20	0.221578162183515
Spec Polar [deg.]	Spec Azimuth [deg.]	Scatter Polar [deg.]	Scatter Azimuth [deg.]	BSDF (AOI=50, AZI=30) [1/sr]
50	0	0	30	1.01835475607711E-02
50	0	5	30	1.19055471824147E-02
50	0	10	30	1.42863823191128E-02
50	0	15	30	1.73957833253735E-02
50	0	20	30	2.11861567497477E-02
50	0	25	30	2.54437039695137E-02
50	0	30	30	2.97954048070965E-02
50	0	35	30	3.38126305185252E-02
50	0	40	30	0.037197175676233
50	0	45	30	3.99607656712649E-02
50	0	50	30	4.24909566649481E-02
50	0	55	30	4.54728117028067E-02
50	0	60	30	4.97278011852667E-02
50	0	65	30	5.60244728618725E-02
50	0	70	30	6.48127579501668E-02
50	0	75	30	7.57790672818527E-02
50	0	80	30	8.73111228643106E-02
50	0	85	30	0.096434506276541
50	0	89.9	30	9.99476950591091E-02
Spec Polar [deg.]	Spec Azimuth [deg.]	Scatter Polar [deg.]	Scatter Azimuth [deg.]	BSDF (AOI=50, AZI=40) [1/sr]
50	0	0	40	1.01835475607711E-02
50	0	5	40	1.16402307431828E-02
50	0	10	40	1.34662978485497E-02
50	0	15	40	0.015587674584724
50	0	20	40	1.78468546544769E-02
50	0	25	40	2.00302602267418E-02
50	0	30	40	2.19278528493639E-02
50	0	35	40	2.34022415264865E-02
50	0	40	40	2.44369406787486E-02
50	0	45	40	2.51454438039463E-02
50	0	50	40	2.57421673109282E-02
50	0	55	40	2.64897928948179E-02
50	0	60	40	2.76390693082958E-02
50	0	65	40	0.029367080579044
50	0	70	40	3.17079373306697E-02
50	0	75	40	3.44755034499401E-02
50	0	80	40	0.037216284985906
50	0	85	40	3.92777730254599E-02
50	0	89.9	40	4.00491273485171E-02
Spec Polar [deg.]	Spec Azimuth [deg.]	Scatter Polar [deg.]	Scatter Azimuth [deg.]	BSDF (AOI=50, AZI=50) [1/sr]
50	0	0	50	1.01835475607711E-02
50	0	5	50	1.13360090456713E-02
50	0	10	50	1.25992641393482E-02
50	0	15	50	1.38353100009284E-02
50	0	20	50	1.48887257658067E-02
50	0	25	50	1.56405398176106E-02
50	0	30	50	1.60489438245473E-02
50	0	35	50	1.61534200590371E-02
50	0	40	50	1.60462600213159E-02
50	0	45	50	1.58348989359213E-02
50	0	50	50	1.56148441102425E-02
50	0	55	50	1.54577338768185E-02
50	0	60	50	1.54085707401416E-02
50	0	65	50	0.015485010320648
50	0	70	50	1.56757271017247E-02
50	0	75	50	1.59397172771864E-02
50	0	80	50	1.62113870811576E-02
50	0	85	50	1.64156235194746E-02
50	0	89.9	50	1.64915163424677E-02
Spec Polar [deg.]	Spec Azimuth [deg.]	Scatter Polar [deg.]	Scatter Azimuth [deg.]	BSDF (AOI=50, AZI=60) [1/sr]
50	0	0	60	1.01835475607711E-02
50	0	5	60	1.10124071072102E-02
50	0	10	60	1.17596835753991E-02
50	0	15	60	1.22968024883492E-02
50	0	20	60	1.25334851913361E-02
50	0	25	60	0.012455193239812
50	0	30	60	1.21232703313486E-02
50	0	35	60	1.16400026630617E-02
50	0	40	60	1.11046642272136E-02
50	0	45	60	1.05850197068718E-02
50	0	50	60	0.010111210243682
50	0	55	60	9.68539615836136E-03
50	0	60	60	9.29735196515019E-03
50	0	65	60	8.93850879699631E-03
50	0	70	60	8.61012418408376E-03
50	0	75	60	8.32437939570872E-03
50	0	80	60	8.10008939028455E-03
50	0	85	60	7.95630796337811E-03
50	0	89.9	60	7.9067563120405E-03
Spec Polar [deg.]	Spec Azimuth [deg.]	Scatter Polar [deg.]	Scatter Azimuth [deg.]	BSDF (AOI=50, AZI=70) [1/sr]
50	0	0	70	1.01835475607711E-02
50	0	5	70	0.010686850352692
50	0	10	70	1.09976910813927E-02
50	0	15	70	1.10402174301459E-02
50	0	20	70	1.07973117688126E-02
50	0	25	70	1.03186914736777E-02
50	0	30	70	9.6972969416214E-03
50	0	35	70	9.03069189095152E-03
50	0	40	70	8.39046894891293E-03
50	0	45	70	7.81098301290364E-03
50	0	50	70	7.2948293317799E-03
50	0	55	70	6.82693893231326E-03
50	0	60	70	6.39009221140427E-03
50	0	65	70	5.97675035792495E-03
50	0	70	70	5.59393448375376E-03
50	0	75	70	5.26065204532787E-03
50	0	80	70	5.00072966904978E-03
50	0	85	70	4.83543015184797E-03
50	0	89.9	70	4.77875622886237E-03
Spec Polar [deg.]	Spec Azimuth [deg.]	Scatter Polar [deg.]	Scatter Azimuth [deg.]	BSDF (AOI=50, AZI=80) [1/sr]
50	0	0	80	1.01835475607711E-02
50	0	5	80	1.03733403031609E-02
50	0	10	80	1.03391496138224E-02
50	0	15	80	0.010067916671706
50	0	20	80	9.59143968539469E-03
50	0	25	80	8.97619655020615E-03
50	0	30	80	8.30027880750524E-03
50	0	35	80	7.63028409330499E-03
50	0	40	80	7.00814216985911E-03
50	0	45	80	6.44988688248946E-03
50	0	50	80	5.95264790749043E-03
50	0	55	80	5.50487916154839E-03
50	0	60	80	5.09592905120466E-03
50	0	65	80	4.7223574300378E-03
50	0	70	80	4.38969655008779E-03
50	0	75	80	4.11007658966268E-03
50	0	80	80	3.89776894137437E-03
50	0	85	80	3.76508335078938E-03
50	0	89.9	80	3.71997466871418E-03
Spec Polar [deg.]	Spec Azimuth [deg.]	Scatter Polar [deg.]	Scatter Azimuth [deg.]	BSDF (AOI=50, AZI=90) [1/sr]
50	0	0	90	1.01835475607711E-02
50	0	5	90	1.00819786131491E-02
50	0	10	90	9.79042351011541E-03
50	0	15	90	9.34457063120635E-03
50	0	20	90	8.7930834186142E-03
50	0	25	90	8.18633012950581E-03
50	0	30	90	7.56741146504614E-03
50	0	35	90	6.96756313977398E-03
50	0	40	90	6.40580568042452E-03
50	0	45	90	5.89139387880239E-03
50	0	50	90	5.42736633927351E-03
50	0	55	90	5.01388836325331E-03
50	0	60	90	4.65065785171949E-03
50	0	65	90	4.33815862555123E-03
50	0	70	90	4.07792130792591E-03
50	0	75	90	3.87216296862988E-03
50	0	80	90	3.72321113644926E-03
50	0	85	90	3.63300543623628E-03
50	0	89.9	90	3.60280669097942E-03
Spec Polar [deg.]	Spec Azimuth [deg.]	Scatter Polar [deg.]	Scatter Azimuth [deg.]	BSDF (AOI=50, AZI=100) [1/sr]
50	0	0	100	1.01835475607711E-02
50	0	5	100	9.81917586250272E-03
50	0	10	100	9.34480855644782E-03
50	0	15	100	8.81873324055742E-03
50	0	20	100	8.28048242713783E-03
50	0	25	100	7.74941936757182E-03
50	0	30	100	7.23104437918988E-03
50	0	35	100	6.7260239241536E-03
50	0	40	100	6.2376117622227E-03
50	0	45	100	5.77487330682374E-03
50	0	50	100	5.35140258646721E-03
50	0	55	100	4.98128116600905E-03
50	0	60	100	4.6748411587149E-03
50	0	65	100	4.4360889230778E-03
50	0	70	100	4.26228728005527E-03
50	0	75	100	4.14525816178833E-03
50	0	80	100	4.07377191900464E-03
50	0	85	100	4.03651818532152E-03
50	0	89.9	100	4.02513354875997E-03
Spec Polar [deg.]	Spec Azimuth [deg.]	Scatter Polar [deg.]	Scatter Azimuth [deg.]	BSDF (AOI=50, AZI=110) [1/sr]
50	0	0	110	1.01835475607711E-02
50	0	5	110	9.58829719935151E-03
50	0	10	110	8.98864296109056E-03
50	0	15	110	8.43680173089959E-03
50	0	20	110	7.94673893699164E-03
50	0	25	110	7.50471158448887E-03
50	0	30	110	7.08564879540479E-03
50	0	35	110	6.66927532767918E-03
50	0	40	110	6.25089843111117E-03
50	0	45	110	5.84340956123445E-03
50	0	50	110	5.47092138770401E-03
50	0	55	110	5.15857160051686E-03
50	0	60	110	4.92386677439188E-03
50	0	65	110	4.77226228154079E-03
50	0	70	110	4.69659411196951E-03
50	0	75	110	4.67898040122318E-03
50	0	80	110	4.69459662795242E-03
50	0	85	110	4.71744721977296E-03
50	0	89.9	110	4.72756735599644E-03
Spec Polar [deg.]	Spec Azimuth [deg.]	Scatter Polar [deg.]	Scatter Azimuth [deg.]	BSDF (AOI=50, AZI=120) [1/sr]
50	0	0	120	1.01835475607711E-02
50	0	5	120	9.39049825669974E-03
50	0	10	120	8.70621954458439E-03
50	0	15	120	8.15164969382986E-03
50	0	20	120	7.70650607565266E-03
50	0	25	120	7.32822993937129E-03
50	0	30	120	6.97268801579881E-03
50	0	35	120	6.61192048609972E-03
50	0	40	120	6.24342450360981E-03
50	0	45	120	5.88747758267846E-03
50	0	50	120	5.57520172932872E-03
50	0	55	120	5.33488467027422E-03
50	0	60	120	5.1828186011455E-03
50	0	65	120	5.1200088956993E-03
50	0	70	120	5.13282451587297E-03
50	0	75	120	5.19577524811326E-03
50	0	80	120	5.27617796908553E-03
50	0	85	120	5.34110086731984E-03
50	0	89.9	120	5.36580454347324E-03
Spec Polar [deg.]	Spec Azimuth [deg.]	Scatter Polar [deg.]	Scatter Azimuth [deg.]	BSDF (AOI=50, AZI=130) [1/sr]
50	0	0	130	1.01835475607711E-02
50	0	5	130	9.22555516607977E-03
50	0	10	130	8.48324373090223E-03
50	0	15	130	7.9278999925936E-03
50	0	20	130	7.50159631700095E-03
50	0	25	130	7.13956500462548E-03
50	0	30	130	6.79144648251923E-03
50	0	35	130	6.43627415570046E-03
50	0	40	130	6.0845408700112E-03
50	0	45	130	5.7665093342046E-03
50	0	50	130	5.51459645158406E-03
50	0	55	130	5.34962165388606E-03
50	0	60	130	5.27516731474124E-03
50	0	65	130	5.27860175203607E-03
50	0	70	130	5.33584371047699E-03
50	0	75	130	5.41785366364763E-03
50	0	80	130	5.49723281868305E-03
50	0	85	130	5.55308849994549E-03
50	0	89.9	130	5.57303241983485E-03
Spec Polar [deg.]	Spec Azimuth [deg.]	Scatter Polar [deg.]	Scatter Azimuth [deg.]	BSDF (AOI=50, AZI=140) [1/sr]
50	0	0	140	1.01835475607711E-02
50	0	5	140	9.09256065995196E-03
50	0	10	140	8.30882756209242E-03
50	0	15	140	7.74435102996634E-03
50	0	20	140	7.30432063718466E-03
50	0	25	140	6.90925356594804E-03
50	0	30	140	6.51457142550033E-03
50	0	35	140	6.11846777160883E-03
50	0	40	140	5.75134830687376E-03
50	0	45	140	5.45285454009459E-03
50	0	50	140	5.25051450258415E-03
50	0	55	140	5.14900840847227E-03
50	0	60	140	5.13004948661573E-03
50	0	65	140	5.15976908454976E-03
50	0	70	140	5.20126736013834E-03
50	0	75	140	5.22848514488322E-03
50	0	80	140	5.23442530213482E-03
50	0	85	140	5.22837143810607E-03
50	0	89.9	140	5.22424760632174E-03
Spec Polar [deg.]	Spec Azimuth [deg.]	Scatter Polar [deg.]	Scatter Azimuth [deg.]	BSDF (AOI=50, AZI=150) [1/sr]
50	0	0	150	1.01835475607711E-02
50	0	5	150	8.99042527014291E-03
50	0	10	150	8.17612587170406E-03
50	0	15	150	7.59332036321351E-03
50	0	20	150	7.11493894880245E-03
50	0	25	150	6.65443705654714E-03
50	0	30	150	6.18189158733255E-03
50	0	35	150	5.72057251074392E-03
50	0	40	150	5.32083609112465E-03
50	0	45	150	5.02755435449863E-03
50	0	50	150	4.85890183169166E-03
50	0	55	150	4.80039334582773E-03
50	0	60	150	4.8097115061086E-03
50	0	65	150	4.83067557229174E-03
50	0	70	150	4.81594623696504E-03
50	0	75	150	4.74944543123413E-03
50	0	80	150	4.65251208776905E-03
50	0	85	150	4.56804571881352E-03
50	0	89.9	150	4.53485058968905E-03
Spec Polar [deg.]	Spec Azimuth [deg.]	Scatter Polar [deg.]	Scatter Azimuth [deg.]	BSDF (AOI=50, AZI=160) [1/sr]
50	0	0	160	1.01835475607711E-02
50	0	5	160	8.91817907981426E-03
50	0	10	160	8.08186278298033E-03
50	0	15	160	7.47711832693369E-03
50	0	20	160	6.95237704790008E-03
50	0	25	160	6.42020684612089E-03
50	0	30	160	5.86859504330013E-03
50	0	35	160	5.34429724608835E-03
50	0	40	160	4.9122848190409E-03
50	0	45	160	4.61782687795161E-03
50	0	50	160	4.46870864603876E-03
50	0	55	160	4.43399434721884E-03
50	0	60	160	4.45192673371973E-03
50	0	65	160	4.44919587460891E-03
50	0	70	160	4.37326747009037E-03
50	0	75	160	0.004221216768804
50	0	80	160	4.03982742410438E-03
50	0	85	160	3.89575741130289E-03
50	0	89.9	160	3.8413989258768E-03
Spec Polar [deg.]	Spec Azimuth [deg.]	Scatter Polar [deg.]	Scatter Azimuth [deg.]	BSDF (AOI=50, AZI=170) [1/sr]
50	0	0	170	1.01835475607711E-02
50	0	5	170	8.87511038575379E-03
50	0	10	170	8.02516242715356E-03
50	0	15	170	7.40283885522969E-03
50	0	20	170	6.84157491438126E-03
50	0	25	170	6.25587421616164E-03
50	0	30	170	5.64812499731715E-03
50	0	35	170	5.08113911663119E-03
50	0	40	170	4.62778065847305E-03
50	0	45	170	4.3313766100297E-03
50	0	50	170	4.19187983150236E-03
50	0	55	170	4.16788904213883E-03
50	0	60	170	4.18591244595581E-03
50	0	65	170	4.16290904770579E-03
50	0	70	170	4.04514929705016E-03
50	0	75	170	3.84026230222644E-03
50	0	80	170	3.61099643306395E-03
50	0	85	170	3.43556761311062E-03
50	0	89.9	170	3.37057906143426E-03
Spec Polar [deg.]	Spec Azimuth [deg.]	Scatter Polar [deg.]	Scatter Azimuth [deg.]	BSDF (AOI=50, AZI=180) [1/sr]
50	0	0	180	1.01835475607711E-02
50	0	5	180	8.86079978280404E-03
50	0	10	180	8.00619989157184E-03
50	0	15	180	7.37718941519698E-03
50	0	20	180	6.80219928358104E-03
50	0	25	180	6.19689419985555E-03
50	0	30	180	5.56914159979461E-03
50	0	35	180	4.98737489873274E-03
50	0	40	180	4.52680812013552E-03
50	0	45	180	4.22966648714249E-03
50	0	50	180	4.0930272481716E-03
50	0	55	180	4.0719731363207E-03
50	0	60	180	4.08920021078773E-03
50	0	65	180	4.05864522123646E-03
50	0	70	180	3.92660537643649E-03
50	0	75	180	3.70464721010931E-03
50	0	80	180	3.46074398663502E-03
50	0	85	180	3.27623158266506E-03
50	0	89.9	180	3.20827411043295E-03
AOI	60	deg.
FRED TIS integral (0-1)	9.20793058638125E-02
Spec Polar [deg.]	Spec Azimuth [deg.]	Scatter Polar [deg.]	Scatter Azimuth [deg.]	BSDF (AOI=60, AZI=0) [1/sr]
60	0	0	0	9.50199308607254E-03
60	0	5	0	1.16984316820374E-02
60	0	10	0	1.50587028741086E-02
60	0	15	0	2.00501747434637E-02
60	0	20	0	2.71006252366647E-02
60	0	25	0	0.036440166674299
60	0	30	0	4.80537988867235E-02
60	0	35	0	6.19562682254052E-02
60	0	40	0	7.87817344224415E-02
60	0	45	0	0.100400161672389
60	0	50	0	0.130309599788706
60	0	55	0	0.17373466180821
60	0	60	0	0.237174738061835
60	0	65	0	0.326607275600749
60	0	70	0	0.44348143768922
60	0	75	0	0.579210484350831
60	0	80	0	0.71194746382335
60	0	85	0	0.810675324481299
60	0	89.9	0	0.847349240410367
Spec Polar [deg.]	Spec Azimuth [deg.]	Scatter Polar [deg.]	Scatter Azimuth [deg.]	BSDF (AOI=60, AZI=10) [1/sr]
60	0	0	10	9.50199308607254E-03
60	0	5	10	1.16511577920345E-02
60	0	10	10	1.48937137753189E-02
60	0	15	10	1.96324218437418E-02
60	0	20	10	2.62037612318273E-02
60	0	25	10	3.47375862808215E-02
60	0	30	10	4.51377198974407E-02
60	0	35	10	5.73545717401378E-02
60	0	40	10	7.19035332257671E-02
60	0	45	10	9.03531310844222E-02
60	0	50	10	0.115574811224095
60	0	55	10	0.15171489543072
60	0	60	10	0.203701470323801
60	0	65	10	0.275714275745218
60	0	70	10	0.368101255829654
60	0	75	10	0.473495792876467
60	0	80	10	0.574986182580464
60	0	85	10	0.649616500129974
60	0	89.9	10	0.677171313567077
Spec Polar [deg.]	Spec Azimuth [deg.]	Scatter Polar [deg.]	Scatter Azimuth [deg.]	BSDF (AOI=60, AZI=20) [1/sr]
60	0	0	20	9.50199308607254E-03
60	0	5	20	1.15134932934187E-02
60	0	10	20	1.44243093953579E-02
60	0	15	20	1.84752732451715E-02
60	0	20	20	2.37919568891729E-02
60	0	25	20	3.02988651276197E-02
60	0	30	20	3.77657777951091E-02
60	0	35	20	4.60587990062011E-02
60	0	40	20	5.54846164774242E-02
60	0	45	20	6.70127781130606E-02
60	0	50	20	8.22776989870888E-02
60	0	55	20	0.103386132394406
60	0	60	20	0.132474795746388
60	0	65	20	0.17082561923674
60	0	70	20	0.217505299825119
60	0	75	20	0.268102053474932
60	0	80	20	0.314701908153237
60	0	85	20	0.347855412002427
60	0	89.9	20	0.359882611795827
Spec Polar [deg.]	Spec Azimuth [deg.]	Scatter Polar [deg.]	Scatter Azimuth [deg.]	BSDF (AOI=60, AZI=30) [1/sr]
60	0	0	30	9.50199308607254E-03
60	0	5	30	1.12971637510902E-02
60	0	10	30	0.013719253192538
60	0	15	30	1.68240225650366E-02
60	0	20	30	2.05375652997022E-02
60	0	25	30	2.46470585095428E-02
60	0	30	30	2.89009660258646E-02
60	0	35	30	3.31955588566842E-02
60	0	40	30	3.77266433278148E-02
60	0	45	30	4.30026325897223E-02
60	0	50	30	4.97278011852667E-02
60	0	55	30	5.86170377679557E-02
60	0	60	30	7.01572674629733E-02
60	0	65	30	8.43061662700603E-02
60	0	70	30	0.100207634939187
60	0	75	30	0.116131002166015
60	0	80	30	0.129802886589205
60	0	85	30	0.139029929163119
60	0	89.9	30	0.14228354632932
Spec Polar [deg.]	Spec Azimuth [deg.]	Scatter Polar [deg.]	Scatter Azimuth [deg.]	BSDF (AOI=60, AZI=40) [1/sr]
60	0	0	40	9.50199308607254E-03
60	0	5	40	1.10194462277567E-02
60	0	10	40	1.28706616724791E-02
60	0	15	40	1.49739919365956E-02
60	0	20	40	1.71601017032242E-02
60	0	25	40	1.92216916291792E-02
60	0	30	40	2.10134062787445E-02
60	0	35	40	2.25416104181583E-02
60	0	40	40	2.39777515027402E-02
60	0	45	40	2.55895188294626E-02
60	0	50	40	0.027639069308296
60	0	55	40	3.02924856443659E-02
60	0	60	40	3.35535592972771E-02
60	0	65	40	3.72303033967008E-02
60	0	70	40	4.09596187418042E-02
60	0	75	40	4.43063299308882E-02
60	0	80	40	0.046897513013508
60	0	85	40	0.048508289892457
60	0	89.9	40	4.90507114962122E-02
Spec Polar [deg.]	Spec Azimuth [deg.]	Scatter Polar [deg.]	Scatter Azimuth [deg.]	BSDF (AOI=60, AZI=50) [1/sr]
60	0	0	50	9.50199308607254E-03
60	0	5	50	1.07004493182794E-02
60	0	10	50	1.19712645009921E-02
60	0	15	50	1.31765428132175E-02
60	0	20	50	1.41619835903488E-02
60	0	25	50	1.48188700871203E-02
60	0	30	50	0.01513708216678
60	0	35	50	1.52106222347919E-02
60	0	40	50	1.51918565335437E-02
60	0	45	50	1.52271631260703E-02
60	0	50	50	1.54085707401416E-02
60	0	55	50	1.57536719229839E-02
60	0	60	50	1.62105655706221E-02
60	0	65	50	1.66837026861616E-02
60	0	70	50	0.01707565372847
60	0	75	50	1.73295934448266E-02
60	0	80	50	1.74492033874572E-02
60	0	85	50	1.74833783205652E-02
60	0	89.9	50	1.74870068026375E-02
Spec Polar [deg.]	Spec Azimuth [deg.]	Scatter Polar [deg.]	Scatter Azimuth [deg.]	BSDF (AOI=60, AZI=60) [1/sr]
60	0	0	60	9.50199308607254E-03
60	0	5	60	1.03603750647547E-02
60	0	10	60	0.011097155418637
60	0	15	60	1.15916032012535E-02
60	0	20	60	1.17646630717178E-02
60	0	25	60	1.16146517228805E-02
60	0	30	60	1.12179925975388E-02
60	0	35	60	1.06938330726053E-02
60	0	40	60	1.01565182053202E-02
60	0	45	60	9.68195343338798E-03
60	0	50	60	9.29735196515023E-03
60	0	55	60	8.9894367030873E-03
60	0	60	60	8.72285043838399E-03
60	0	65	60	8.46221043741288E-03
60	0	70	60	8.19108537510099E-03
60	0	75	60	7.92050964924016E-03
60	0	80	60	7.68358351069306E-03
60	0	85	60	0.007520430906208
60	0	89.9	60	7.46222059124828E-03
Spec Polar [deg.]	Spec Azimuth [deg.]	Scatter Polar [deg.]	Scatter Azimuth [deg.]	BSDF (AOI=60, AZI=70) [1/sr]
60	0	0	70	9.50199308607254E-03
60	0	5	70	1.00173246134028E-02
60	0	10	70	1.02997547418137E-02
60	0	15	70	1.02877735276875E-02
60	0	20	70	9.98241885470923E-03
60	0	25	70	9.44811468158733E-03
60	0	30	70	8.78581181234785E-03
60	0	35	70	8.09558897568654E-03
60	0	40	70	7.44899482600416E-03
60	0	45	70	6.87985622623358E-03
60	0	50	70	6.39009221140431E-03
60	0	55	70	5.9628987370862E-03
60	0	60	70	5.57724571362734E-03
60	0	65	70	5.21969585890431E-03
60	0	70	70	4.89056958429956E-03
60	0	75	70	4.60313235140981E-03
60	0	80	70	4.37748947915619E-03
60	0	85	70	4.23312663057601E-03
60	0	89.9	70	4.18346280427327E-03
Spec Polar [deg.]	Spec Azimuth [deg.]	Scatter Polar [deg.]	Scatter Azimuth [deg.]	BSDF (AOI=60, AZI=80) [1/sr]
60	0	0	80	9.50199308607254E-03
60	0	5	80	9.68594442777176E-03
60	0	10	80	9.60595554800362E-03
60	0	15	80	9.26768138483401E-03
60	0	20	80	8.72520567121463E-03
60	0	25	80	8.06164544975093E-03
60	0	30	80	7.36184572351195E-03
60	0	35	80	6.69088390114172E-03
60	0	40	80	6.08533024627246E-03
60	0	45	80	5.55585721377383E-03
60	0	50	80	5.09592905120467E-03
60	0	55	80	4.69181981267125E-03
60	0	60	80	4.33105757591827E-03
60	0	65	80	4.00770305555535E-03
60	0	70	80	3.72378268507483E-03
60	0	75	80	3.48735476108258E-03
60	0	80	80	0.003308851114109
60	0	85	80	3.19763024403823E-03
60	0	89.9	80	3.15986771139211E-03
Spec Polar [deg.]	Spec Azimuth [deg.]	Scatter Polar [deg.]	Scatter Azimuth [deg.]	BSDF (AOI=60, AZI=90) [1/sr]
60	0	0	90	9.50199308607254E-03
60	0	5	90	9.3769343695447E-03
60	0	10	90	9.02310226977146E-03
60	0	15	90	8.49693916755987E-03
60	0	20	90	7.8714631544833E-03
60	0	25	90	7.21622604548705E-03
60	0	30	90	6.58372935984347E-03
60	0	35	90	6.00490331138694E-03
60	0	40	90	5.49164380523563E-03
60	0	45	90	5.04279810744541E-03
60	0	50	90	4.65065785171949E-03
60	0	55	90	4.30631220657123E-03
60	0	60	90	4.00317749763979E-03
60	0	65	90	3.73857037779641E-03
60	0	70	90	3.51357950816588E-03
60	0	75	90	3.33182065528966E-03
60	0	80	90	3.19781643534843E-03
60	0	85	90	3.11561162230543E-03
60	0	89.9	90	3.08790999289975E-03
Spec Polar [deg.]	Spec Azimuth [deg.]	Scatter Polar [deg.]	Scatter Azimuth [deg.]	BSDF (AOI=60, AZI=100) [1/sr]
60	0	0	100	9.50199308607254E-03
60	0	5	100	9.09724601957453E-03
60	0	10	100	8.54554560354726E-03
60	0	15	100	7.92617070585553E-03
60	0	20	100	7.30397968090071E-03
60	0	25	100	6.72078155108206E-03
60	0	30	100	6.19645787585434E-03
60	0	35	100	5.73517185141456E-03
60	0	40	100	5.33251347202951E-03
60	0	45	100	4.98124417663233E-03
60	0	50	100	4.67484115871492E-03
60	0	55	100	4.40895483398668E-03
60	0	60	100	4.18135619670484E-03
60	0	65	100	3.9911164008635E-03
60	0	70	100	3.83768571701895E-03
60	0	75	100	3.72029562646858E-03
60	0	80	100	3.63781915130157E-03
60	0	85	100	3.58900071258038E-03
60	0	89.9	100	3.57285906008928E-03
Spec Polar [deg.]	Spec Azimuth [deg.]	Scatter Polar [deg.]	Scatter Azimuth [deg.]	BSDF (AOI=60, AZI=110) [1/sr]
60	0	0	110	9.50199308607254E-03
60	0	5	110	8.85071699142359E-03
60	0	10	110	8.16072768079205E-03
60	0	15	110	7.50474360059011E-03
60	0	20	110	6.9230568333245E-03
60	0	25	110	6.42821791711374E-03
60	0	30	110	6.0149378872066E-03
60	0	35	110	5.66991305659375E-03
60	0	40	110	5.37917525342394E-03
60	0	45	110	5.13233148423835E-03
60	0	50	110	4.92386677439188E-03
60	0	55	110	4.75217355935535E-03
60	0	60	110	4.61732893803953E-03
60	0	65	110	0.00451872267957
60	0	70	110	4.45339492764005E-03
60	0	75	110	4.4155448226381E-03
60	0	80	110	4.39730051774309E-03
60	0	85	110	4.39051512142032E-03
60	0	89.9	110	4.38902117155814E-03
Spec Polar [deg.]	Spec Azimuth [deg.]	Scatter Polar [deg.]	Scatter Azimuth [deg.]	BSDF (AOI=60, AZI=120) [1/sr]
60	0	0	120	9.50199308607254E-03
60	0	5	120	8.63889310252492E-03
60	0	10	120	7.85392822127562E-03
60	0	15	120	0.007188556743048
60	0	20	120	6.65091434851955E-03
60	0	25	120	6.22887085511392E-03
60	0	30	120	5.90163122608028E-03
60	0	35	120	5.64781133931056E-03
60	0	40	120	5.45008968015446E-03
60	0	45	120	5.29704878371801E-03
60	0	50	120	5.18281860114546E-03
60	0	55	120	5.10519170508607E-03
60	0	60	120	5.06299789333309E-03
60	0	65	120	5.05354299714517E-03
60	0	70	120	5.07080307945986E-03
60	0	75	120	5.10489817412823E-03
60	0	80	120	5.14315401139575E-03
60	0	85	120	5.17267325390421E-03
60	0	89.9	120	5.18371938555696E-03
Spec Polar [deg.]	Spec Azimuth [deg.]	Scatter Polar [deg.]	Scatter Azimuth [deg.]	BSDF (AOI=60, AZI=130) [1/sr]
60	0	0	130	9.50199308607254E-03
60	0	5	130	8.46184566936938E-03
60	0	10	130	7.61149569402568E-03
60	0	15	130	6.94418350673416E-03
60	0	20	130	6.43410614104402E-03
60	0	25	130	6.05066926197438E-03
60	0	30	130	5.76640971818913E-03
60	0	35	130	5.55997994588583E-03
60	0	40	130	5.41606883148235E-03
60	0	45	130	5.32385976609432E-03
60	0	50	130	5.27516731474123E-03
60	0	55	130	5.26288029211936E-03
60	0	60	130	5.2798916966026E-03
60	0	65	130	5.31844965225622E-03
60	0	70	130	5.3698550999547E-03
60	0	75	130	5.42456149591268E-03
60	0	80	130	5.47281916542987E-03
60	0	85	130	5.50590364777532E-03
60	0	89.9	130	5.51766826966548E-03
Spec Polar [deg.]	Spec Azimuth [deg.]	Scatter Polar [deg.]	Scatter Azimuth [deg.]	BSDF (AOI=60, AZI=140) [1/sr]
60	0	0	140	9.50199308607254E-03
60	0	5	140	8.31886204512304E-03
60	0	10	140	7.42266669192389E-03
60	0	15	140	6.7504161640535E-03
60	0	20	140	6.24438055445214E-03
60	0	25	140	5.86153613365307E-03
60	0	30	140	0.005574640527579
60	0	35	140	5.36815571994444E-03
60	0	40	140	5.23216072690513E-03
60	0	45	140	5.15696040029617E-03
60	0	50	140	5.13004948661572E-03
60	0	55	140	5.13589201584074E-03
60	0	60	140	5.15802599623633E-03
60	0	65	140	5.18230337676011E-03
60	0	70	140	5.19969461868342E-03
60	0	75	140	5.20733588232036E-03
60	0	80	140	5.20742165102961E-03
60	0	85	140	5.20460647902403E-03
60	0	89.9	140	5.20311419682878E-03
Spec Polar [deg.]	Spec Azimuth [deg.]	Scatter Polar [deg.]	Scatter Azimuth [deg.]	BSDF (AOI=60, AZI=150) [1/sr]
60	0	0	150	9.50199308607254E-03
60	0	5	150	8.20895367707427E-03
60	0	10	150	7.28017465985715E-03
60	0	15	150	6.59744465735248E-03
60	0	20	150	6.07591544987079E-03
60	0	25	150	5.66553521226696E-03
60	0	30	150	5.3439380326527E-03
60	0	35	150	5.10430579309866E-03
60	0	40	150	4.94296904825923E-03
60	0	45	150	4.85075698998585E-03
60	0	50	150	4.8097115061086E-03
60	0	55	150	4.79498973967248E-03
60	0	60	150	4.78086483902895E-03
60	0	65	150	4.74851458131635E-03
60	0	70	150	4.69196365696342E-03
60	0	75	150	4.61897907393629E-03
60	0	80	150	4.54654573661183E-03
60	0	85	150	4.49357248703472E-03
60	0	89.9	150	4.4742009621929E-03
Spec Polar [deg.]	Spec Azimuth [deg.]	Scatter Polar [deg.]	Scatter Azimuth [deg.]	BSDF (AOI=60, AZI=160) [1/sr]
60	0	0	160	9.50199308607254E-03
60	0	5	160	8.13117846307899E-03
60	0	10	160	7.17992764390587E-03
60	0	15	160	6.48399520028096E-03
60	0	20	160	5.93823907267514E-03
60	0	25	160	5.48983698062405E-03
60	0	30	160	5.12329676827343E-03
60	0	35	160	4.84052861214697E-03
60	0	40	160	4.64299912945944E-03
60	0	45	160	4.52115962045507E-03
60	0	50	160	4.45192673371973E-03
60	0	55	160	4.40295317320396E-03
60	0	60	160	4.34211630913704E-03
60	0	65	160	4.24896361427152E-03
60	0	70	160	4.12242870381714E-03
60	0	75	160	3.98012287156775E-03
60	0	80	160	3.84989270436295E-03
60	0	85	160	3.75908652850498E-03
60	0	89.9	160	3.72662148305433E-03
Spec Polar [deg.]	Spec Azimuth [deg.]	Scatter Polar [deg.]	Scatter Azimuth [deg.]	BSDF (AOI=60, AZI=170) [1/sr]
60	0	0	170	9.50199308607254E-03
60	0	5	170	8.08480985487798E-03
60	0	10	170	7.12012296615331E-03
60	0	15	170	6.41331270293841E-03
60	0	20	170	5.8468595975456E-03
60	0	25	170	5.36757900267217E-03
60	0	30	170	4.96582212925684E-03
60	0	35	170	4.64977865432224E-03
60	0	40	170	4.42403151759725E-03
60	0	45	170	4.27828202520619E-03
60	0	50	170	4.18591244595581E-03
60	0	55	170	4.11008578527348E-03
60	0	60	170	4.01550358403826E-03
60	0	65	170	3.88193017845461E-03
60	0	70	170	3.71238164354911E-03
60	0	75	170	3.53056875969887E-03
60	0	80	170	3.36964012339039E-03
60	0	85	170	3.25986030662839E-03
60	0	89.9	170	3.22104206525935E-03
Spec Polar [deg.]	Spec Azimuth [deg.]	Scatter Polar [deg.]	Scatter Azimuth [deg.]	BSDF (AOI=60, AZI=180) [1/sr]
60	0	0	180	9.50199308607254E-03
60	0	5	180	8.0694031041495E-03
60	0	10	180	7.10021569815657E-03
60	0	15	180	6.38921686489568E-03
60	0	20	180	5.81475316252816E-03
60	0	25	180	5.32379035270181E-03
60	0	30	180	0.004908958088967
60	0	35	180	4.58071172587735E-03
60	0	40	180	4.34464501969984E-03
60	0	45	180	4.19009576981696E-03
60	0	50	180	4.08920021078773E-03
60	0	55	180	4.00367286314484E-03
60	0	60	180	3.89733000350932E-03
60	0	65	180	3.75024747055613E-03
60	0	70	180	3.56696322472516E-03
60	0	75	180	3.37314284348214E-03
60	0	80	180	3.20334896561962E-03
60	0	85	180	3.08833383985243E-03
60	0	89.9	180	3.04781094478545E-03
AOI	70	deg.
FRED TIS integral (0-1)	0.130918022083208
Spec Polar [deg.]	Spec Azimuth [deg.]	Scatter Polar [deg.]	Scatter Azimuth [deg.]	BSDF (AOI=70, AZI=0) [1/sr]
70	0	0	0	8.67274527655836E-03
70	0	5	0	1.09046884225062E-02
70	0	10	0	1.44948711854242E-02
70	0	15	0	2.01653141848254E-02
70	0	20	0	2.87274390504718E-02
70	0	25	0	4.08828291973236E-02
70	0	30	0	0.057169735479986
70	0	35	0	7.84784950092796E-02
70	0	40	0	0.107207677205623
70	0	45	0	0.148556207135414
70	0	50	0	0.211257932619634
70	0	55	0	0.306616478606702
70	0	60	0	0.443481437689215
70	0	65	0	0.617983646226584
70	0	70	0	0.805188972594664
70	0	75	0	0.967188993037416
70	0	80	0	1.07707921484533
70	0	85	0	1.13344899105279
70	0	89.9	0	1.14970212021673
Spec Polar [deg.]	Spec Azimuth [deg.]	Scatter Polar [deg.]	Scatter Azimuth [deg.]	BSDF (AOI=70, AZI=10) [1/sr]
70	0	0	10	8.67274527655836E-03
70	0	5	10	1.08563899416548E-02
70	0	10	10	1.43182976860545E-02
70	0	15	10	1.96915427979744E-02
70	0	20	10	2.76430758157648E-02
70	0	25	10	3.86834405574919E-02
70	0	30	10	5.31382355342323E-02
70	0	35	10	0.071633296804182
70	0	40	10	9.60807571275827E-02
70	0	45	10	0.130667156974439
70	0	50	10	0.18226202520089
70	0	55	10	0.259391109228264
70	0	60	10	0.368101255829643
70	0	65	10	0.504205178656896
70	0	70	10	0.647719984379244
70	0	75	10	0.769960862151803
70	0	80	10	0.851662372878225
70	0	85	10	0.892983709921017
70	0	89.9	10	0.904772521208861
Spec Polar [deg.]	Spec Azimuth [deg.]	Scatter Polar [deg.]	Scatter Azimuth [deg.]	BSDF (AOI=70, AZI=20) [1/sr]
70	0	0	20	8.67274527655836E-03
70	0	5	20	1.07159033956772E-02
70	0	10	20	1.38176233107192E-02
70	0	15	20	1.83877301598762E-02
70	0	20	20	2.47576972121584E-02
70	0	25	20	3.30374093991213E-02
70	0	30	20	4.31591827580698E-02
70	0	35	20	5.52878193600918E-02
70	0	40	20	7.04365752199357E-02
70	0	45	20	9.08793819888218E-02
70	0	50	20	0.120060879248511
70	0	55	20	0.161694758603335
70	0	60	20	0.21750529982512
70	0	65	20	0.283891968986057
70	0	70	20	0.350514910864431
70	0	75	20	0.404664913527221
70	0	80	20	0.439223625537342
70	0	85	20	0.455891556813126
70	0	89.9	20	0.460469104529198
Spec Polar [deg.]	Spec Azimuth [deg.]	Scatter Polar [deg.]	Scatter Azimuth [deg.]	BSDF (AOI=70, AZI=30) [1/sr]
70	0	0	30	8.67274527655836E-03
70	0	5	30	1.04956260673186E-02
70	0	10	30	1.30704175651616E-02
70	0	15	30	1.65499168370451E-02
70	0	20	30	2.09405477486808E-02
70	0	25	30	2.60519610412094E-02
70	0	30	30	3.16189244836955E-02
70	0	35	30	3.75990366789723E-02
70	0	40	30	4.44402493028687E-02
70	0	45	30	5.31040708011497E-02
70	0	50	30	6.48127579501668E-02
70	0	55	30	8.05380846065881E-02
70	0	60	30	0.100207634939187
70	0	65	30	0.121922495871341
70	0	70	30	0.142112285976053
70	0	75	30	0.157277250105607
70	0	80	30	0.166127771594007
70	0	85	30	0.169948807510467
70	0	89.9	30	0.170891890077992
Spec Polar [deg.]	Spec Azimuth [deg.]	Scatter Polar [deg.]	Scatter Azimuth [deg.]	BSDF (AOI=70, AZI=40) [1/sr]
70	0	0	40	8.67274527655836E-03
70	0	5	40	1.02137126207546E-02
70	0	10	40	0.012179084699265
70	0	15	40	1.45251660245704E-02
70	0	20	40	1.70830765896148E-02
70	0	25	40	0.019597521283219
70	0	30	40	0.021865599265035
70	0	35	40	2.38938943717906E-02
70	0	40	40	2.59426556885484E-02
70	0	45	40	2.84211310475257E-02
70	0	50	40	0.03170793733067
70	0	55	40	3.59628034666071E-02
70	0	60	40	4.09596187418037E-02
70	0	65	40	0.046031863619925
70	0	70	40	5.02883402660305E-02
70	0	75	40	5.30866162870027E-02
70	0	80	40	5.44091257287418E-02
70	0	85	40	0.054781544925266
70	0	89.9	40	5.48186371939414E-02
Spec Polar [deg.]	Spec Azimuth [deg.]	Scatter Polar [deg.]	Scatter Azimuth [deg.]	BSDF (AOI=70, AZI=50) [1/sr]
70	0	0	50	8.67274527655836E-03
70	0	5	50	9.89109870604656E-03
70	0	10	50	1.12444028118839E-02
70	0	15	50	1.25963374996178E-02
70	0	20	50	1.37618554977459E-02
70	0	25	50	1.45799475876844E-02
70	0	30	50	1.50023007062651E-02
70	0	35	50	1.51291138547362E-02
70	0	40	50	0.015159919928129
70	0	45	50	1.52990408878451E-02
70	0	50	50	1.56757271017248E-02
70	0	55	50	1.63033703507644E-02
70	0	60	50	1.70756537284697E-02
70	0	65	50	1.78045180870092E-02
70	0	70	50	1.83055301780381E-02
70	0	75	50	1.84973417614341E-02
70	0	80	50	1.84447311330577E-02
70	0	85	50	1.83084017193595E-02
70	0	89.9	50	0.018242424459904
Spec Polar [deg.]	Spec Azimuth [deg.]	Scatter Polar [deg.]	Scatter Azimuth [deg.]	BSDF (AOI=70, AZI=60) [1/sr]
70	0	0	60	8.67274527655836E-03
70	0	5	60	9.54855778286209E-03
70	0	10	60	1.03463999944266E-02
70	0	15	60	1.09307813784294E-02
70	0	20	60	0.011189030923742
70	0	25	60	1.10839901076367E-02
70	0	30	60	1.06770250103798E-02
70	0	35	60	1.01010230112526E-02
70	0	40	60	9.50218576188319E-03
70	0	45	60	8.9889626195035E-03
70	0	50	60	8.61012418408382E-03
70	0	55	60	8.35885161752666E-03
70	0	60	60	8.19108537510096E-03
70	0	65	60	8.05065609491713E-03
70	0	70	60	7.89581950312257E-03
70	0	75	60	7.71786664878471E-03
70	0	80	60	7.54212198011456E-03
70	0	85	60	7.41139512174303E-03
70	0	89.9	60	7.36301626023207E-03
Spec Polar [deg.]	Spec Azimuth [deg.]	Scatter Polar [deg.]	Scatter Azimuth [deg.]	BSDF (AOI=70, AZI=70) [1/sr]
70	0	0	70	8.67274527655836E-03
70	0	5	70	9.20441010174939E-03
70	0	10	70	9.53649609278415E-03
70	0	15	70	9.58857239531421E-03
70	0	20	70	9.33423946468633E-03
70	0	25	70	8.81635455727025E-03
70	0	30	70	8.13145184477077E-03
70	0	35	70	7.39253767091145E-03
70	0	40	70	6.69290404905531E-03
70	0	45	70	6.08761906295529E-03
70	0	50	70	5.5939344837538E-03
70	0	55	70	5.20239863157845E-03
70	0	60	70	4.89056958429953E-03
70	0	65	70	4.63503414657408E-03
70	0	70	70	4.41984586071455E-03
70	0	75	70	4.24017224863859E-03
70	0	80	70	4.10086926484794E-03
70	0	85	70	4.01150509363284E-03
70	0	89.9	70	3.98061962504595E-03
Spec Polar [deg.]	Spec Azimuth [deg.]	Scatter Polar [deg.]	Scatter Azimuth [deg.]	BSDF (AOI=70, AZI=80) [1/sr]
70	0	0	80	8.67274527655836E-03
70	0	5	80	8.87318642777031E-03
70	0	10	80	8.83901410452433E-03
70	0	15	80	8.55796818733635E-03
70	0	20	80	8.06263536220236E-03
70	0	25	80	7.42130872505643E-03
70	0	30	80	6.71642308221998E-03
70	0	35	80	6.02186968656205E-03
70	0	40	80	5.38888610880959E-03
70	0	45	80	4.84314202662684E-03
70	0	50	80	4.38969655008782E-03
70	0	55	80	4.02090192616257E-03
70	0	60	80	3.72378268507481E-03
70	0	65	80	3.48540024773217E-03
70	0	70	80	3.29593267361871E-03
70	0	75	80	3.14970889199873E-03
70	0	80	80	3.04468807299196E-03
70	0	85	80	2.98106307762684E-03
70	0	89.9	80	2.95972038279721E-03
Spec Polar [deg.]	Spec Azimuth [deg.]	Scatter Polar [deg.]	Scatter Azimuth [deg.]	BSDF (AOI=70, AZI=90) [1/sr]
70	0	0	90	8.67274527655836E-03
70	0	5	90	8.56523484379899E-03
70	0	10	90	8.2577104280359E-03
70	0	15	90	7.79091086139551E-03
70	0	20	90	7.22042503348938E-03
70	0	25	90	6.60382983695608E-03
70	0	30	90	5.99038352524508E-03
70	0	35	90	5.41561542579737E-03
70	0	40	90	4.90063805238089E-03
70	0	45	90	4.45452928743196E-03
70	0	50	90	4.07792130792592E-03
70	0	55	90	3.76647169953218E-03
70	0	60	90	3.51357950816586E-03
70	0	65	90	3.3122130193816E-03
70	0	70	90	3.15597448615668E-03
70	0	75	90	3.03960906864391E-03
70	0	80	90	2.95915835381679E-03
70	0	85	90	2.91192132572342E-03
70	0	89.9	90	2.89635028457828E-03
Spec Polar [deg.]	Spec Azimuth [deg.]	Scatter Polar [deg.]	Scatter Azimuth [deg.]	BSDF (AOI=70, AZI=100) [1/sr]
70	0	0	100	8.67274527655836E-03
70	0	5	100	8.28705160694572E-03
70	0	10	100	7.78349952795605E-03
70	0	15	100	7.22764536395421E-03
70	0	20	100	6.67040250493851E-03
70	0	25	100	6.14414086421292E-03
70	0	30	100	5.66515200641457E-03
70	0	35	100	5.23880596289924E-03
70	0	40	100	4.86464697173701E-03
70	0	45	100	4.54006986929407E-03
70	0	50	100	4.26228728005531E-03
70	0	55	100	4.0289069169219E-03
70	0	60	100	3.83768571701895E-03
70	0	65	100	3.68602382730891E-03
70	0	70	100	3.5706094458825E-03
70	0	75	100	3.48742556709988E-03
70	0	80	100	3.43215100210677E-03
70	0	85	100	3.40085066390457E-03
70	0	89.9	100	3.39075511363754E-03
Spec Polar [deg.]	Spec Azimuth [deg.]	Scatter Polar [deg.]	Scatter Azimuth [deg.]	BSDF (AOI=70, AZI=110) [1/sr]
70	0	0	110	8.67274527655836E-03
70	0	5	110	8.04204021302065E-03
70	0	10	110	7.40120928429805E-03
70	0	15	110	6.8108087845325E-03
70	0	20	110	6.30132669320834E-03
70	0	25	110	5.87988013589602E-03
70	0	30	110	5.53903493496637E-03
70	0	35	110	5.26446917467364E-03
70	0	40	110	5.04059926656625E-03
70	0	45	110	4.85425787261422E-03
70	0	50	110	4.69659411196951E-03
70	0	55	110	4.56329543551654E-03
70	0	60	110	0.00445339492764
70	0	65	110	4.3672657197546E-03
70	0	70	110	4.30462885510048E-03
70	0	75	110	4.26332641487931E-03
70	0	80	110	4.23927587535562E-03
70	0	85	110	4.22756311644162E-03
70	0	89.9	110	4.22417596311709E-03
Spec Polar [deg.]	Spec Azimuth [deg.]	Scatter Polar [deg.]	Scatter Azimuth [deg.]	BSDF (AOI=70, AZI=120) [1/sr]
70	0	0	120	8.67274527655836E-03
70	0	5	120	7.83142412832726E-03
70	0	10	120	7.09460200891784E-03
70	0	15	120	6.4928587650772E-03
70	0	20	120	6.0296061946207E-03
70	0	25	120	5.69276212672892E-03
70	0	30	120	5.46237373779497E-03
70	0	35	120	5.31478231821408E-03
70	0	40	120	5.22526273937749E-03
70	0	45	120	5.1707219263076E-03
70	0	50	120	5.13282451587301E-03
70	0	55	120	5.10056970642169E-03
70	0	60	120	5.07080307945979E-03
70	0	65	120	5.04597302766657E-03
70	0	70	120	5.03006167208314E-03
70	0	75	120	5.02472781090921E-03
70	0	80	120	5.02753597085843E-03
70	0	85	120	5.03298298012293E-03
70	0	89.9	120	5.03556099616025E-03
Spec Polar [deg.]	Spec Azimuth [deg.]	Scatter Polar [deg.]	Scatter Azimuth [deg.]	BSDF (AOI=70, AZI=130) [1/sr]
70	0	0	130	8.67274527655836E-03
70	0	5	130	7.65510961127894E-03
70	0	10	130	6.84961434355382E-03
70	0	15	130	6.23976786340868E-03
70	0	20	130	0.005800673892882
70	0	25	130	5.50775691618042E-03
70	0	30	130	5.33757062025352E-03
70	0	35	130	5.26511780052803E-03
70	0	40	130	5.26156207143167E-03
70	0	45	130	5.29508701297965E-03
70	0	50	130	0.005335843710477
70	0	55	130	5.36305555058772E-03
70	0	60	130	5.36985509995474E-03
70	0	65	130	5.3620875140997E-03
70	0	70	130	5.35142704820221E-03
70	0	75	130	5.34709768787419E-03
70	0	80	130	5.35094300064425E-03
70	0	85	130	5.35799655741496E-03
70	0	89.9	130	5.36138437070383E-03
Spec Polar [deg.]	Spec Azimuth [deg.]	Scatter Polar [deg.]	Scatter Azimuth [deg.]	BSDF (AOI=70, AZI=140) [1/sr]
70	0	0	140	8.67274527655836E-03
70	0	5	140	7.51237774815633E-03
70	0	10	140	6.65600200101276E-03
70	0	15	140	6.03200772268916E-03
70	0	20	140	5.5892444637543E-03
70	0	25	140	5.2961624508571E-03
70	0	30	140	5.13151127811533E-03
70	0	35	140	5.07345226203808E-03
70	0	40	140	5.09201937488142E-03
70	0	45	140	5.14821991450679E-03
70	0	50	140	5.20126736013828E-03
70	0	55	140	5.22130603058557E-03
70	0	60	140	5.19969461868349E-03
70	0	65	140	5.14883625509655E-03
70	0	70	140	5.0913028252825E-03
70	0	75	140	5.04609980477115E-03
70	0	80	140	5.02050874869632E-03
70	0	85	140	5.01067262699521E-03
70	0	89.9	140	5.00866989695071E-03
Spec Polar [deg.]	Spec Azimuth [deg.]	Scatter Polar [deg.]	Scatter Azimuth [deg.]	BSDF (AOI=70, AZI=150) [1/sr]
70	0	0	150	8.67274527655836E-03
70	0	5	150	7.40235870396984E-03
70	0	10	150	6.50764487704886E-03
70	0	15	150	5.86290335560863E-03
70	0	20	150	5.39517054066973E-03
70	0	25	150	5.07029914545439E-03
70	0	30	150	4.87224824372772E-03
70	0	35	150	4.78392697168045E-03
70	0	40	150	4.77538014198439E-03
70	0	45	150	4.80227673069737E-03
70	0	50	150	4.81594623696504E-03
70	0	55	150	4.78140771675823E-03
70	0	60	150	4.69196365696332E-03
70	0	65	150	0.004568479863557
70	0	70	150	4.44371303508687E-03
70	0	75	150	4.34402785161442E-03
70	0	80	150	4.27987565344126E-03
70	0	85	150	4.24756093074737E-03
70	0	89.9	150	4.23823536846712E-03
Spec Polar [deg.]	Spec Azimuth [deg.]	Scatter Polar [deg.]	Scatter Azimuth [deg.]	BSDF (AOI=70, AZI=160) [1/sr]
70	0	0	160	8.67274527655836E-03
70	0	5	160	7.32429807974359E-03
70	0	10	160	6.40185363274719E-03
70	0	15	160	5.73475613235347E-03
70	0	20	160	5.23423787344137E-03
70	0	25	160	4.86664496611479E-03
70	0	30	160	4.62203001433592E-03
70	0	35	160	4.48781046565319E-03
70	0	40	160	4.4342592694282E-03
70	0	45	160	4.41367221557851E-03
70	0	50	160	4.37326747009039E-03
70	0	55	160	4.27704896562055E-03
70	0	60	160	4.12242870381714E-03
70	0	65	160	3.93745948086253E-03
70	0	70	160	3.7609609020004E-03
70	0	75	160	3.62193527354109E-03
70	0	80	160	3.53076516462105E-03
70	0	85	160	3.48276499594039E-03
70	0	89.9	160	3.46830249281518E-03
Spec Polar [deg.]	Spec Azimuth [deg.]	Scatter Polar [deg.]	Scatter Azimuth [deg.]	BSDF (AOI=70, AZI=170) [1/sr]
70	0	0	170	8.67274527655836E-03
70	0	5	170	7.27766260315003E-03
70	0	10	170	6.33812050270006E-03
70	0	15	170	5.65390450504732E-03
70	0	20	170	5.12695154030757E-03
70	0	25	170	4.72526765569999E-03
70	0	30	170	4.44376854283785E-03
70	0	35	170	4.27300593257678E-03
70	0	40	170	4.18339944144899E-03
70	0	45	170	4.12552829779111E-03
70	0	50	170	4.04514929705019E-03
70	0	55	170	3.90711844993739E-03
70	0	60	170	3.71238164354912E-03
70	0	65	170	3.49312125463135E-03
70	0	70	170	3.29033543482977E-03
70	0	75	170	3.13273966534639E-03
70	0	80	170	3.02932226149457E-03
70	0	85	170	2.97427351791226E-03
70	0	89.9	170	2.95749237846368E-03
Spec Polar [deg.]	Spec Azimuth [deg.]	Scatter Polar [deg.]	Scatter Azimuth [deg.]	BSDF (AOI=70, AZI=180) [1/sr]
70	0	0	180	8.67274527655836E-03
70	0	5	180	0.007262149580995
70	0	10	180	6.3167974384819E-03
70	0	15	180	5.6261881491106E-03
70	0	20	180	5.08923140936861E-03
70	0	25	180	4.67477248531021E-03
70	0	30	180	4.37958271546358E-03
70	0	35	180	4.19532685657707E-03
70	0	40	180	4.09246470387673E-03
70	0	45	180	4.02106704017092E-03
70	0	50	180	3.92660537643651E-03
70	0	55	180	3.77448296145279E-03
70	0	60	180	3.56696322472516E-03
70	0	65	180	3.3374768116968E-03
70	0	70	180	3.12739953323127E-03
70	0	75	180	2.96497824511922E-03
70	0	80	180	2.8584991796411E-03
70	0	85	180	2.80170183047543E-03
70	0	89.9	180	2.78434242163134E-03
AOI	80	deg.
FRED TIS integral (0-1)	0.164527679446424
Spec Polar [deg.]	Spec Azimuth [deg.]	Scatter Polar [deg.]	Scatter Azimuth [deg.]	BSDF (AOI=80, AZI=0) [1/sr]
80	0	0	0	7.83126189390629E-03
80	0	5	0	9.89774933601625E-03
80	0	10	0	1.35761777346295E-02
80	0	15	0	2.01057198213136E-02
80	0	20	0	3.13390395609162E-02
80	0	25	0	4.96109893106782E-02
80	0	30	0	7.73297940500775E-02
80	0	35	0	0.116955514651709
80	0	40	0	0.172244454948111
80	0	45	0	0.250277092561412
80	0	50	0	0.361877456046954
80	0	55	0	0.516923286815336
80	0	60	0	0.711947463823351
80	0	65	0	0.916154292667009
80	0	70	0	1.07707921484531
80	0	75	0	1.15674979156525
80	0	80	0	1.16337043292941
80	0	85	0	1.13964491907317
80	0	89.9	0	1.12654104214046
Spec Polar [deg.]	Spec Azimuth [deg.]	Scatter Polar [deg.]	Scatter Azimuth [deg.]	BSDF (AOI=80, AZI=10) [1/sr]
80	0	0	10	7.83126189390629E-03
80	0	5	10	9.85225678824572E-03
80	0	10	10	1.33942163453881E-02
80	0	15	10	1.95620760634959E-02
80	0	20	10	2.99334689971279E-02
80	0	25	10	4.63721336417243E-02
80	0	30	10	7.06328599805725E-02
80	0	35	10	0.104383279442876
80	0	40	10	0.150312207657904
80	0	45	10	0.213745984348672
80	0	50	10	0.302779502564496
80	0	55	10	0.424387022041625
80	0	60	10	0.574986182580479
80	0	65	10	0.730528344299882
80	0	70	10	0.851662372878148
80	0	75	10	0.910816471407927
80	0	80	10	0.914993657399161
80	0	85	10	0.896605611400614
80	0	89.9	10	0.886555180141145
Spec Polar [deg.]	Spec Azimuth [deg.]	Scatter Polar [deg.]	Scatter Azimuth [deg.]	BSDF (AOI=80, AZI=20) [1/sr]
80	0	0	20	7.83126189390629E-03
80	0	5	20	9.72024413765362E-03
80	0	10	20	1.28812533279918E-02
80	0	15	20	1.80820741317085E-02
80	0	20	20	2.62595212799008E-02
80	0	25	20	3.82748174184124E-02
80	0	30	20	5.46370562066223E-02
80	0	35	20	7.56629273452749E-02
80	0	40	20	0.102290044826046
80	0	45	20	0.136899889349954
80	0	50	20	0.183050895568667
80	0	55	20	0.243251536511686
80	0	60	20	0.314701908153233
80	0	65	20	0.385742961805491
80	0	70	20	0.439223625537324
80	0	75	20	0.464235829474033
80	0	80	20	0.4649209135414
80	0	85	20	0.455995411153709
80	0	89.9	20	0.451265149479418
Spec Polar [deg.]	Spec Azimuth [deg.]	Scatter Polar [deg.]	Scatter Azimuth [deg.]	BSDF (AOI=80, AZI=30) [1/sr]
80	0	0	30	7.83126189390629E-03
80	0	5	30	9.51420421366269E-03
80	0	10	30	1.21242506203532E-02
80	0	15	30	1.60382673940116E-02
80	0	20	30	2.15583266771712E-02
80	0	25	30	2.87347996856576E-02
80	0	30	30	3.73134225900999E-02
80	0	35	30	4.70083273360116E-02
80	0	40	30	0.057975390091907
80	0	45	30	7.10329179332444E-02
80	0	50	30	8.73111228643118E-02
80	0	55	30	0.107333591595462
80	0	60	30	0.129802886589204
80	0	65	30	0.15098972453153
80	0	70	30	0.166127771594
80	0	75	30	0.172637438494233
80	0	80	30	0.172155424646007
80	0	85	30	0.169110088881415
80	0	89.9	30	0.167574924385384
Spec Polar [deg.]	Spec Azimuth [deg.]	Scatter Polar [deg.]	Scatter Azimuth [deg.]	BSDF (AOI=80, AZI=40) [1/sr]
80	0	0	40	7.83126189390629E-03
80	0	5	40	9.25224838580294E-03
80	0	10	40	1.12354969560347E-02
80	0	15	40	0.013849352256544
80	0	20	40	1.70149603302706E-02
80	0	25	40	2.04695975384502E-02
80	0	30	40	2.38707409407779E-02
80	0	35	40	2.70232380065237E-02
80	0	40	40	3.00451993456108E-02
80	0	45	40	3.33122406815259E-02
80	0	50	40	3.72162849859058E-02
80	0	55	40	4.18733955236928E-02
80	0	60	40	4.68975130135081E-02
80	0	65	40	5.14032014279411E-02
80	0	70	40	5.44091257287415E-02
80	0	75	40	5.54872485932363E-02
80	0	80	40	5.50921039720444E-02
80	0	85	40	5.42334660152125E-02
80	0	89.9	40	5.38290789809838E-02
Spec Polar [deg.]	Spec Azimuth [deg.]	Scatter Polar [deg.]	Scatter Azimuth [deg.]	BSDF (AOI=80, AZI=50) [1/sr]
80	0	0	50	7.83126189390629E-03
80	0	5	50	8.95494043905031E-03
80	0	10	50	1.03217348744291E-02
80	0	15	50	1.18335724017353E-02
80	0	20	50	1.32992552455386E-02
80	0	25	50	1.44899231486335E-02
80	0	30	50	1.52543172337705E-02
80	0	35	50	1.56127158179789E-02
80	0	40	50	1.57453409978908E-02
80	0	45	50	1.58869377941202E-02
80	0	50	50	1.62113870811578E-02
80	0	55	50	1.67640300992043E-02
80	0	60	50	1.74492033874576E-02
80	0	65	50	1.80733410482507E-02
80	0	70	50	1.84447311330577E-02
80	0	75	50	1.84888653708252E-02
80	0	80	50	1.82958165805805E-02
80	0	85	50	1.80587622923409E-02
80	0	89.9	50	1.79563234846598E-02
Spec Polar [deg.]	Spec Azimuth [deg.]	Scatter Polar [deg.]	Scatter Azimuth [deg.]	BSDF (AOI=80, AZI=60) [1/sr]
80	0	0	60	7.83126189390629E-03
80	0	5	60	8.64224388992581E-03
80	0	10	60	9.46344424411135E-03
80	0	15	60	1.01572429360987E-02
80	0	20	60	1.05739267156141E-02
80	0	25	60	1.06173850043156E-02
80	0	30	60	1.02998197263098E-02
80	0	35	60	9.73964765162873E-03
80	0	40	60	9.10211943904992E-03
80	0	45	60	8.52911237633088E-03
80	0	50	60	8.10008939028461E-03
80	0	55	60	7.82939537631912E-03
80	0	60	60	7.68358351069324E-03
80	0	65	60	7.6058101196928E-03
80	0	70	60	7.54212198011435E-03
80	0	75	60	7.46349965956364E-03
80	0	80	60	7.37399207978665E-03
80	0	85	60	7.30056590186721E-03
80	0	89.9	60	7.27209676817127E-03
Spec Polar [deg.]	Spec Azimuth [deg.]	Scatter Polar [deg.]	Scatter Azimuth [deg.]	BSDF (AOI=80, AZI=70) [1/sr]
80	0	0	70	7.83126189390629E-03
80	0	5	70	8.3312450439148E-03
80	0	10	70	8.70802626112228E-03
80	0	15	70	8.8598067058545E-03
80	0	20	70	8.71786784925948E-03
80	0	25	70	8.28250329053833E-03
80	0	30	70	7.62896827918592E-03
80	0	35	70	6.87644255995475E-03
80	0	40	70	6.14138424646139E-03
80	0	45	70	5.50417072222671E-03
80	0	50	70	5.00072966904978E-03
80	0	55	70	4.63180908677203E-03
80	0	60	70	4.37748947915618E-03
80	0	65	70	4.20966879223459E-03
80	0	70	70	4.10086926484801E-03
80	0	75	70	4.02973212089324E-03
80	0	80	70	3.98329306053047E-03
80	0	85	70	3.9560683538812E-03
80	0	89.9	70	3.94696933353355E-03
Spec Polar [deg.]	Spec Azimuth [deg.]	Scatter Polar [deg.]	Scatter Azimuth [deg.]	BSDF (AOI=80, AZI=80) [1/sr]
80	0	0	80	7.83126189390629E-03
80	0	5	80	8.03494060876305E-03
80	0	10	80	8.07346432535011E-03
80	0	15	80	7.9050289714904E-03
80	0	20	80	7.52118294807004E-03
80	0	25	80	6.95672133881387E-03
80	0	30	80	6.28164859197746E-03
80	0	35	80	5.57889885256918E-03
80	0	40	80	4.92047321587441E-03
80	0	45	80	4.35333507637459E-03
80	0	50	80	3.89776894137438E-03
80	0	55	80	3.55368043400241E-03
80	0	60	80	3.30885111410906E-03
80	0	65	80	3.14555161775429E-03
80	0	70	80	3.04468807299187E-03
80	0	75	80	2.98813670125424E-03
80	0	80	80	2.96017722024795E-03
80	0	85	80	2.94859819984057E-03
80	0	89.9	80	2.94562982774645E-03
Spec Polar [deg.]	Spec Azimuth [deg.]	Scatter Polar [deg.]	Scatter Azimuth [deg.]	BSDF (AOI=80, AZI=90) [1/sr]
80	0	0	90	7.83126189390629E-03
80	0	5	90	7.76202973085194E-03
80	0	10	90	7.5567794186587E-03
80	0	15	90	7.22413396310113E-03
80	0	20	90	0.006781684969319
80	0	25	90	6.25776409776496E-03
80	0	30	90	5.6898708561788E-03
80	0	35	90	5.11934500590888E-03
80	0	40	90	4.58422382513563E-03
80	0	45	90	4.11326917812622E-03
80	0	50	90	3.72321113644927E-03
80	0	55	90	0.003419300591801
80	0	60	90	3.19781643534841E-03
80	0	65	90	3.04894947702697E-03
80	0	70	90	2.95915835381679E-03
80	0	75	90	2.91295316888672E-03
80	0	80	90	2.89458833351047E-03
80	0	85	90	2.89012383867707E-03
80	0	89.9	90	2.88980955795835E-03
Spec Polar [deg.]	Spec Azimuth [deg.]	Scatter Polar [deg.]	Scatter Azimuth [deg.]	BSDF (AOI=80, AZI=100) [1/sr]
80	0	0	100	7.83126189390629E-03
80	0	5	100	7.51743813779795E-03
80	0	10	100	7.14296981444423E-03
80	0	15	100	6.7418685008417E-03
80	0	20	100	6.33204985530061E-03
80	0	25	100	5.92073106358606E-03
80	0	30	100	5.51164241341223E-03
80	0	35	100	5.11070493182293E-03
80	0	40	100	4.72831245816041E-03
80	0	45	100	4.37812250619974E-03
80	0	50	100	4.07377191900464E-03
80	0	55	100	3.82546928686328E-03
80	0	60	100	3.63781915130162E-03
80	0	65	100	3.50917574405557E-03
80	0	70	100	3.43215100210671E-03
80	0	75	100	3.39490096724277E-03
80	0	80	100	3.38314546457831E-03
80	0	85	100	3.3829863746448E-03
80	0	89.9	100	3.38419247955602E-03
Spec Polar [deg.]	Spec Azimuth [deg.]	Scatter Polar [deg.]	Scatter Azimuth [deg.]	BSDF (AOI=80, AZI=110) [1/sr]
80	0	0	110	7.83126189390629E-03
80	0	5	110	7.30323889123828E-03
80	0	10	110	6.8124029207259E-03
80	0	15	110	6.38994205705097E-03
80	0	20	110	6.04029313212232E-03
80	0	25	110	5.75170430136119E-03
80	0	30	110	5.50582643414537E-03
80	0	35	110	5.28509025268575E-03
80	0	40	110	5.0776419802771E-03
80	0	45	110	4.87961148745446E-03
80	0	50	110	4.69459662795243E-03
80	0	55	110	4.53084432671313E-03
80	0	60	110	4.39730051774313E-03
80	0	65	110	4.29992029647773E-03
80	0	70	110	4.23927587535561E-03
80	0	75	110	4.20996170194832E-03
80	0	80	110	4.20191281012817E-03
80	0	85	110	4.20342727995265E-03
80	0	89.9	110	4.2051274547293E-03
Spec Polar [deg.]	Spec Azimuth [deg.]	Scatter Polar [deg.]	Scatter Azimuth [deg.]	BSDF (AOI=80, AZI=120) [1/sr]
80	0	0	120	7.83126189390629E-03
80	0	5	120	7.1196727671655E-03
80	0	10	120	6.5461641164527E-03
80	0	15	120	6.11425281977398E-03
80	0	20	120	5.80883468427929E-03
80	0	25	120	5.60706071926827E-03
80	0	30	120	5.48343275377004E-03
80	0	35	120	5.41171765406837E-03
80	0	40	120	5.36649802156798E-03
80	0	45	120	5.32603721527166E-03
80	0	50	120	5.27617796908553E-03
80	0	55	120	5.21317749909106E-03
80	0	60	120	5.14315401139575E-03
80	0	65	120	5.07768025951198E-03
80	0	70	120	5.02753597085845E-03
80	0	75	120	4.99767760981589E-03
80	0	80	120	4.98563469045607E-03
80	0	85	120	4.98379530141767E-03
80	0	89.9	120	4.9842818501885E-03
Spec Polar [deg.]	Spec Azimuth [deg.]	Scatter Polar [deg.]	Scatter Azimuth [deg.]	BSDF (AOI=80, AZI=130) [1/sr]
80	0	0	130	7.83126189390629E-03
80	0	5	130	6.96605527240197E-03
80	0	10	130	6.3294319105655E-03
80	0	15	130	5.87913708660759E-03
80	0	20	130	5.57840785069501E-03
80	0	25	130	5.40036318266724E-03
80	0	30	130	5.32393866520938E-03
80	0	35	130	5.32675309434766E-03
80	0	40	130	5.37982318702218E-03
80	0	45	130	5.44796706778441E-03
80	0	50	130	5.49723281868308E-03
80	0	55	130	5.50607064244471E-03
80	0	60	130	5.47281916542983E-03
80	0	65	130	5.4134777964533E-03
80	0	70	130	5.35094300064435E-03
80	0	75	130	5.30294952478671E-03
80	0	80	130	5.27557638645186E-03
80	0	85	130	5.2645478520365E-03
80	0	89.9	130	5.26209793257828E-03
Spec Polar [deg.]	Spec Azimuth [deg.]	Scatter Polar [deg.]	Scatter Azimuth [deg.]	BSDF (AOI=80, AZI=140) [1/sr]
80	0	0	140	7.83126189390629E-03
80	0	5	140	6.84144904952451E-03
80	0	10	140	6.15301207924293E-03
80	0	15	140	5.66858737286706E-03
80	0	20	140	5.33067592084051E-03
80	0	25	140	5.11371119835586E-03
80	0	30	140	5.00757228765273E-03
80	0	35	140	5.00008630326437E-03
80	0	40	140	5.06495505603397E-03
80	0	45	140	5.15947002375988E-03
80	0	50	140	5.23442530213482E-03
80	0	55	140	5.25309714776723E-03
80	0	60	140	5.20742165102963E-03
80	0	65	140	5.11843782787466E-03
80	0	70	140	5.02050874869652E-03
80	0	75	140	4.94183298846231E-03
80	0	80	140	4.8936643684059E-03
80	0	85	140	4.8717462490457E-03
80	0	89.9	140	4.86607478802813E-03
Spec Polar [deg.]	Spec Azimuth [deg.]	Scatter Polar [deg.]	Scatter Azimuth [deg.]	BSDF (AOI=80, AZI=150) [1/sr]
80	0	0	150	7.83126189390629E-03
80	0	5	150	6.74506249180728E-03
80	0	10	150	6.01321128607266E-03
80	0	15	150	5.48349035218397E-03
80	0	20	150	5.08171663364796E-03
80	0	25	150	4.78821399819924E-03
80	0	30	150	4.60650675401771E-03
80	0	35	150	4.53526568767094E-03
80	0	40	150	4.55190904681877E-03
80	0	45	150	4.61015916292413E-03
80	0	50	150	4.65251208776904E-03
80	0	55	150	4.63454841835347E-03
80	0	60	150	4.5465457366119E-03
80	0	65	150	4.41452705151799E-03
80	0	70	150	4.27987565344133E-03
80	0	75	150	4.17506527436381E-03
80	0	80	150	4.11151065002458E-03
80	0	85	150	4.08239326977139E-03
80	0	89.9	150	4.07474843342067E-03
Spec Polar [deg.]	Spec Azimuth [deg.]	Scatter Polar [deg.]	Scatter Azimuth [deg.]	BSDF (AOI=80, AZI=160) [1/sr]
80	0	0	160	7.83126189390629E-03
80	0	5	160	6.67640094306125E-03
80	0	10	160	5.91043312795279E-03
80	0	15	160	5.33536767747794E-03
80	0	20	160	4.86626443260498E-03
80	0	25	160	4.49224315461606E-03
80	0	30	160	4.23002882382183E-03
80	0	35	160	4.08654740155906E-03
80	0	40	160	4.04118789449046E-03
80	0	45	160	4.04579030967825E-03
80	0	50	160	4.03982742410444E-03
80	0	55	160	3.97730081785865E-03
80	0	60	160	3.84989270436291E-03
80	0	65	160	3.68668523871137E-03
80	0	70	160	3.53076516462108E-03
80	0	75	160	3.41362672330149E-03
80	0	80	160	3.34408165280785E-03
80	0	85	160	3.31263267736142E-03
80	0	89.9	160	3.30443615338761E-03
Spec Polar [deg.]	Spec Azimuth [deg.]	Scatter Polar [deg.]	Scatter Azimuth [deg.]	BSDF (AOI=80, AZI=170) [1/sr]
80	0	0	170	7.83126189390629E-03
80	0	5	170	6.63524160793361E-03
80	0	10	170	5.84711224626388E-03
80	0	15	170	5.23883933034381E-03
80	0	20	170	4.7202312664022E-03
80	0	25	170	4.28842214554104E-03
80	0	30	170	3.96969812223832E-03
80	0	35	170	3.77568431825772E-03
80	0	40	170	3.68606904023846E-03
80	0	45	170	3.65153643038095E-03
80	0	50	170	3.61099643306391E-03
80	0	55	170	3.51923799368315E-03
80	0	60	170	3.36964012339045E-03
80	0	65	170	3.19229779573136E-03
80	0	70	170	3.0293222614947E-03
80	0	75	170	2.90971571965712E-03
80	0	80	170	2.83980673275195E-03
80	0	85	170	2.80856048907379E-03
80	0	89.9	170	2.80048389167258E-03
Spec Polar [deg.]	Spec Azimuth [deg.]	Scatter Polar [deg.]	Scatter Azimuth [deg.]	BSDF (AOI=80, AZI=180) [1/sr]
80	0	0	180	7.83126189390629E-03
80	0	5	180	6.62152378280767E-03
80	0	10	180	5.82567804938074E-03
80	0	15	180	5.20526156719591E-03
80	0	20	180	4.66863477003128E-03
80	0	25	180	4.21617169973442E-03
80	0	30	180	3.87763808511322E-03
80	0	35	180	3.66611772277294E-03
80	0	40	180	3.56117963680737E-03
80	0	45	180	3.51308165408179E-03
80	0	50	180	3.46074398663507E-03
80	0	55	180	3.35948853144461E-03
80	0	60	180	3.20334896561959E-03
80	0	65	180	3.02254884264679E-03
80	0	70	180	2.85849917964112E-03
80	0	75	180	2.73906647763374E-03
80	0	80	180	2.66964561975884E-03
80	0	85	180	2.6387522468797E-03
80	0	89.9	180	2.63079259487806E-03
AOI	89.9	deg.
FRED TIS integral (0-1)	0.180440130944565
Spec Polar [deg.]	Spec Azimuth [deg.]	Scatter Polar [deg.]	Scatter Azimuth [deg.]	BSDF (AOI=89.9, AZI=0) [1/sr]
89.9	0	0	0	7.4764023610304E-03
89.9	0	5	0	9.4357900640507E-03
89.9	0	10	0	1.31104035182825E-02
89.9	0	15	0	2.00139848659493E-02
89.9	0	20	0	3.26720349740622E-02
89.9	0	25	0	5.47078747078139E-02
89.9	0	30	0	9.03028182740146E-02
89.9	0	35	0	0.143467342069518
89.9	0	40	0	0.218513336669124
89.9	0	45	0	0.321827213323602
89.9	0	50	0	0.461759225353038
89.9	0	55	0	0.64196031368155
89.9	0	60	0	0.847349240410361
89.9	0	65	0	1.03457644649597
89.9	0	70	0	1.14970212021668
89.9	0	75	0	1.17052030536648
89.9	0	80	0	1.12654104214041
89.9	0	85	0	1.07204221720669
89.9	0	89.9	0	1.04905197344939
Spec Polar [deg.]	Spec Azimuth [deg.]	Scatter Polar [deg.]	Scatter Azimuth [deg.]	BSDF (AOI=89.9, AZI=10) [1/sr]
89.9	0	0	10	7.4764023610304E-03
89.9	0	5	10	9.39220909988532E-03
89.9	0	10	10	1.29278928957844E-02
89.9	0	15	10	1.94388184355782E-02
89.9	0	20	10	3.10908539989964E-02
89.9	0	25	10	5.08181084698201E-02
89.9	0	30	10	8.17474093510284E-02
89.9	0	35	10	0.126592368037489
89.9	0	40	10	0.188185009761282
89.9	0	45	10	0.271005630293389
89.9	0	50	10	0.38101684226726
89.9	0	55	10	0.520411487677505
89.9	0	60	10	0.67717131356705
89.9	0	65	10	0.818560983274848
89.9	0	70	10	0.904772521208868
89.9	0	75	10	0.919968725969666
89.9	0	80	10	0.886555180141147
89.9	0	85	10	0.845282981181952
89.9	0	89.9	10	0.82786380505349
Spec Polar [deg.]	Spec Azimuth [deg.]	Scatter Polar [deg.]	Scatter Azimuth [deg.]	BSDF (AOI=89.9, AZI=20) [1/sr]
89.9	0	0	20	7.4764023610304E-03
89.9	0	5	20	9.26590299431092E-03
89.9	0	10	20	1.24148357842141E-02
89.9	0	15	20	1.78811554371124E-02
89.9	0	20	20	2.69939779831529E-02
89.9	0	25	20	4.12212158043392E-02
89.9	0	30	20	6.16757601638682E-02
89.9	0	35	20	8.88859682216149E-02
89.9	0	40	20	0.123423266511171
89.9	0	45	20	0.166874538755586
89.9	0	50	20	0.221578162183518
89.9	0	55	20	0.287924974257864
89.9	0	60	20	0.359882611795801
89.9	0	65	20	0.422933478687211
89.9	0	70	20	0.460469104529189
89.9	0	75	20	0.466532131820896
89.9	0	80	20	0.451265149479419
89.9	0	85	20	0.432604547943819
89.9	0	89.9	20	0.424719798397955
Spec Polar [deg.]	Spec Azimuth [deg.]	Scatter Polar [deg.]	Scatter Azimuth [deg.]	BSDF (AOI=89.9, AZI=30) [1/sr]
89.9	0	0	30	7.4764023610304E-03
89.9	0	5	30	9.06925701558834E-03
89.9	0	10	30	1.16618429032402E-02
89.9	0	15	30	1.57512711381325E-02
89.9	0	20	30	2.18363837326085E-02
89.9	0	25	30	0.030186316461637
89.9	0	30	30	4.06408151379365E-02
89.9	0	35	30	0.052758700775832
89.9	0	40	30	6.63433706921423E-02
89.9	0	45	30	8.18244670544341E-02
89.9	0	50	30	9.99476950591091E-02
89.9	0	55	30	0.120740838858247
89.9	0	60	30	0.142283546329319
89.9	0	65	30	0.160454941914159
89.9	0	70	30	0.17089189007798
89.9	0	75	30	0.172268211336018
89.9	0	80	30	0.167574924385381
89.9	0	85	30	0.161955070368105
89.9	0	89.9	30	0.159578792667015
Spec Polar [deg.]	Spec Azimuth [deg.]	Scatter Polar [deg.]	Scatter Azimuth [deg.]	BSDF (AOI=89.9, AZI=40) [1/sr]
89.9	0	0	40	7.4764023610304E-03
89.9	0	5	40	8.82014201840032E-03
89.9	0	10	40	0.01078473262775
89.9	0	15	40	0.013501052500629
89.9	0	20	40	1.69590737922853E-02
89.9	0	25	40	2.09251144202353E-02
89.9	0	30	40	2.49972656263135E-02
89.9	0	35	40	2.88411533275376E-02
89.9	0	40	40	3.24293134875766E-02
89.9	0	45	40	3.60477088674616E-02
89.9	0	50	40	4.00491273485173E-02
89.9	0	55	40	4.45211341681184E-02
89.9	0	60	40	4.90507114962095E-02
89.9	0	65	40	5.27714319426853E-02
89.9	0	70	40	5.48186371939414E-02
89.9	0	75	40	5.49598443708165E-02
89.9	0	80	40	5.38290789809833E-02
89.9	0	85	40	5.25243091786158E-02
89.9	0	89.9	40	5.19735721764397E-02
Spec Polar [deg.]	Spec Azimuth [deg.]	Scatter Polar [deg.]	Scatter Azimuth [deg.]	BSDF (AOI=89.9, AZI=50) [1/sr]
89.9	0	0	50	7.4764023610304E-03
89.9	0	5	50	8.5386989532847E-03
89.9	0	10	50	9.89186107710948E-03
89.9	0	15	50	1.14625414680971E-02
89.9	0	20	50	1.30681936516657E-02
89.9	0	25	50	1.44558403446991E-02
89.9	0	30	50	1.54198140815315E-02
89.9	0	35	50	1.59237713921704E-02
89.9	0	40	50	1.61188222705468E-02
89.9	0	45	50	1.62432367731933E-02
89.9	0	50	50	1.64915163424679E-02
89.9	0	55	50	1.69314749513454E-02
89.9	0	60	50	1.74870068026373E-02
89.9	0	65	50	1.79825054557435E-02
89.9	0	70	50	1.82424244599033E-02
89.9	0	75	50	1.82029350795459E-02
89.9	0	80	50	1.79563234846599E-02
89.9	0	85	50	1.76912437302571E-02
89.9	0	89.9	50	1.75803342613906E-02
Spec Polar [deg.]	Spec Azimuth [deg.]	Scatter Polar [deg.]	Scatter Azimuth [deg.]	BSDF (AOI=89.9, AZI=60) [1/sr]
89.9	0	0	60	7.4764023610304E-03
89.9	0	5	60	8.24427243354512E-03
89.9	0	10	60	9.06296097971143E-03
89.9	0	15	60	9.79849045579366E-03
89.9	0	20	60	1.02888603586897E-02
89.9	0	25	60	1.04115262521097E-02
89.9	0	30	60	0.0101513285933
89.9	0	35	60	9.61313472710067E-03
89.9	0	40	60	8.96610933514826E-03
89.9	0	45	60	8.36594056793163E-03
89.9	0	50	60	7.90675631204045E-03
89.9	0	55	60	7.61420416586458E-03
89.9	0	60	60	7.46222059124842E-03
89.9	0	65	60	7.3971473336067E-03
89.9	0	70	60	7.3630162602318E-03
89.9	0	75	60	7.32346601167366E-03
89.9	0	80	60	7.27209676817118E-03
89.9	0	85	60	7.22595775631596E-03
89.9	0	89.9	60	7.20732627810705E-03
Spec Polar [deg.]	Spec Azimuth [deg.]	Scatter Polar [deg.]	Scatter Azimuth [deg.]	BSDF (AOI=89.9, AZI=70) [1/sr]
89.9	0	0	70	7.4764023610304E-03
89.9	0	5	70	7.95316644901258E-03
89.9	0	10	70	8.34299034829295E-03
89.9	0	15	70	8.53700726643711E-03
89.9	0	20	70	8.44878294966153E-03
89.9	0	25	70	8.05823440192705E-03
89.9	0	30	70	7.4281962130476E-03
89.9	0	35	70	6.67812967341451E-03
89.9	0	40	70	5.93362438528167E-03
89.9	0	45	70	5.28586880743007E-03
89.9	0	50	70	4.77875622886237E-03
89.9	0	55	70	4.41739867575134E-03
89.9	0	60	70	4.18346280427314E-03
89.9	0	65	70	4.04811494002748E-03
89.9	0	70	70	3.98061962504591E-03
89.9	0	75	70	3.9537593771617E-03
89.9	0	80	70	3.94696933353356E-03
89.9	0	85	70	3.94722214679858E-03
89.9	0	89.9	70	3.94794256421055E-03
Spec Polar [deg.]	Spec Azimuth [deg.]	Scatter Polar [deg.]	Scatter Azimuth [deg.]	BSDF (AOI=89.9, AZI=80) [1/sr]
89.9	0	0	80	7.4764023610304E-03
89.9	0	5	80	7.67750049882564E-03
89.9	0	10	80	7.74678150466678E-03
89.9	0	15	80	7.63025939437622E-03
89.9	0	20	80	7.3008962092615E-03
89.9	0	25	80	6.77683320342108E-03
89.9	0	30	80	6.12065009520693E-03
89.9	0	35	80	5.41844193279468E-03
89.9	0	40	80	4.75151098034526E-03
89.9	0	45	80	4.17642423925709E-03
89.9	0	50	80	3.71997466871419E-03
89.9	0	55	80	3.38505370748952E-03
89.9	0	60	80	3.15986771139208E-03
89.9	0	65	80	3.02539072389529E-03
89.9	0	70	80	2.95972038279718E-03
89.9	0	75	80	2.94031016700228E-03
89.9	0	80	80	2.94562982774644E-03
89.9	0	85	80	2.95729051133066E-03
89.9	0	89.9	80	2.96267981668768E-03
Spec Polar [deg.]	Spec Azimuth [deg.]	Scatter Polar [deg.]	Scatter Azimuth [deg.]	BSDF (AOI=89.9, AZI=90) [1/sr]
89.9	0	0	90	7.4764023610304E-03
89.9	0	5	90	7.42508536491627E-03
89.9	0	10	90	7.26824179412763E-03
89.9	0	15	90	7.00037352702526E-03
89.9	0	20	90	6.62129284304214E-03
89.9	0	25	90	6.14441427524453E-03
89.9	0	30	90	5.60023368232067E-03
89.9	0	35	90	5.03216155801844E-03
89.9	0	40	90	4.48650702128361E-03
89.9	0	45	90	4.00187775806891E-03
89.9	0	50	90	3.60280669097942E-03
89.9	0	55	90	3.29894207113979E-03
89.9	0	60	90	3.08790999289975E-03
89.9	0	65	90	2.95905805054457E-03
89.9	0	70	90	2.89635028457822E-03
89.9	0	75	90	2.88028762823605E-03
89.9	0	80	90	2.88980955795835E-03
89.9	0	85	90	2.90520706480457E-03
89.9	0	89.9	90	2.91210555550019E-03
Spec Polar [deg.]	Spec Azimuth [deg.]	Scatter Polar [deg.]	Scatter Azimuth [deg.]	BSDF (AOI=89.9, AZI=100) [1/sr]
89.9	0	0	100	7.4764023610304E-03
89.9	0	5	100	7.20002735719081E-03
89.9	0	10	100	6.88968377321725E-03
89.9	0	15	100	6.56533051628112E-03
89.9	0	20	100	6.22936042639983E-03
89.9	0	25	100	5.8758773764229E-03
89.9	0	30	100	5.50092555981367E-03
89.9	0	35	100	5.10969508993948E-03
89.9	0	40	100	4.71812606393559E-03
89.9	0	45	100	4.34897814745523E-03
89.9	0	50	100	4.02513354875997E-03
89.9	0	55	100	3.76368663428644E-03
89.9	0	60	100	3.57285906008925E-03
89.9	0	65	100	3.4516111569182E-03
89.9	0	70	100	3.39075511363749E-03
89.9	0	75	100	3.37473894725216E-03
89.9	0	80	100	0.003384192479556
89.9	0	85	100	3.39971760100175E-03
89.9	0	89.9	100	3.40670976082238E-03
Spec Polar [deg.]	Spec Azimuth [deg.]	Scatter Polar [deg.]	Scatter Azimuth [deg.]	BSDF (AOI=89.9, AZI=110) [1/sr]
89.9	0	0	110	7.4764023610304E-03
89.9	0	5	110	7.00371366453289E-03
89.9	0	10	110	6.58940613619339E-03
89.9	0	15	110	6.25170337650681E-03
89.9	0	20	110	5.98281709772915E-03
89.9	0	25	110	5.76082124322603E-03
89.9	0	30	110	5.56026575190338E-03
89.9	0	35	110	5.36068482753427E-03
89.9	0	40	110	5.15219201295802E-03
89.9	0	45	110	4.93713193245641E-03
89.9	0	50	110	4.72756735599641E-03
89.9	0	55	110	4.53991501743982E-03
89.9	0	60	110	4.3890211715581E-03
89.9	0	65	110	4.28364037742629E-03
89.9	0	70	110	4.22417596311703E-03
89.9	0	75	110	4.20270329257294E-03
89.9	0	80	110	4.20512745472928E-03
89.9	0	85	110	4.2153009517528E-03
89.9	0	89.9	110	4.22033336475979E-03
Spec Polar [deg.]	Spec Azimuth [deg.]	Scatter Polar [deg.]	Scatter Azimuth [deg.]	BSDF (AOI=89.9, AZI=120) [1/sr]
89.9	0	0	120	7.4764023610304E-03
89.9	0	5	120	6.83587571081253E-03
89.9	0	10	120	6.34718706919144E-03
89.9	0	15	120	6.00191337939793E-03
89.9	0	20	120	5.77597387356028E-03
89.9	0	25	120	5.64007623910667E-03
89.9	0	30	120	5.56444905784005E-03
89.9	0	35	120	5.52077396147384E-03
89.9	0	40	120	5.48399436421431E-03
89.9	0	45	120	5.43533135021299E-03
89.9	0	50	120	5.36580454347324E-03
89.9	0	55	120	5.27795149987749E-03
89.9	0	60	120	5.18371938555687E-03
89.9	0	65	120	5.09874513086569E-03
89.9	0	70	120	5.03556099616019E-03
89.9	0	75	120	4.99879850477287E-03
89.9	0	80	120	4.98428185018859E-03
89.9	0	85	120	4.98218939670644E-03
89.9	0	89.9	120	4.98282542428406E-03
Spec Polar [deg.]	Spec Azimuth [deg.]	Scatter Polar [deg.]	Scatter Azimuth [deg.]	BSDF (AOI=89.9, AZI=130) [1/sr]
89.9	0	0	130	7.4764023610304E-03
89.9	0	5	130	6.69551406631051E-03
89.9	0	10	130	6.14778476037159E-03
89.9	0	15	130	5.77918143103848E-03
89.9	0	20	130	5.54630294354389E-03
89.9	0	25	130	5.41963013582657E-03
89.9	0	30	130	5.37839979727287E-03
89.9	0	35	130	5.40218174836283E-03
89.9	0	40	130	5.46438433137942E-03
89.9	0	45	130	5.53199919294047E-03
89.9	0	50	130	5.57303241983476E-03
89.9	0	55	130	5.56801446164774E-03
89.9	0	60	130	5.51766826966555E-03
89.9	0	65	130	5.44045810456553E-03
89.9	0	70	130	5.36138437070372E-03
89.9	0	75	130	5.29963340704622E-03
89.9	0	80	130	5.26209793257831E-03
89.9	0	85	130	5.24487849944002E-03
89.9	0	89.9	130	5.24035400833849E-03
Spec Polar [deg.]	Spec Azimuth [deg.]	Scatter Polar [deg.]	Scatter Azimuth [deg.]	BSDF (AOI=89.9, AZI=140) [1/sr]
89.9	0	0	140	7.4764023610304E-03
89.9	0	5	140	6.58156173193046E-03
89.9	0	10	140	5.98249194283971E-03
89.9	0	15	140	5.56923904331926E-03
89.9	0	20	140	5.27931419401213E-03
89.9	0	25	140	5.08855766963541E-03
89.9	0	30	140	4.99264751142362E-03
89.9	0	35	140	4.98670788378002E-03
89.9	0	40	140	5.05077956921451E-03
89.9	0	45	140	5.14606864885572E-03
89.9	0	50	140	5.22424760632175E-03
89.9	0	55	140	5.24686061255065E-03
89.9	0	60	140	5.20311419682885E-03
89.9	0	65	140	5.11224665387494E-03
89.9	0	70	140	5.0086698969508E-03
89.9	0	75	140	4.92212939988057E-03
89.9	0	80	140	4.86607478802794E-03
89.9	0	85	140	4.83838131673381E-03
89.9	0	89.9	140	4.83059520869178E-03
Spec Polar [deg.]	Spec Azimuth [deg.]	Scatter Polar [deg.]	Scatter Azimuth [deg.]	BSDF (AOI=89.9, AZI=150) [1/sr]
89.9	0	0	150	7.4764023610304E-03
89.9	0	5	150	6.49324760182026E-03
89.9	0	10	150	5.84883772698485E-03
89.9	0	15	150	5.37707667319413E-03
89.9	0	20	150	5.00063985067512E-03
89.9	0	25	150	4.7061529817215E-03
89.9	0	30	150	4.5086670253439E-03
89.9	0	35	150	4.41857865211704E-03
89.9	0	40	150	4.4225438834767E-03
89.9	0	45	150	4.48006113285234E-03
89.9	0	50	150	4.53485058968905E-03
89.9	0	55	150	4.53854652411792E-03
89.9	0	60	150	4.4742009621929E-03
89.9	0	65	150	4.36129716413134E-03
89.9	0	70	150	4.23823536846718E-03
89.9	0	75	150	4.13807468216221E-03
89.9	0	80	150	4.07474843342064E-03
89.9	0	85	150	4.04430628900282E-03
89.9	0	89.9	150	4.03595149571021E-03
Spec Polar [deg.]	Spec Azimuth [deg.]	Scatter Polar [deg.]	Scatter Azimuth [deg.]	BSDF (AOI=89.9, AZI=160) [1/sr]
89.9	0	0	160	7.4764023610304E-03
89.9	0	5	160	6.43019232352167E-03
89.9	0	10	160	5.74882609234726E-03
89.9	0	15	160	5.21928654092831E-03
89.9	0	20	160	4.75589239179422E-03
89.9	0	25	160	4.35943736009767E-03
89.9	0	30	160	4.06314389220213E-03
89.9	0	35	160	3.88806348498432E-03
89.9	0	40	160	3.82350433566391E-03
89.9	0	45	160	3.82760166008332E-03
89.9	0	50	160	3.84139892587681E-03
89.9	0	55	160	3.8138818649139E-03
89.9	0	60	160	3.72662148305447E-03
89.9	0	65	160	3.59880608374504E-03
89.9	0	70	160	3.46830249281511E-03
89.9	0	75	160	3.36639632931075E-03
89.9	0	80	160	3.30443615338762E-03
89.9	0	85	160	3.27599328618544E-03
89.9	0	89.9	160	3.26851798338742E-03
Spec Polar [deg.]	Spec Azimuth [deg.]	Scatter Polar [deg.]	Scatter Azimuth [deg.]	BSDF (AOI=89.9, AZI=170) [1/sr]
89.9	0	0	170	7.4764023610304E-03
89.9	0	5	170	6.3923186105924E-03
89.9	0	10	170	5.68643168730644E-03
89.9	0	15	170	0.005114992176433
89.9	0	20	170	4.58930057685354E-03
89.9	0	25	170	4.12247013337486E-03
89.9	0	30	170	3.76052353347548E-03
89.9	0	35	170	3.52991903687141E-03
89.9	0	40	170	3.41967166832314E-03
89.9	0	45	170	3.38639628127809E-03
89.9	0	50	170	3.37057906143425E-03
89.9	0	55	170	3.32150567083492E-03
89.9	0	60	170	3.22104206525947E-03
89.9	0	65	170	3.08774888760329E-03
89.9	0	70	170	2.95749237846359E-03
89.9	0	75	170	2.85877106157419E-03
89.9	0	80	170	2.80048389167254E-03
89.9	0	85	170	2.77469518654606E-03
89.9	0	89.9	170	2.76816656727761E-03
Spec Polar [deg.]	Spec Azimuth [deg.]	Scatter Polar [deg.]	Scatter Azimuth [deg.]	BSDF (AOI=89.9, AZI=180) [1/sr]
89.9	0	0	180	7.4764023610304E-03
89.9	0	5	180	6.37968145076086E-03
89.9	0	10	180	5.66517559268802E-03
89.9	0	15	180	5.07849160972608E-03
89.9	0	20	180	4.53040482124968E-03
89.9	0	25	180	4.03891498448478E-03
89.9	0	30	180	3.65461831737218E-03
89.9	0	35	180	3.40548893269986E-03
89.9	0	40	180	3.28001675273003E-03
89.9	0	45	180	3.23413037758288E-03
89.9	0	50	180	3.20827411043295E-03
89.9	0	55	180	3.15212429132665E-03
89.9	0	60	180	3.04781094478546E-03
89.9	0	65	180	2.91357895750359E-03
89.9	0	70	180	2.78434242163133E-03
89.9	0	75	180	2.6874172500258E-03
89.9	0	80	180	2.6307925948782E-03
89.9	0	85	180	2.60608254738554E-03
89.9	0	89.9	180	2.59991851787554E-03
