type bsdf_data
format angles=deg bsdf=value scale=1
angles measured from local surface normal
AOI	0	deg.
FRED TIS integral (0-1)	2.07340180275169E-02
Spec Polar [deg.]	Spec Azimuth [deg.]	Scatter Polar [deg.]	Scatter Azimuth [deg.]	BSDF (AOI=0, AZI=0) [1/sr]
0	0	0	0	1.72390367569738E-02
0	0	5	0	1.66142455221674E-02
0	0	10	0	1.49576915240426E-02
0	0	15	0	1.27811370507265E-02
0	0	20	0	1.06032717960492E-02
0	0	25	0	8.75372636329593E-03
0	0	30	0	7.34964989866076E-03
0	0	35	0	6.36929411009651E-03
0	0	40	0	5.73025976022397E-03
0	0	45	0	5.33546156417888E-03
0	0	50	0	5.09177378038555E-03
0	0	55	0	4.91767534977031E-03
0	0	60	0	4.75099654303627E-03
0	0	65	0	4.55782899232512E-03
0	0	70	0	4.33637263827918E-03
0	0	75	0	4.11051866479946E-03
0	0	80	0	3.91563094695315E-03
0	0	85	0	3.78436875915179E-03
0	0	89.9	0	3.7382011805152E-03
Spec Polar [deg.]	Spec Azimuth [deg.]	Scatter Polar [deg.]	Scatter Azimuth [deg.]	BSDF (AOI=0, AZI=10) [1/sr]
0	0	0	10	1.72390367569738E-02
0	0	5	10	1.66142455221674E-02
0	0	10	10	1.49576915240426E-02
0	0	15	10	1.27811370507265E-02
0	0	20	10	1.06032717960492E-02
0	0	25	10	8.75372636329593E-03
0	0	30	10	7.34964989866076E-03
0	0	35	10	6.36929411009652E-03
0	0	40	10	5.73025976022397E-03
0	0	45	10	5.33546156417888E-03
0	0	50	10	5.09177378038555E-03
0	0	55	10	4.91767534977031E-03
0	0	60	10	4.75099654303627E-03
0	0	65	10	4.55782899232512E-03
0	0	70	10	4.33637263827918E-03
0	0	75	10	4.11051866479946E-03
0	0	80	10	3.91563094695315E-03
0	0	85	10	3.78436875915178E-03
0	0	89.9	10	3.7382011805152E-03
Spec Polar [deg.]	Spec Azimuth [deg.]	Scatter Polar [deg.]	Scatter Azimuth [deg.]	BSDF (AOI=0, AZI=20) [1/sr]
0	0	0	20	1.72390367569738E-02
0	0	5	20	1.66142455221674E-02
0	0	10	20	1.49576915240426E-02
0	0	15	20	1.27811370507265E-02
0	0	20	20	1.06032717960492E-02
0	0	25	20	8.75372636329593E-03
0	0	30	20	7.34964989866076E-03
0	0	35	20	6.36929411009652E-03
0	0	40	20	5.73025976022397E-03
0	0	45	20	5.33546156417888E-03
0	0	50	20	5.09177378038555E-03
0	0	55	20	4.91767534977032E-03
0	0	60	20	4.75099654303627E-03
0	0	65	20	4.55782899232512E-03
0	0	70	20	4.33637263827918E-03
0	0	75	20	4.11051866479946E-03
0	0	80	20	3.91563094695315E-03
0	0	85	20	3.78436875915178E-03
0	0	89.9	20	3.7382011805152E-03
Spec Polar [deg.]	Spec Azimuth [deg.]	Scatter Polar [deg.]	Scatter Azimuth [deg.]	BSDF (AOI=0, AZI=30) [1/sr]
0	0	0	30	1.72390367569738E-02
0	0	5	30	1.66142455221674E-02
0	0	10	30	1.49576915240426E-02
0	0	15	30	1.27811370507265E-02
0	0	20	30	1.06032717960492E-02
0	0	25	30	8.75372636329593E-03
0	0	30	30	7.34964989866076E-03
0	0	35	30	6.36929411009652E-03
0	0	40	30	5.73025976022397E-03
0	0	45	30	5.33546156417888E-03
0	0	50	30	5.09177378038555E-03
0	0	55	30	4.91767534977031E-03
0	0	60	30	4.75099654303627E-03
0	0	65	30	4.55782899232512E-03
0	0	70	30	4.33637263827918E-03
0	0	75	30	4.11051866479945E-03
0	0	80	30	3.91563094695315E-03
0	0	85	30	3.78436875915179E-03
0	0	89.9	30	3.7382011805152E-03
Spec Polar [deg.]	Spec Azimuth [deg.]	Scatter Polar [deg.]	Scatter Azimuth [deg.]	BSDF (AOI=0, AZI=40) [1/sr]
0	0	0	40	1.72390367569738E-02
0	0	5	40	1.66142455221674E-02
0	0	10	40	1.49576915240426E-02
0	0	15	40	1.27811370507265E-02
0	0	20	40	1.06032717960492E-02
0	0	25	40	8.75372636329593E-03
0	0	30	40	7.34964989866076E-03
0	0	35	40	6.36929411009652E-03
0	0	40	40	5.73025976022398E-03
0	0	45	40	5.33546156417888E-03
0	0	50	40	5.09177378038555E-03
0	0	55	40	4.91767534977031E-03
0	0	60	40	4.75099654303627E-03
0	0	65	40	4.55782899232512E-03
0	0	70	40	4.33637263827918E-03
0	0	75	40	4.11051866479946E-03
0	0	80	40	3.91563094695315E-03
0	0	85	40	3.78436875915179E-03
0	0	89.9	40	3.7382011805152E-03
Spec Polar [deg.]	Spec Azimuth [deg.]	Scatter Polar [deg.]	Scatter Azimuth [deg.]	BSDF (AOI=0, AZI=50) [1/sr]
0	0	0	50	1.72390367569738E-02
0	0	5	50	1.66142455221674E-02
0	0	10	50	1.49576915240426E-02
0	0	15	50	1.27811370507265E-02
0	0	20	50	1.06032717960492E-02
0	0	25	50	8.75372636329593E-03
0	0	30	50	7.34964989866076E-03
0	0	35	50	6.36929411009652E-03
0	0	40	50	5.73025976022397E-03
0	0	45	50	5.33546156417888E-03
0	0	50	50	5.09177378038555E-03
0	0	55	50	4.91767534977032E-03
0	0	60	50	4.75099654303627E-03
0	0	65	50	4.55782899232512E-03
0	0	70	50	4.33637263827918E-03
0	0	75	50	4.11051866479945E-03
0	0	80	50	3.91563094695315E-03
0	0	85	50	3.78436875915179E-03
0	0	89.9	50	3.7382011805152E-03
Spec Polar [deg.]	Spec Azimuth [deg.]	Scatter Polar [deg.]	Scatter Azimuth [deg.]	BSDF (AOI=0, AZI=60) [1/sr]
0	0	0	60	1.72390367569738E-02
0	0	5	60	1.66142455221674E-02
0	0	10	60	1.49576915240426E-02
0	0	15	60	1.27811370507265E-02
0	0	20	60	1.06032717960492E-02
0	0	25	60	8.75372636329593E-03
0	0	30	60	7.34964989866076E-03
0	0	35	60	6.36929411009652E-03
0	0	40	60	5.73025976022397E-03
0	0	45	60	5.33546156417888E-03
0	0	50	60	5.09177378038555E-03
0	0	55	60	4.91767534977032E-03
0	0	60	60	4.75099654303627E-03
0	0	65	60	4.55782899232512E-03
0	0	70	60	4.33637263827918E-03
0	0	75	60	4.11051866479946E-03
0	0	80	60	3.91563094695315E-03
0	0	85	60	3.78436875915178E-03
0	0	89.9	60	3.7382011805152E-03
Spec Polar [deg.]	Spec Azimuth [deg.]	Scatter Polar [deg.]	Scatter Azimuth [deg.]	BSDF (AOI=0, AZI=70) [1/sr]
0	0	0	70	1.72390367569738E-02
0	0	5	70	1.66142455221674E-02
0	0	10	70	1.49576915240426E-02
0	0	15	70	1.27811370507265E-02
0	0	20	70	1.06032717960492E-02
0	0	25	70	8.75372636329593E-03
0	0	30	70	7.34964989866076E-03
0	0	35	70	6.36929411009652E-03
0	0	40	70	5.73025976022398E-03
0	0	45	70	5.33546156417888E-03
0	0	50	70	5.09177378038555E-03
0	0	55	70	4.91767534977031E-03
0	0	60	70	4.75099654303627E-03
0	0	65	70	4.55782899232512E-03
0	0	70	70	4.33637263827918E-03
0	0	75	70	4.11051866479945E-03
0	0	80	70	3.91563094695315E-03
0	0	85	70	3.78436875915179E-03
0	0	89.9	70	3.7382011805152E-03
Spec Polar [deg.]	Spec Azimuth [deg.]	Scatter Polar [deg.]	Scatter Azimuth [deg.]	BSDF (AOI=0, AZI=80) [1/sr]
0	0	0	80	1.72390367569738E-02
0	0	5	80	1.66142455221674E-02
0	0	10	80	1.49576915240426E-02
0	0	15	80	1.27811370507265E-02
0	0	20	80	1.06032717960492E-02
0	0	25	80	8.75372636329593E-03
0	0	30	80	7.34964989866076E-03
0	0	35	80	6.36929411009652E-03
0	0	40	80	5.73025976022397E-03
0	0	45	80	5.33546156417888E-03
0	0	50	80	5.09177378038555E-03
0	0	55	80	4.91767534977031E-03
0	0	60	80	4.75099654303627E-03
0	0	65	80	4.55782899232512E-03
0	0	70	80	4.33637263827918E-03
0	0	75	80	4.11051866479945E-03
0	0	80	80	3.91563094695315E-03
0	0	85	80	3.78436875915178E-03
0	0	89.9	80	3.7382011805152E-03
Spec Polar [deg.]	Spec Azimuth [deg.]	Scatter Polar [deg.]	Scatter Azimuth [deg.]	BSDF (AOI=0, AZI=90) [1/sr]
0	0	0	90	1.72390367569738E-02
0	0	5	90	1.66142455221674E-02
0	0	10	90	1.49576915240426E-02
0	0	15	90	1.27811370507265E-02
0	0	20	90	1.06032717960492E-02
0	0	25	90	8.75372636329593E-03
0	0	30	90	7.34964989866076E-03
0	0	35	90	6.36929411009651E-03
0	0	40	90	5.73025976022397E-03
0	0	45	90	5.33546156417888E-03
0	0	50	90	5.09177378038555E-03
0	0	55	90	4.91767534977031E-03
0	0	60	90	4.75099654303627E-03
0	0	65	90	4.55782899232512E-03
0	0	70	90	4.33637263827918E-03
0	0	75	90	4.11051866479946E-03
0	0	80	90	3.91563094695315E-03
0	0	85	90	3.78436875915179E-03
0	0	89.9	90	3.7382011805152E-03
Spec Polar [deg.]	Spec Azimuth [deg.]	Scatter Polar [deg.]	Scatter Azimuth [deg.]	BSDF (AOI=0, AZI=100) [1/sr]
0	0	0	100	1.72390367569738E-02
0	0	5	100	1.66142455221674E-02
0	0	10	100	1.49576915240426E-02
0	0	15	100	1.27811370507265E-02
0	0	20	100	1.06032717960492E-02
0	0	25	100	8.75372636329593E-03
0	0	30	100	7.34964989866076E-03
0	0	35	100	6.36929411009652E-03
0	0	40	100	5.73025976022397E-03
0	0	45	100	5.33546156417888E-03
0	0	50	100	5.09177378038555E-03
0	0	55	100	4.91767534977031E-03
0	0	60	100	4.75099654303627E-03
0	0	65	100	4.55782899232512E-03
0	0	70	100	4.33637263827918E-03
0	0	75	100	4.11051866479946E-03
0	0	80	100	3.91563094695315E-03
0	0	85	100	3.78436875915178E-03
0	0	89.9	100	3.7382011805152E-03
Spec Polar [deg.]	Spec Azimuth [deg.]	Scatter Polar [deg.]	Scatter Azimuth [deg.]	BSDF (AOI=0, AZI=110) [1/sr]
0	0	0	110	1.72390367569738E-02
0	0	5	110	1.66142455221674E-02
0	0	10	110	1.49576915240426E-02
0	0	15	110	1.27811370507265E-02
0	0	20	110	1.06032717960492E-02
0	0	25	110	8.75372636329593E-03
0	0	30	110	7.34964989866076E-03
0	0	35	110	6.36929411009652E-03
0	0	40	110	5.73025976022397E-03
0	0	45	110	5.33546156417888E-03
0	0	50	110	5.09177378038555E-03
0	0	55	110	4.91767534977032E-03
0	0	60	110	4.75099654303627E-03
0	0	65	110	4.55782899232512E-03
0	0	70	110	4.33637263827918E-03
0	0	75	110	4.11051866479946E-03
0	0	80	110	3.91563094695315E-03
0	0	85	110	3.78436875915178E-03
0	0	89.9	110	3.7382011805152E-03
Spec Polar [deg.]	Spec Azimuth [deg.]	Scatter Polar [deg.]	Scatter Azimuth [deg.]	BSDF (AOI=0, AZI=120) [1/sr]
0	0	0	120	1.72390367569738E-02
0	0	5	120	1.66142455221674E-02
0	0	10	120	1.49576915240426E-02
0	0	15	120	1.27811370507265E-02
0	0	20	120	1.06032717960492E-02
0	0	25	120	8.75372636329593E-03
0	0	30	120	7.34964989866076E-03
0	0	35	120	6.36929411009652E-03
0	0	40	120	5.73025976022397E-03
0	0	45	120	5.33546156417888E-03
0	0	50	120	5.09177378038555E-03
0	0	55	120	4.91767534977032E-03
0	0	60	120	4.75099654303626E-03
0	0	65	120	4.55782899232512E-03
0	0	70	120	4.33637263827918E-03
0	0	75	120	4.11051866479946E-03
0	0	80	120	3.91563094695315E-03
0	0	85	120	3.78436875915178E-03
0	0	89.9	120	3.7382011805152E-03
Spec Polar [deg.]	Spec Azimuth [deg.]	Scatter Polar [deg.]	Scatter Azimuth [deg.]	BSDF (AOI=0, AZI=130) [1/sr]
0	0	0	130	1.72390367569738E-02
0	0	5	130	1.66142455221674E-02
0	0	10	130	1.49576915240426E-02
0	0	15	130	1.27811370507265E-02
0	0	20	130	1.06032717960492E-02
0	0	25	130	8.75372636329593E-03
0	0	30	130	7.34964989866076E-03
0	0	35	130	6.36929411009652E-03
0	0	40	130	5.73025976022397E-03
0	0	45	130	5.33546156417888E-03
0	0	50	130	5.09177378038555E-03
0	0	55	130	4.91767534977032E-03
0	0	60	130	4.75099654303627E-03
0	0	65	130	4.55782899232512E-03
0	0	70	130	4.33637263827918E-03
0	0	75	130	4.11051866479945E-03
0	0	80	130	3.91563094695315E-03
0	0	85	130	3.78436875915179E-03
0	0	89.9	130	3.7382011805152E-03
Spec Polar [deg.]	Spec Azimuth [deg.]	Scatter Polar [deg.]	Scatter Azimuth [deg.]	BSDF (AOI=0, AZI=140) [1/sr]
0	0	0	140	1.72390367569738E-02
0	0	5	140	1.66142455221674E-02
0	0	10	140	1.49576915240426E-02
0	0	15	140	1.27811370507265E-02
0	0	20	140	1.06032717960492E-02
0	0	25	140	8.75372636329593E-03
0	0	30	140	7.34964989866076E-03
0	0	35	140	6.36929411009652E-03
0	0	40	140	5.73025976022397E-03
0	0	45	140	5.33546156417888E-03
0	0	50	140	5.09177378038555E-03
0	0	55	140	4.91767534977032E-03
0	0	60	140	4.75099654303627E-03
0	0	65	140	4.55782899232512E-03
0	0	70	140	4.33637263827917E-03
0	0	75	140	4.11051866479946E-03
0	0	80	140	3.91563094695315E-03
0	0	85	140	3.78436875915178E-03
0	0	89.9	140	3.7382011805152E-03
Spec Polar [deg.]	Spec Azimuth [deg.]	Scatter Polar [deg.]	Scatter Azimuth [deg.]	BSDF (AOI=0, AZI=150) [1/sr]
0	0	0	150	1.72390367569738E-02
0	0	5	150	1.66142455221674E-02
0	0	10	150	1.49576915240426E-02
0	0	15	150	1.27811370507265E-02
0	0	20	150	1.06032717960492E-02
0	0	25	150	8.75372636329593E-03
0	0	30	150	7.34964989866076E-03
0	0	35	150	6.36929411009652E-03
0	0	40	150	5.73025976022397E-03
0	0	45	150	5.33546156417888E-03
0	0	50	150	5.09177378038555E-03
0	0	55	150	4.91767534977031E-03
0	0	60	150	4.75099654303627E-03
0	0	65	150	4.55782899232512E-03
0	0	70	150	4.33637263827918E-03
0	0	75	150	4.11051866479945E-03
0	0	80	150	3.91563094695315E-03
0	0	85	150	3.78436875915179E-03
0	0	89.9	150	3.7382011805152E-03
Spec Polar [deg.]	Spec Azimuth [deg.]	Scatter Polar [deg.]	Scatter Azimuth [deg.]	BSDF (AOI=0, AZI=160) [1/sr]
0	0	0	160	1.72390367569738E-02
0	0	5	160	1.66142455221674E-02
0	0	10	160	1.49576915240426E-02
0	0	15	160	1.27811370507265E-02
0	0	20	160	1.06032717960492E-02
0	0	25	160	8.75372636329593E-03
0	0	30	160	7.34964989866076E-03
0	0	35	160	6.36929411009651E-03
0	0	40	160	5.73025976022398E-03
0	0	45	160	5.33546156417888E-03
0	0	50	160	5.09177378038555E-03
0	0	55	160	4.91767534977031E-03
0	0	60	160	4.75099654303627E-03
0	0	65	160	4.55782899232512E-03
0	0	70	160	4.33637263827918E-03
0	0	75	160	4.11051866479945E-03
0	0	80	160	3.91563094695315E-03
0	0	85	160	3.78436875915179E-03
0	0	89.9	160	3.7382011805152E-03
Spec Polar [deg.]	Spec Azimuth [deg.]	Scatter Polar [deg.]	Scatter Azimuth [deg.]	BSDF (AOI=0, AZI=170) [1/sr]
0	0	0	170	1.72390367569738E-02
0	0	5	170	1.66142455221674E-02
0	0	10	170	1.49576915240426E-02
0	0	15	170	1.27811370507265E-02
0	0	20	170	1.06032717960492E-02
0	0	25	170	8.75372636329593E-03
0	0	30	170	7.34964989866076E-03
0	0	35	170	6.36929411009652E-03
0	0	40	170	5.73025976022397E-03
0	0	45	170	5.33546156417888E-03
0	0	50	170	5.09177378038555E-03
0	0	55	170	4.91767534977031E-03
0	0	60	170	4.75099654303627E-03
0	0	65	170	4.55782899232512E-03
0	0	70	170	4.33637263827918E-03
0	0	75	170	4.11051866479946E-03
0	0	80	170	3.91563094695315E-03
0	0	85	170	3.78436875915178E-03
0	0	89.9	170	3.7382011805152E-03
Spec Polar [deg.]	Spec Azimuth [deg.]	Scatter Polar [deg.]	Scatter Azimuth [deg.]	BSDF (AOI=0, AZI=180) [1/sr]
0	0	0	180	1.72390367569738E-02
0	0	5	180	1.66142455221674E-02
0	0	10	180	1.49576915240426E-02
0	0	15	180	1.27811370507265E-02
0	0	20	180	1.06032717960492E-02
0	0	25	180	8.75372636329593E-03
0	0	30	180	7.34964989866076E-03
0	0	35	180	6.36929411009651E-03
0	0	40	180	5.73025976022397E-03
0	0	45	180	5.33546156417888E-03
0	0	50	180	5.09177378038555E-03
0	0	55	180	4.91767534977031E-03
0	0	60	180	4.75099654303627E-03
0	0	65	180	4.55782899232512E-03
0	0	70	180	4.33637263827918E-03
0	0	75	180	4.11051866479946E-03
0	0	80	180	3.91563094695315E-03
0	0	85	180	3.78436875915179E-03
0	0	89.9	180	3.7382011805152E-03
AOI	10	deg.
FRED TIS integral (0-1)	2.14987933087024E-02
Spec Polar [deg.]	Spec Azimuth [deg.]	Scatter Polar [deg.]	Scatter Azimuth [deg.]	BSDF (AOI=10, AZI=0) [1/sr]
10	0	0	0	1.49576915240426E-02
10	0	5	0	1.69918303769502E-02
10	0	10	0	1.79302692981491E-02
10	0	15	0	1.74788760246289E-02
10	0	20	0	1.58900442646708E-02
10	0	25	0	1.37715795204214E-02
10	0	30	0	1.17108704863426E-02
10	0	35	0	1.00498331962316E-02
10	0	40	0	8.88586814747282E-03
10	0	45	0	8.17025133467292E-03
10	0	50	0	7.7917624836598E-03
10	0	55	0	7.6201237961642E-03
10	0	60	0	7.52935143705429E-03
10	0	65	0	7.42103972630391E-03
10	0	70	0	7.24743559271211E-03
10	0	75	0	7.01906209039874E-03
10	0	80	0	6.78808886731474E-03
10	0	85	0	6.61768000758575E-03
10	0	89.9	0	6.55520175914123E-03
Spec Polar [deg.]	Spec Azimuth [deg.]	Scatter Polar [deg.]	Scatter Azimuth [deg.]	BSDF (AOI=10, AZI=10) [1/sr]
10	0	0	10	1.49576915240426E-02
10	0	5	10	1.69496014446818E-02
10	0	10	10	0.017842545394867
10	0	15	10	1.73574821916331E-02
10	0	20	10	1.57553527493293E-02
10	0	25	10	1.36414155854894E-02
10	0	30	10	1.15943413767618E-02
10	0	35	10	9.94809240543189E-03
10	0	40	10	8.79575446657278E-03
10	0	45	10	8.08730485787742E-03
10	0	50	10	7.71180487214649E-03
10	0	55	10	7.53991456594018E-03
10	0	60	10	7.44685688765942E-03
10	0	65	10	7.33549491421455E-03
10	0	70	10	7.15914884302722E-03
10	0	75	10	6.92894833627719E-03
10	0	80	10	6.69710817269408E-03
10	0	85	10	6.52645125297322E-03
10	0	89.9	10	6.46394644789217E-03
Spec Polar [deg.]	Spec Azimuth [deg.]	Scatter Polar [deg.]	Scatter Azimuth [deg.]	BSDF (AOI=10, AZI=20) [1/sr]
10	0	0	20	1.49576915240426E-02
10	0	5	20	1.68250393099312E-02
10	0	10	20	1.75855902444187E-02
10	0	15	20	1.70042924674295E-02
10	0	20	20	1.53658802550446E-02
10	0	25	20	1.32670638616011E-02
10	0	30	20	1.12607221274412E-02
10	0	35	20	9.65783578602351E-03
10	0	40	20	8.53925774040668E-03
10	0	45	20	7.85143764624637E-03
10	0	50	20	7.48441693589552E-03
10	0	55	20	7.3117071259599E-03
10	0	60	20	7.21215469767896E-03
10	0	65	20	7.09238533032633E-03
10	0	70	20	6.90881165535962E-03
10	0	75	20	6.67417934666631E-03
10	0	80	20	6.44062666399591E-03
10	0	85	20	6.26980389767415E-03
10	0	89.9	20	6.20741789210703E-03
Spec Polar [deg.]	Spec Azimuth [deg.]	Scatter Polar [deg.]	Scatter Azimuth [deg.]	BSDF (AOI=10, AZI=30) [1/sr]
10	0	0	30	1.49576915240426E-02
10	0	5	30	1.66243170747675E-02
10	0	10	30	1.71771426093952E-02
10	0	15	30	1.64501803733468E-02
10	0	20	30	1.47620881670288E-02
10	0	25	30	1.26927533943754E-02
10	0	30	30	1.07534028551645E-02
10	0	35	30	9.21949840848938E-03
10	0	40	30	8.15366439086217E-03
10	0	45	30	7.49754784720765E-03
10	0	50	30	7.14319115955642E-03
10	0	55	30	6.96893296772528E-03
10	0	60	30	6.85962659626901E-03
10	0	65	30	6.72799720491985E-03
10	0	70	30	6.53520878258081E-03
10	0	75	30	6.29610759014604E-03
10	0	80	30	6.06212531017661E-03
10	0	85	30	5.89258071472931E-03
10	0	89.9	30	5.83092145162011E-03
Spec Polar [deg.]	Spec Azimuth [deg.]	Scatter Polar [deg.]	Scatter Azimuth [deg.]	BSDF (AOI=10, AZI=40) [1/sr]
10	0	0	40	1.49576915240426E-02
10	0	5	40	1.63570876611577E-02
10	0	10	40	1.66439602005215E-02
10	0	15	40	1.57402690928414E-02
10	0	20	40	1.40015238823423E-02
10	0	25	40	1.19799967803674E-02
10	0	30	40	1.01317076822339E-02
10	0	35	40	8.68772782709704E-03
10	0	40	40	7.68904294040607E-03
10	0	45	40	7.07239044400094E-03
10	0	50	40	6.73314892427486E-03
10	0	55	40	6.55643425024732E-03
10	0	60	40	6.43533083623954E-03
10	0	65	40	6.29068389737105E-03
10	0	70	40	6.08954234963251E-03
10	0	75	40	5.84870397399465E-03
10	0	80	40	5.61774847801736E-03
10	0	85	40	5.45225285525352E-03
10	0	89.9	40	5.39236631387501E-03
Spec Polar [deg.]	Spec Azimuth [deg.]	Scatter Polar [deg.]	Scatter Azimuth [deg.]	BSDF (AOI=10, AZI=50) [1/sr]
10	0	0	50	1.49576915240426E-02
10	0	5	50	1.60356408869082E-02
10	0	10	50	1.60183278195889E-02
10	0	15	50	1.49264774022303E-02
10	0	20	50	1.31477213936367E-02
10	0	25	50	1.11944133088184E-02
10	0	30	50	9.45726871109155E-03
10	0	35	50	8.11827993469206E-03
10	0	40	50	7.19596437534193E-03
10	0	45	50	6.62302342633921E-03
10	0	50	50	6.29963206967408E-03
10	0	55	50	6.11943537381384E-03
10	0	60	50	5.98563225049603E-03
10	0	65	50	0.005828726393151
10	0	70	50	5.62220140594193E-03
10	0	75	50	5.38414206879089E-03
10	0	80	50	5.16086743721453E-03
10	0	85	50	5.00281464715596E-03
10	0	89.9	50	4.94593053855475E-03
Spec Polar [deg.]	Spec Azimuth [deg.]	Scatter Polar [deg.]	Scatter Azimuth [deg.]	BSDF (AOI=10, AZI=60) [1/sr]
10	0	0	60	1.49576915240426E-02
10	0	5	60	1.56739160994773E-02
10	0	10	60	0.015334342848005
10	0	15	60	1.40602441566009E-02
10	0	20	60	0.012260163905303
10	0	25	60	0.010394551592892
10	0	30	60	8.78302227151224E-03
10	0	35	60	7.55778385572914E-03
10	0	40	60	6.71608783822547E-03
10	0	45	60	6.1880102336399E-03
10	0	50	60	5.87984178769957E-03
10	0	55	60	5.69513279618338E-03
10	0	60	60	5.54857770931849E-03
10	0	65	60	5.3812867593194E-03
10	0	70	60	5.17319999721331E-03
10	0	75	60	4.94276727248263E-03
10	0	80	60	4.73172212205568E-03
10	0	85	60	4.58425340131903E-03
10	0	89.9	60	4.53148048985571E-03
Spec Polar [deg.]	Spec Azimuth [deg.]	Scatter Polar [deg.]	Scatter Azimuth [deg.]	BSDF (AOI=10, AZI=70) [1/sr]
10	0	0	70	1.49576915240426E-02
10	0	5	70	1.52865070866062E-02
10	0	10	70	1.46246666752181E-02
10	0	15	70	1.31869776059814E-02
10	0	20	70	1.13875746570965E-02
10	0	25	70	9.62527227485091E-03
10	0	30	70	8.14731859307461E-03
10	0	35	70	7.03864193812459E-03
10	0	40	70	6.27765543370738E-03
10	0	45	70	5.79327051930345E-03
10	0	50	70	5.49884554069634E-03
10	0	55	70	5.30871975642477E-03
10	0	60	70	5.14987737090686E-03
10	0	65	70	4.97437800293404E-03
10	0	70	70	4.76824804639207E-03
10	0	75	70	4.54939747713253E-03
10	0	80	70	4.35401313056113E-03
10	0	85	70	4.21938149806027E-03
10	0	89.9	70	4.17149517414647E-03
Spec Polar [deg.]	Spec Azimuth [deg.]	Scatter Polar [deg.]	Scatter Azimuth [deg.]	BSDF (AOI=10, AZI=80) [1/sr]
10	0	0	80	1.49576915240426E-02
10	0	5	80	1.48877757172079E-02
10	0	10	80	1.39181840675711E-02
10	0	15	80	0.012342925517951
10	0	20	80	1.05651456091185E-02
10	0	25	80	8.91595009309833E-03
10	0	30	80	7.5730325138629E-03
10	0	35	80	6.57870391338181E-03
10	0	40	80	5.89542202606407E-03
10	0	45	80	5.45208331879918E-03
10	0	50	80	5.16957480691119E-03
10	0	55	80	4.97337938302681E-03
10	0	60	80	4.8029777740018E-03
10	0	65	80	4.6211833597447E-03
10	0	70	80	4.41950705226216E-03
10	0	75	80	4.21462975605104E-03
10	0	80	80	4.03673216267506E-03
10	0	85	80	3.91603169958638E-03
10	0	89.9	80	3.87339075233339E-03
Spec Polar [deg.]	Spec Azimuth [deg.]	Scatter Polar [deg.]	Scatter Azimuth [deg.]	BSDF (AOI=10, AZI=90) [1/sr]
10	0	0	90	1.49576915240426E-02
10	0	5	90	1.44911527143211E-02
10	0	10	90	1.32387138583717E-02
10	0	15	90	1.15543482751695E-02
10	0	20	90	9.81499791832852E-03
10	0	25	90	8.28219540702808E-03
10	0	30	90	7.07001889716748E-03
10	0	35	90	6.1839484245342E-03
10	0	40	90	5.57328374183013E-03
10	0	45	90	0.005167580896628
10	0	50	90	4.89521175505771E-03
10	0	55	90	4.69265141461836E-03
10	0	60	90	4.51155113488573E-03
10	0	65	90	4.32485309498648E-03
10	0	70	90	4.12885521401795E-03
10	0	75	90	3.93862638389596E-03
10	0	80	90	3.77838970932934E-03
10	0	85	90	3.67156421405448E-03
10	0	89.9	90	3.63412089706381E-03
Spec Polar [deg.]	Spec Azimuth [deg.]	Scatter Polar [deg.]	Scatter Azimuth [deg.]	BSDF (AOI=10, AZI=100) [1/sr]
10	0	0	100	1.49576915240426E-02
10	0	5	100	1.41086601377162E-02
10	0	10	100	1.26046668806658E-02
10	0	15	100	1.08383748538627E-02
10	0	20	100	9.14858379617834E-03
10	0	25	100	7.7293359231374E-03
10	0	30	100	6.63900013951699E-03
10	0	35	100	5.85231746586932E-03
10	0	40	100	5.3078783742838E-03
10	0	45	100	4.93611555817651E-03
10	0	50	100	4.67240427822391E-03
10	0	55	100	4.46360961930188E-03
10	0	60	100	4.27277280177362E-03
10	0	65	100	4.08202568093035E-03
10	0	70	100	3.89174976397802E-03
10	0	75	100	3.71532185262063E-03
10	0	80	100	3.57148490722212E-03
10	0	85	100	3.47748570296701E-03
10	0	89.9	100	3.44484188660862E-03
Spec Polar [deg.]	Spec Azimuth [deg.]	Scatter Polar [deg.]	Scatter Azimuth [deg.]	BSDF (AOI=10, AZI=110) [1/sr]
10	0	0	110	1.49576915240426E-02
10	0	5	110	1.37506510819498E-02
10	0	10	110	1.20294037457759E-02
10	0	15	110	1.02047788513696E-02
10	0	20	110	8.56978956866442E-03
10	0	25	110	7.25621061345524E-03
10	0	30	110	6.27547395753658E-03
10	0	35	110	5.57743681713509E-03
10	0	40	110	5.09203580979444E-03
10	0	45	110	4.75047278937204E-03
10	0	50	110	4.49432148054528E-03
10	0	55	110	4.27985754249919E-03
10	0	60	110	4.08036384039603E-03
10	0	65	110	3.88601235778266E-03
10	0	70	110	3.70060464214902E-03
10	0	75	110	3.53598513869621E-03
10	0	80	110	3.40620146036295E-03
10	0	85	110	3.32321789395965E-03
10	0	89.9	110	3.2947030680967E-03
Spec Polar [deg.]	Spec Azimuth [deg.]	Scatter Polar [deg.]	Scatter Azimuth [deg.]	BSDF (AOI=10, AZI=120) [1/sr]
10	0	0	120	1.49576915240426E-02
10	0	5	120	0.013425734245939
10	0	10	120	1.15220068099317E-02
10	0	15	120	9.65802329882592E-03
10	0	20	120	8.07787357567899E-03
10	0	25	120	6.85840800223635E-03
10	0	30	120	5.97288608397752E-03
10	0	35	120	5.35159646133846E-03
10	0	40	120	4.91755321757937E-03
10	0	45	120	4.60246564853497E-03
10	0	50	120	4.35310977229219E-03
10	0	55	120	4.13390731043631E-03
10	0	60	120	3.9269641106378E-03
10	0	65	120	3.72922391489015E-03
10	0	70	120	3.54730100445892E-03
10	0	75	120	3.39181788346773E-03
10	0	80	120	3.27308205822635E-03
10	0	85	120	3.19882505050043E-03
10	0	89.9	120	3.17359353459571E-03
Spec Polar [deg.]	Spec Azimuth [deg.]	Scatter Polar [deg.]	Scatter Azimuth [deg.]	BSDF (AOI=10, AZI=130) [1/sr]
10	0	0	130	1.49576915240426E-02
10	0	5	130	0.013140836299296
10	0	10	130	0.011088216457618
10	0	15	130	9.19914354292482E-03
10	0	20	130	7.66979404483273E-03
10	0	25	130	6.53059540207173E-03
10	0	30	130	5.72480663071539E-03
10	0	35	130	5.16778689099336E-03
10	0	40	130	4.77712382172886E-03
10	0	45	130	4.4847625898066E-03
10	0	50	130	4.24162186545111E-03
10	0	55	130	4.01883262444793E-03
10	0	60	130	3.80574784701284E-03
10	0	65	130	3.60478007857434E-03
10	0	70	130	3.42480717177691E-03
10	0	75	130	3.27559991535081E-03
10	0	80	130	3.16471595528275E-03
10	0	85	130	3.09674524475535E-03
10	0	89.9	130	3.0738923801858E-03
Spec Polar [deg.]	Spec Azimuth [deg.]	Scatter Polar [deg.]	Scatter Azimuth [deg.]	BSDF (AOI=10, AZI=140) [1/sr]
10	0	0	140	1.49576915240426E-02
10	0	5	140	0.012901351714382
10	0	10	140	1.07313525689246E-02
10	0	15	140	0.00882725660994
10	0	20	140	7.34180702402191E-03
10	0	25	140	6.26792221225705E-03
10	0	30	140	5.52613338344941E-03
10	0	35	140	5.02080137406576E-03
10	0	40	140	4.66540487803303E-03
10	0	45	140	4.39192790193675E-03
10	0	50	140	4.15441378104621E-03
10	0	55	140	3.92921867182114E-03
10	0	60	140	3.71133334596194E-03
10	0	65	140	3.50737851506957E-03
10	0	70	140	3.32800100050638E-03
10	0	75	140	3.18247211120367E-03
10	0	80	140	3.07650603962147E-03
10	0	85	140	3.01256220690098E-03
10	0	89.9	140	2.99124597141985E-03
Spec Polar [deg.]	Spec Azimuth [deg.]	Scatter Polar [deg.]	Scatter Azimuth [deg.]	BSDF (AOI=10, AZI=150) [1/sr]
10	0	0	150	1.49576915240426E-02
10	0	5	150	1.27113344463625E-02
10	0	10	150	1.04531164103814E-02
10	0	15	150	8.54064858353346E-03
10	0	20	150	7.09040989403674E-03
10	0	25	150	6.06665776643531E-03
10	0	30	150	5.37348985344565E-03
10	0	35	150	4.90752755739729E-03
10	0	40	150	4.57929751621685E-03
10	0	45	150	4.32072230320406E-03
10	0	50	150	4.08806293585203E-03
10	0	55	150	3.86148457358385E-03
10	0	60	150	3.64008732992858E-03
10	0	65	150	3.43354343324403E-03
10	0	70	150	3.25382243852442E-03
10	0	75	150	3.10997415774063E-03
10	0	80	150	3.00660564303633E-03
10	0	85	150	2.9448776760359E-03
10	0	89.9	150	2.92441886349242E-03
Spec Polar [deg.]	Spec Azimuth [deg.]	Scatter Polar [deg.]	Scatter Azimuth [deg.]	BSDF (AOI=10, AZI=160) [1/sr]
10	0	0	160	1.49576915240426E-02
10	0	5	160	1.25736947106692E-02
10	0	10	160	1.02542281821331E-02
10	0	15	160	8.33748749715205E-03
10	0	20	160	6.91279416717398E-03
10	0	25	160	5.9242952201253E-03
10	0	30	160	5.26505718291739E-03
10	0	35	160	4.82663566046891E-03
10	0	40	160	4.5176032009194E-03
10	0	45	160	4.26979820523303E-03
10	0	50	160	4.04093139149017E-03
10	0	55	160	3.81370662062273E-03
10	0	60	160	3.58996382195293E-03
10	0	65	160	3.38140865131821E-03
10	0	70	160	3.20092681637359E-03
10	0	75	160	3.05752081960965E-03
10	0	80	160	2.9552165639764E-03
10	0	85	160	2.89447854550903E-03
10	0	89.9	160	2.87441304617363E-03
Spec Polar [deg.]	Spec Azimuth [deg.]	Scatter Polar [deg.]	Scatter Azimuth [deg.]	BSDF (AOI=10, AZI=170) [1/sr]
10	0	0	170	1.49576915240426E-02
10	0	5	170	1.24903740119461E-02
10	0	10	170	1.01348948270482E-02
10	0	15	170	8.2162495955001E-03
10	0	20	170	6.80698787420985E-03
10	0	25	170	5.83935883295967E-03
10	0	30	170	5.20010343951058E-03
10	0	35	170	4.7779306054859E-03
10	0	40	170	4.4803110693901E-03
10	0	45	170	4.23902094821644E-03
10	0	50	170	4.01258121357678E-03
10	0	55	170	3.78513141148818E-03
10	0	60	170	3.56006148307665E-03
10	0	65	170	3.35022974423785E-03
10	0	70	170	3.16906025135002E-03
10	0	75	170	3.02557842774103E-03
10	0	80	170	2.92355612313194E-03
10	0	85	170	2.86314441304277E-03
10	0	89.9	170	2.84321584365322E-03
Spec Polar [deg.]	Spec Azimuth [deg.]	Scatter Polar [deg.]	Scatter Azimuth [deg.]	BSDF (AOI=10, AZI=180) [1/sr]
10	0	0	180	1.49576915240426E-02
10	0	5	180	1.24624805237674E-02
10	0	10	180	1.00951226940367E-02
10	0	15	180	8.17594982954233E-03
10	0	20	180	6.77184383993301E-03
10	0	25	180	5.8111182791171E-03
10	0	30	180	5.1784553727708E-03
10	0	35	180	4.76164808038833E-03
10	0	40	180	4.46781267158113E-03
10	0	45	180	4.22870310810197E-03
10	0	50	180	4.00309994578592E-03
10	0	55	180	3.77560510972044E-03
10	0	60	180	3.55010784907828E-03
10	0	65	180	3.33983850384685E-03
10	0	70	180	3.15839871924095E-03
10	0	75	180	3.01483086895428E-03
10	0	80	180	2.91283902469037E-03
10	0	85	180	2.85248838253741E-03
10	0	89.9	180	2.83258779634401E-03
AOI	20	deg.
FRED TIS integral (0-1)	2.30882372101737E-02
Spec Polar [deg.]	Spec Azimuth [deg.]	Scatter Polar [deg.]	Scatter Azimuth [deg.]	BSDF (AOI=20, AZI=0) [1/sr]
20	0	0	0	1.06032717960492E-02
20	0	5	0	1.32408725291712E-02
20	0	10	0	1.58900442646708E-02
20	0	15	0	1.79540212852138E-02
20	0	20	0	1.89633534475027E-02
20	0	25	0	1.88492994961108E-02
20	0	30	0	1.79318445650237E-02
20	0	35	0	1.66742281289411E-02
20	0	40	0	1.54537757263323E-02
20	0	45	0	1.44829881104836E-02
20	0	50	0	1.38417500604572E-02
20	0	55	0	1.35379204472334E-02
20	0	60	0	1.35503126183324E-02
20	0	65	0	1.38439920871652E-02
20	0	70	0	1.43637195252359E-02
20	0	75	0	1.50177726934578E-02
20	0	80	0	1.56695197804581E-02
20	0	85	0	1.61555185246878E-02
20	0	89.9	0	0.016336017487031
Spec Polar [deg.]	Spec Azimuth [deg.]	Scatter Polar [deg.]	Scatter Azimuth [deg.]	BSDF (AOI=20, AZI=10) [1/sr]
20	0	0	10	1.06032717960492E-02
20	0	5	10	1.31888030454613E-02
20	0	10	10	1.57553527493293E-02
20	0	15	10	1.77149723772226E-02
20	0	20	10	1.86199517337938E-02
20	0	25	10	1.84246174721698E-02
20	0	30	10	1.74606145628353E-02
20	0	35	10	1.61887416982332E-02
20	0	40	10	1.49758088936463E-02
20	0	45	10	1.40223264555237E-02
20	0	50	10	1.33976063756384E-02
20	0	55	10	1.31004594541675E-02
20	0	60	10	1.31018806159137E-02
20	0	65	10	1.33611516795378E-02
20	0	70	10	1.38215379078824E-02
20	0	75	10	1.43971941254478E-02
20	0	80	10	1.49667344985639E-02
20	0	85	10	1.53890554144301E-02
20	0	89.9	10	1.55454269994982E-02
Spec Polar [deg.]	Spec Azimuth [deg.]	Scatter Polar [deg.]	Scatter Azimuth [deg.]	BSDF (AOI=20, AZI=20) [1/sr]
20	0	0	20	1.06032717960492E-02
20	0	5	20	1.30360575349729E-02
20	0	10	20	1.53658802550446E-02
20	0	15	20	1.70343131149691E-02
20	0	20	20	1.76570071142271E-02
20	0	25	20	1.72503962009684E-02
20	0	30	20	1.61730289787657E-02
20	0	35	20	1.48738476030737E-02
20	0	40	20	1.36882411394198E-02
20	0	45	20	1.27840369534949E-02
20	0	50	20	1.22035120959754E-02
20	0	55	20	1.19233655781363E-02
20	0	60	20	1.18959784445864E-02
20	0	65	20	1.20674161334522E-02
20	0	70	20	1.23788486060792E-02
20	0	75	20	1.27606810929651E-02
20	0	80	20	1.31297606399504E-02
20	0	85	20	1.33984723502077E-02
20	0	89.9	20	1.34969889915764E-02
Spec Polar [deg.]	Spec Azimuth [deg.]	Scatter Polar [deg.]	Scatter Azimuth [deg.]	BSDF (AOI=20, AZI=30) [1/sr]
20	0	0	30	1.06032717960492E-02
20	0	5	30	1.27925496709737E-02
20	0	10	30	1.47620881670288E-02
20	0	15	30	0.01601002340525
20	0	20	30	1.62498713137539E-02
20	0	25	30	1.55800982418481E-02
20	0	30	30	1.43823574900448E-02
20	0	35	30	1.30756039981919E-02
20	0	40	30	1.19452909760035E-02
20	0	45	30	1.11145827692518E-02
20	0	50	30	1.05930783748738E-02
20	0	55	30	1.03333368806428E-02
20	0	60	30	1.02687826498511E-02
20	0	65	30	1.03335047270847E-02
20	0	70	30	1.04702738743404E-02
20	0	75	30	1.06317736777475E-02
20	0	80	30	1.07791633385856E-02
20	0	85	30	1.08815786645597E-02
20	0	89.9	30	1.09181918663042E-02
Spec Polar [deg.]	Spec Azimuth [deg.]	Scatter Polar [deg.]	Scatter Azimuth [deg.]	BSDF (AOI=20, AZI=40) [1/sr]
20	0	0	40	1.06032717960492E-02
20	0	5	40	1.24733317336688E-02
20	0	10	40	1.40015238823423E-02
20	0	15	40	1.47729045690965E-02
20	0	20	40	1.46189861181089E-02
20	0	25	40	1.37156012095083E-02
20	0	30	40	1.24453053167667E-02
20	0	35	40	0.011175130892249
20	0	40	40	1.01291805652038E-02
20	0	45	40	9.3847301835064E-03
20	0	50	40	8.92342732723841E-03
20	0	55	40	8.68100917573939E-03
20	0	60	40	8.58005085161212E-03
20	0	65	40	8.55032676626113E-03
20	0	70	40	8.54153829480743E-03
20	0	75	40	8.52842130367499E-03
20	0	80	40	8.50748016513533E-03
20	0	85	40	8.48764019820996E-03
20	0	89.9	40	8.47953689614265E-03
Spec Polar [deg.]	Spec Azimuth [deg.]	Scatter Polar [deg.]	Scatter Azimuth [deg.]	BSDF (AOI=20, AZI=50) [1/sr]
20	0	0	50	1.06032717960492E-02
20	0	5	50	1.20967457313035E-02
20	0	10	50	1.31477213936367E-02
20	0	15	50	0.013453965781673
20	0	20	50	1.29652868900946E-02
20	0	25	50	1.19092366827201E-02
20	0	30	50	1.06388622054618E-02
20	0	35	50	9.45235026756192E-03
20	0	40	50	8.51108128287121E-03
20	0	45	50	7.85377844199413E-03
20	0	50	50	7.44436288290335E-03
20	0	55	50	7.21262204755012E-03
20	0	60	50	7.0809917951744E-03
20	0	65	50	6.98371776668027E-03
20	0	70	50	6.88092774887296E-03
20	0	75	50	6.76403498763197E-03
20	0	80	50	6.6496276227693E-03
20	0	85	50	6.56520192306068E-03
20	0	89.9	50	6.53409682583286E-03
Spec Polar [deg.]	Spec Azimuth [deg.]	Scatter Polar [deg.]	Scatter Azimuth [deg.]	BSDF (AOI=20, AZI=60) [1/sr]
20	0	0	60	1.06032717960492E-02
20	0	5	60	1.16824245217089E-02
20	0	10	60	0.012260163905303
20	0	15	60	1.21600805330786E-02
20	0	20	60	1.14311386446096E-02
20	0	25	60	0.010316613426921
20	0	30	60	9.11342619651011E-03
20	0	35	60	8.04430950988958E-03
20	0	40	60	0.007214986443384
20	0	45	60	6.63683722372363E-03
20	0	50	60	6.26674259566803E-03
20	0	55	60	6.0382129706537E-03
20	0	60	60	5.8823315358589E-03
20	0	65	60	5.74406355008506E-03
20	0	70	60	5.59451546187098E-03
20	0	75	60	5.43451322162424E-03
20	0	80	60	5.28696335780705E-03
20	0	85	60	5.18227572711772E-03
20	0	89.9	60	5.14443017934482E-03
Spec Polar [deg.]	Spec Azimuth [deg.]	Scatter Polar [deg.]	Scatter Azimuth [deg.]	BSDF (AOI=20, AZI=70) [1/sr]
20	0	0	70	1.06032717960492E-02
20	0	5	70	1.12495002903847E-02
20	0	10	70	1.13875746570965E-02
20	0	15	70	1.09631881989251E-02
20	0	20	70	1.00923543505582E-02
20	0	25	70	8.99965056759836E-03
20	0	30	70	7.9102733464116E-03
20	0	35	70	6.97461961578032E-03
20	0	40	70	6.25371513141753E-03
20	0	45	70	5.74233381267244E-03
20	0	50	70	5.3986558844063E-03
20	0	55	70	5.1665728726041E-03
20	0	60	70	4.99120942735461E-03
20	0	65	70	4.83117991149838E-03
20	0	70	70	4.66711973234317E-03
20	0	75	70	4.50298097362391E-03
20	0	80	70	4.35893392462975E-03
20	0	85	70	4.25975210534103E-03
20	0	89.9	70	4.22439147483076E-03
Spec Polar [deg.]	Spec Azimuth [deg.]	Scatter Polar [deg.]	Scatter Azimuth [deg.]	BSDF (AOI=20, AZI=80) [1/sr]
20	0	0	80	1.06032717960492E-02
20	0	5	80	1.08152624234057E-02
20	0	10	80	1.05651456091185E-02
20	0	15	80	9.90131127831361E-03
20	0	20	80	8.97087823416853E-03
20	0	25	80	7.95495785894069E-03
20	0	30	80	7.00342863286422E-03
20	0	35	80	6.20328185202837E-03
20	0	40	80	5.58146005595164E-03
20	0	45	80	5.12400494267307E-03
20	0	50	80	4.79571984269734E-03
20	0	55	80	4.55470414067201E-03
20	0	60	80	4.36260283560731E-03
20	0	65	80	4.19212120232484E-03
20	0	70	80	4.03131768110118E-03
20	0	75	80	3.8831843085965E-03
20	0	80	80	3.76059147403502E-03
20	0	85	80	3.67906199606665E-03
20	0	89.9	80	3.65044810463074E-03
Spec Polar [deg.]	Spec Azimuth [deg.]	Scatter Polar [deg.]	Scatter Azimuth [deg.]	BSDF (AOI=20, AZI=90) [1/sr]
20	0	0	90	1.06032717960492E-02
20	0	5	90	1.03943595166382E-02
20	0	10	90	9.81499791832852E-03
20	0	15	90	8.98628614254971E-03
20	0	20	90	8.05448198250217E-03
20	0	25	90	7.14466559164174E-03
20	0	30	90	6.33689103328189E-03
20	0	35	90	5.6656278857877E-03
20	0	40	90	5.13186978342119E-03
20	0	45	90	4.71747062534229E-03
20	0	50	90	4.3965417093071E-03
20	0	55	90	4.14308791335482E-03
20	0	60	90	3.93573157724165E-03
20	0	65	90	3.76025879104106E-03
20	0	70	90	3.61021251674469E-03
20	0	75	90	3.48568445572222E-03
20	0	80	90	3.39084248465951E-03
20	0	85	90	3.33108307568766E-03
20	0	89.9	90	3.31064642152107E-03
Spec Polar [deg.]	Spec Azimuth [deg.]	Scatter Polar [deg.]	Scatter Azimuth [deg.]	BSDF (AOI=20, AZI=100) [1/sr]
20	0	0	100	1.06032717960492E-02
20	0	5	100	9.99851138742019E-03
20	0	10	100	9.14858379617834E-03
20	0	15	100	8.21332216904498E-03
20	0	20	100	7.31451151284152E-03
20	0	25	100	6.51917470287651E-03
20	0	30	100	5.84818175990552E-03
20	0	35	100	0.005294127888475
20	0	40	100	4.83765059648875E-03
20	0	45	100	4.45833825031192E-03
20	0	50	100	4.14024121356891E-03
20	0	55	100	3.87326399218089E-03
20	0	60	100	3.65198984045035E-03
20	0	65	100	3.47346828992133E-03
20	0	70	100	3.33520125246925E-03
20	0	75	100	3.23402485570387E-03
20	0	80	100	3.1660249276503E-03
20	0	85	100	3.1272353889149E-03
20	0	89.9	100	3.11468021319991E-03
Spec Polar [deg.]	Spec Azimuth [deg.]	Scatter Polar [deg.]	Scatter Azimuth [deg.]	BSDF (AOI=20, AZI=110) [1/sr]
20	0	0	110	1.06032717960492E-02
20	0	5	110	9.63661546591644E-03
20	0	10	110	8.56978956866441E-03
20	0	15	110	7.56937383666554E-03
20	0	20	110	6.71841047794029E-03
20	0	25	110	6.03082466324629E-03
20	0	30	110	5.48078272650024E-03
20	0	35	110	5.02873187976629E-03
20	0	40	110	4.63907108241483E-03
20	0	45	110	4.28959087999584E-03
20	0	50	110	3.97336946849582E-03
20	0	55	110	3.69460184906739E-03
20	0	60	110	3.46152841666224E-03
20	0	65	110	3.28012054288239E-03
20	0	70	110	3.15066334660417E-03
20	0	75	110	3.06736493550567E-03
20	0	80	110	3.02014656606115E-03
20	0	85	110	2.99775906654505E-03
20	0	89.9	110	2.99140854886457E-03
Spec Polar [deg.]	Spec Azimuth [deg.]	Scatter Polar [deg.]	Scatter Azimuth [deg.]	BSDF (AOI=20, AZI=120) [1/sr]
20	0	0	120	1.06032717960492E-02
20	0	5	120	9.31510243264985E-03
20	0	10	120	8.07787357567899E-03
20	0	15	120	7.03914902043041E-03
20	0	20	120	6.23712634139707E-03
20	0	25	120	5.64101712966281E-03
20	0	30	120	5.19037616052774E-03
20	0	35	120	4.82226852636798E-03
20	0	40	120	4.48863773053556E-03
20	0	45	120	4.16558285710616E-03
20	0	50	120	3.85325303782632E-03
20	0	55	120	3.56705389358311E-03
20	0	60	120	3.32545717425978E-03
20	0	65	120	3.14066547942129E-03
20	0	70	120	3.01480309731034E-03
20	0	75	120	2.94057718988335E-03
20	0	80	120	2.90441734213965E-03
20	0	85	120	2.89093740112547E-03
20	0	89.9	120	2.88798693678013E-03
Spec Polar [deg.]	Spec Azimuth [deg.]	Scatter Polar [deg.]	Scatter Azimuth [deg.]	BSDF (AOI=20, AZI=130) [1/sr]
20	0	0	130	1.06032717960492E-02
20	0	5	130	9.0384063807472E-03
20	0	10	130	7.66979404483273E-03
20	0	15	130	6.60871714089158E-03
20	0	20	130	5.84860069902225E-03
20	0	25	130	5.32316056503158E-03
20	0	30	130	4.94778544476415E-03
20	0	35	130	4.64388395641719E-03
20	0	40	130	4.35489164311269E-03
20	0	45	130	4.05559966844683E-03
20	0	50	130	3.75079815850047E-03
20	0	55	130	3.46307414886371E-03
20	0	60	130	3.21705307052201E-03
20	0	65	130	3.02840418643225E-03
20	0	70	130	0.002900336946441
20	0	75	130	2.82533714781005E-03
20	0	80	130	2.78920392534751E-03
20	0	85	130	2.77597799435581E-03
20	0	89.9	130	2.77315147177194E-03
Spec Polar [deg.]	Spec Azimuth [deg.]	Scatter Polar [deg.]	Scatter Azimuth [deg.]	BSDF (AOI=20, AZI=140) [1/sr]
20	0	0	140	1.06032717960492E-02
20	0	5	140	8.80944706417537E-03
20	0	10	140	7.3418070240219E-03
20	0	15	140	6.26717892477127E-03
20	0	20	140	5.53852754828933E-03
20	0	25	140	5.06270167245149E-03
20	0	30	140	4.73920508012957E-03
20	0	35	140	4.48017189247844E-03
20	0	40	140	4.22436449512746E-03
20	0	45	140	3.94598509671038E-03
20	0	50	140	3.65216031859233E-03
20	0	55	140	3.36860907990138E-03
20	0	60	140	3.12219027722607E-03
20	0	65	140	2.92960789496331E-03
20	0	70	140	2.79462223187715E-03
20	0	75	140	2.71066522866999E-03
20	0	80	140	2.66533796042024E-03
20	0	85	140	2.64511094348014E-03
20	0	89.9	140	2.63965709700605E-03
Spec Polar [deg.]	Spec Azimuth [deg.]	Scatter Polar [deg.]	Scatter Azimuth [deg.]	BSDF (AOI=20, AZI=150) [1/sr]
20	0	0	150	1.06032717960492E-02
20	0	5	150	8.63005986538623E-03
20	0	10	150	7.09040989403673E-03
20	0	15	150	6.00698975928985E-03
20	0	20	150	5.29933918158725E-03
20	0	25	150	4.85496284681864E-03
20	0	30	150	0.004563588811283
20	0	35	150	4.3327790181652E-03
20	0	40	150	4.0996896373502E-03
20	0	45	150	3.83867061365994E-03
20	0	50	150	3.55746947440123E-03
20	0	55	150	3.28183777661526E-03
20	0	60	150	3.03795772493539E-03
20	0	65	150	2.84186974109644E-03
20	0	70	150	2.69758527033486E-03
20	0	75	150	2.60028948263121E-03
20	0	80	150	2.54085831682397E-03
20	0	85	150	2.50982736626991E-03
20	0	89.9	150	2.50031992533755E-03
Spec Polar [deg.]	Spec Azimuth [deg.]	Scatter Polar [deg.]	Scatter Azimuth [deg.]	BSDF (AOI=20, AZI=160) [1/sr]
20	0	0	160	1.06032717960492E-02
20	0	5	160	8.50134243024494E-03
20	0	10	160	6.91279416717398E-03
20	0	15	160	5.82349918249404E-03
20	0	20	160	5.12825438061634E-03
20	0	25	160	4.70163872522492E-03
20	0	30	160	4.42783734455381E-03
20	0	35	160	4.21275425692784E-03
20	0	40	160	3.9937513257088E-03
20	0	45	160	3.74574863623166E-03
20	0	50	160	3.47618852395004E-03
20	0	55	160	3.20927352381242E-03
20	0	60	160	2.96911953633757E-03
20	0	65	160	2.77035499492155E-03
20	0	70	160	2.61711893672068E-03
20	0	75	160	2.50657809726813E-03
20	0	80	160	2.43313221630249E-03
20	0	85	160	2.39143523983769E-03
20	0	89.9	160	2.3779461958971E-03
Spec Polar [deg.]	Spec Azimuth [deg.]	Scatter Polar [deg.]	Scatter Azimuth [deg.]	BSDF (AOI=20, AZI=170) [1/sr]
20	0	0	170	1.06032717960492E-02
20	0	5	170	8.42391059585926E-03
20	0	10	170	6.80698787420985E-03
20	0	15	170	5.71417342315339E-03
20	0	20	170	5.02512461805628E-03
20	0	25	170	4.60703695322439E-03
20	0	30	170	4.34136205058222E-03
20	0	35	170	4.13370447506151E-03
20	0	40	170	3.92215886200451E-03
20	0	45	170	3.68220808509678E-03
20	0	50	170	3.42078745719063E-03
20	0	55	170	3.16047237169815E-03
20	0	60	170	2.9234297987728E-03
20	0	65	170	2.72302522405132E-03
20	0	70	170	2.56347577015378E-03
20	0	75	170	2.44349490715054E-03
20	0	80	170	2.36011563320109E-03
20	0	85	170	2.3109221676823E-03
20	0	89.9	170	2.29465028842676E-03
Spec Polar [deg.]	Spec Azimuth [deg.]	Scatter Polar [deg.]	Scatter Azimuth [deg.]	BSDF (AOI=20, AZI=180) [1/sr]
20	0	0	180	1.06032717960492E-02
20	0	5	180	8.39806953967666E-03
20	0	10	180	6.77184383993301E-03
20	0	15	180	5.67784126163197E-03
20	0	20	180	4.99062925867737E-03
20	0	25	180	4.57500582059539E-03
20	0	30	180	4.31161184449217E-03
20	0	35	180	4.10607263955404E-03
20	0	40	180	3.89683419247156E-03
20	0	45	180	3.6596063511186E-03
20	0	50	180	3.40109964179052E-03
20	0	55	180	3.14322550919993E-03
20	0	60	180	2.90737658126408E-03
20	0	65	180	2.7064244895261E-03
20	0	70	180	2.5446157046843E-03
20	0	75	180	2.42124641206881E-03
20	0	80	180	2.33431738501564E-03
20	0	85	180	2.28245976684193E-03
20	0	89.9	180	2.26520241062483E-03
AOI	30	deg.
FRED TIS integral (0-1)	2.53939860531251E-02
Spec Polar [deg.]	Spec Azimuth [deg.]	Scatter Polar [deg.]	Scatter Azimuth [deg.]	BSDF (AOI=30, AZI=0) [1/sr]
30	0	0	0	7.34964989866076E-03
30	0	5	0	9.22867952960312E-03
30	0	10	0	1.17108704863426E-02
30	0	15	0	1.46996003774693E-02
30	0	20	0	1.79318445650237E-02
30	0	25	0	2.10116733125374E-02
30	0	30	0	2.35051126252959E-02
30	0	35	0	2.50669316271449E-02
30	0	40	0	2.55708855438276E-02
30	0	45	0	2.51971378016455E-02
30	0	50	0	2.44105601100197E-02
30	0	55	0	2.38220675285797E-02
30	0	60	0	2.40268994433618E-02
30	0	65	0	2.55104866068814E-02
30	0	70	0	2.85848677399931E-02
30	0	75	0	3.32137092377141E-02
30	0	80	0	3.86648970250388E-02
30	0	85	0	4.33000034195271E-02
30	0	89.9	0	4.51514091370069E-02
Spec Polar [deg.]	Spec Azimuth [deg.]	Scatter Polar [deg.]	Scatter Azimuth [deg.]	BSDF (AOI=30, AZI=10) [1/sr]
30	0	0	10	7.34964989866076E-03
30	0	5	10	9.19091529457722E-03
30	0	10	10	1.15943413767618E-02
30	0	15	10	1.44424264674857E-02
30	0	20	10	1.74606145628353E-02
30	0	25	10	2.02654332867628E-02
30	0	30	10	2.24662896174127E-02
30	0	35	10	2.37808047847282E-02
30	0	40	10	2.41353714444443E-02
30	0	45	10	2.37214039410614E-02
30	0	50	10	2.29648014623056E-02
30	0	55	10	2.24067855582678E-02
30	0	60	10	2.25688599487202E-02
30	0	65	10	2.38707112627884E-02
30	0	70	10	2.65691177671163E-02
30	0	75	10	3.06045653778394E-02
30	0	80	10	3.53164299902862E-02
30	0	85	10	3.92925533166096E-02
30	0	89.9	10	4.08737046755147E-02
Spec Polar [deg.]	Spec Azimuth [deg.]	Scatter Polar [deg.]	Scatter Azimuth [deg.]	BSDF (AOI=30, AZI=20) [1/sr]
30	0	0	20	7.34964989866076E-03
30	0	5	20	9.08058261093716E-03
30	0	10	20	1.12607221274412E-02
30	0	15	20	1.37227306055941E-02
30	0	20	20	1.61730289787656E-02
30	0	25	20	1.82734622830988E-02
30	0	30	20	1.97505164257176E-02
30	0	35	20	2.04733148451463E-02
30	0	40	20	2.04830223935679E-02
30	0	45	20	1.99849525973147E-02
30	0	50	20	1.93061751925813E-02
30	0	55	20	1.88225552399931E-02
30	0	60	20	1.88828888975546E-02
30	0	65	20	0.019755804815605
30	0	70	20	2.15795913790348E-02
30	0	75	20	2.42605228986558E-02
30	0	80	20	2.73185281033112E-02
30	0	85	20	2.98453617717334E-02
30	0	89.9	20	3.08378800819344E-02
Spec Polar [deg.]	Spec Azimuth [deg.]	Scatter Polar [deg.]	Scatter Azimuth [deg.]	BSDF (AOI=30, AZI=30) [1/sr]
30	0	0	30	7.34964989866076E-03
30	0	5	30	8.90607444266196E-03
30	0	10	30	1.07534028551645E-02
30	0	15	30	0.012675238775494
30	0	20	30	1.43823574900448E-02
30	0	25	30	0.01562246787071
30	0	30	30	1.62743893064307E-02
30	0	35	30	1.63671259834282E-02
30	0	40	30	1.60377101835412E-02
30	0	45	30	1.54780967825833E-02
30	0	50	30	1.48977024035483E-02
30	0	55	30	1.44979635477249E-02
30	0	60	30	1.44504830129323E-02
30	0	65	30	1.48750299887667E-02
30	0	70	30	1.58094622418477E-02
30	0	75	30	1.71612969160924E-02
30	0	80	30	0.01865671129505
30	0	85	30	1.98570115197024E-02
30	0	89.9	30	2.03204075689681E-02
Spec Polar [deg.]	Spec Azimuth [deg.]	Scatter Polar [deg.]	Scatter Azimuth [deg.]	BSDF (AOI=30, AZI=40) [1/sr]
30	0	0	40	7.34964989866076E-03
30	0	5	40	8.67989097448111E-03
30	0	10	40	1.01317076822339E-02
30	0	15	40	0.011468348502343
30	0	20	40	1.24453053167667E-02
30	0	25	40	1.29218961538575E-02
30	0	30	40	1.29140886479324E-02
30	0	35	40	1.25557647514292E-02
30	0	40	40	1.20181881742641E-02
30	0	45	40	1.14509951216715E-02
30	0	50	40	1.09639264246819E-02
30	0	55	40	1.06325671357512E-02
30	0	60	40	1.05067031393723E-02
30	0	65	40	1.06104461076387E-02
30	0	70	40	1.09327996325175E-02
30	0	75	40	1.14134047040897E-02
30	0	80	40	0.011935370470389
30	0	85	40	0.012343630235502
30	0	89.9	40	1.24986328131569E-02
Spec Polar [deg.]	Spec Azimuth [deg.]	Scatter Polar [deg.]	Scatter Azimuth [deg.]	BSDF (AOI=30, AZI=50) [1/sr]
30	0	0	50	7.34964989866076E-03
30	0	5	50	8.41682720122779E-03
30	0	10	50	9.45726871109155E-03
30	0	15	50	1.02541797209943E-02
30	0	20	50	1.06388622054618E-02
30	0	25	50	1.05756232998049E-02
30	0	30	50	1.01665375376797E-02
30	0	35	50	9.58026968743143E-03
30	0	40	50	8.97105957659652E-03
30	0	45	50	8.43783870942344E-03
30	0	50	50	8.02447191227366E-03
30	0	55	50	7.73831894224801E-03
30	0	60	50	7.56854108338999E-03
30	0	65	50	7.49688534270369E-03
30	0	70	50	7.50115035313255E-03
30	0	75	50	7.55482053714531E-03
30	0	80	50	7.62715861688523E-03
30	0	85	50	7.68692409820785E-03
30	0	89.9	50	7.70990704076578E-03
Spec Polar [deg.]	Spec Azimuth [deg.]	Scatter Polar [deg.]	Scatter Azimuth [deg.]	BSDF (AOI=30, AZI=60) [1/sr]
30	0	0	60	7.34964989866076E-03
30	0	5	60	8.13210753950043E-03
30	0	10	60	8.78302227151225E-03
30	0	15	60	9.13899042423603E-03
30	0	20	60	9.11342619651011E-03
30	0	25	60	8.74184238408655E-03
30	0	30	60	8.15472236049381E-03
30	0	35	60	7.50533895684881E-03
30	0	40	60	6.9095166926057E-03
30	0	45	60	6.42513093522375E-03
30	0	50	60	6.06163516567429E-03
30	0	55	60	5.79966965644986E-03
30	0	60	60	5.60899629876941E-03
30	0	65	60	5.46144280173839E-03
30	0	70	60	5.33851250518989E-03
30	0	75	60	5.23365406596422E-03
30	0	80	60	5.14990986315488E-03
30	0	85	60	5.09490889019772E-03
30	0	89.9	60	5.07566429664997E-03
Spec Polar [deg.]	Spec Azimuth [deg.]	Scatter Polar [deg.]	Scatter Azimuth [deg.]	BSDF (AOI=30, AZI=70) [1/sr]
30	0	0	70	7.34964989866076E-03
30	0	5	70	7.83983738514922E-03
30	0	10	70	8.14731859307461E-03
30	0	15	70	8.17773824505526E-03
30	0	20	70	7.9102733464116E-03
30	0	25	70	7.40957808337871E-03
30	0	30	70	6.79149517322658E-03
30	0	35	70	6.17057531480733E-03
30	0	40	70	5.62417339658443E-03
30	0	45	70	5.18446948253207E-03
30	0	50	70	4.8486484708107E-03
30	0	55	70	4.59423888155327E-03
30	0	60	70	4.39290590617393E-03
30	0	65	70	4.22094429244195E-03
30	0	70	70	4.06572592238537E-03
30	0	75	70	3.92717799130834E-03
30	0	80	70	3.81448413959298E-03
30	0	85	70	3.74012327690856E-03
30	0	89.9	70	3.71409810652382E-03
Spec Polar [deg.]	Spec Azimuth [deg.]	Scatter Polar [deg.]	Scatter Azimuth [deg.]	BSDF (AOI=30, AZI=80) [1/sr]
30	0	0	80	7.34964989866076E-03
30	0	5	80	7.5519843132825E-03
30	0	10	80	7.5730325138629E-03
30	0	15	80	7.38424556691416E-03
30	0	20	80	7.00342863286422E-03
30	0	25	80	6.49013901036597E-03
30	0	30	80	5.9226822379799E-03
30	0	35	80	5.37155285989727E-03
30	0	40	80	4.88303879199379E-03
30	0	45	80	4.47643065139818E-03
30	0	50	80	4.15013940375263E-03
30	0	55	80	3.89068025443345E-03
30	0	60	80	3.68092286175598E-03
30	0	65	80	3.50626216301917E-03
30	0	70	80	3.35821154110999E-03
30	0	75	80	3.23518756693662E-03
30	0	80	80	3.14082429598873E-03
30	0	85	80	3.08090976913018E-03
30	0	89.9	80	3.06032504760348E-03
Spec Polar [deg.]	Spec Azimuth [deg.]	Scatter Polar [deg.]	Scatter Azimuth [deg.]	BSDF (AOI=30, AZI=90) [1/sr]
30	0	0	90	7.34964989866076E-03
30	0	5	90	7.27792726191415E-03
30	0	10	90	7.07001889716748E-03
30	0	15	90	6.74635881639085E-03
30	0	20	90	6.33689103328188E-03
30	0	25	90	5.87606408050586E-03
30	0	30	90	5.39773401611451E-03
30	0	35	90	4.93108219526696E-03
30	0	40	90	4.49819032712917E-03
30	0	45	90	4.11334636437268E-03
30	0	50	90	3.78370573252306E-03
30	0	55	90	3.51073026835617E-03
30	0	60	90	3.29186467992174E-03
30	0	65	90	3.12208913862411E-03
30	0	70	90	2.99519176262254E-03
30	0	75	90	2.90475697504387E-03
30	0	80	90	2.84493542808941E-03
30	0	85	90	2.81105797478813E-03
30	0	89.9	90	2.80011684116034E-03
Spec Polar [deg.]	Spec Azimuth [deg.]	Scatter Polar [deg.]	Scatter Azimuth [deg.]	BSDF (AOI=30, AZI=100) [1/sr]
30	0	0	100	7.34964989866076E-03
30	0	5	100	7.02448025312155E-03
30	0	10	100	6.63900013951699E-03
30	0	15	100	6.23945302304018E-03
30	0	20	100	5.84818175990551E-03
30	0	25	100	5.46743516424507E-03
30	0	30	100	5.08951662475792E-03
30	0	35	100	4.70797724253533E-03
30	0	40	100	4.32537325086089E-03
30	0	45	100	3.95480225599596E-03
30	0	50	100	3.61552218959494E-03
30	0	55	100	3.32598758730146E-03
30	0	60	100	3.09822893792717E-03
30	0	65	100	2.93547897670584E-03
30	0	70	100	2.83257600320728E-03
30	0	75	100	2.77785246452352E-03
30	0	80	100	2.75582120670612E-03
30	0	85	100	2.75068096493981E-03
30	0	89.9	100	2.75046277990684E-03
Spec Polar [deg.]	Spec Azimuth [deg.]	Scatter Polar [deg.]	Scatter Azimuth [deg.]	BSDF (AOI=30, AZI=110) [1/sr]
30	0	0	110	7.34964989866076E-03
30	0	5	110	6.79623196080419E-03
30	0	10	110	6.27547395753658E-03
30	0	15	110	5.83606148146667E-03
30	0	20	110	5.48078272650022E-03
30	0	25	110	5.18092014490204E-03
30	0	30	110	4.89512606506859E-03
30	0	35	110	4.58882270415566E-03
30	0	40	110	4.24933882564652E-03
30	0	45	110	3.89025894747068E-03
30	0	50	110	3.54282439770239E-03
30	0	55	110	3.24067257454839E-03
30	0	60	110	3.0074689436033E-03
30	0	65	110	0.002852079107205
30	0	70	110	2.76951746748318E-03
30	0	75	110	2.74404757937692E-03
30	0	80	110	2.75291321707269E-03
30	0	85	110	2.77145509111887E-03
30	0	89.9	110	2.78013287595169E-03
Spec Polar [deg.]	Spec Azimuth [deg.]	Scatter Polar [deg.]	Scatter Azimuth [deg.]	BSDF (AOI=30, AZI=120) [1/sr]
30	0	0	120	7.34964989866076E-03
30	0	5	120	6.59603667558023E-03
30	0	10	120	5.97288608397752E-03
30	0	15	120	5.51183788232617E-03
30	0	20	120	5.19037616052773E-03
30	0	25	120	4.95379185984456E-03
30	0	30	120	4.73681514888778E-03
30	0	35	120	4.48612165710713E-03
30	0	40	120	4.17978489799467E-03
30	0	45	120	3.83316240362107E-03
30	0	50	120	3.48634400789941E-03
30	0	55	120	3.18239151215591E-03
30	0	60	120	2.95081561304014E-03
30	0	65	120	2.80232898776265E-03
30	0	70	120	2.73118686889748E-03
30	0	75	120	2.71952606963862E-03
30	0	80	120	2.74171637688503E-03
30	0	85	120	2.76997687778519E-03
30	0	89.9	120	2.78222452892001E-03
Spec Polar [deg.]	Spec Azimuth [deg.]	Scatter Polar [deg.]	Scatter Azimuth [deg.]	BSDF (AOI=30, AZI=130) [1/sr]
30	0	0	130	7.34964989866076E-03
30	0	5	130	6.42552391638564E-03
30	0	10	130	5.72480663071539E-03
30	0	15	130	0.005248668020276
30	0	20	130	4.94778544476415E-03
30	0	25	130	4.74722370524296E-03
30	0	30	130	4.56731428369365E-03
30	0	35	130	4.34638076045142E-03
30	0	40	130	4.06085527221023E-03
30	0	45	130	3.72932665050571E-03
30	0	50	130	3.39572324125961E-03
30	0	55	130	3.10434238713086E-03
30	0	60	130	2.88320485909457E-03
30	0	65	130	2.74052472049654E-03
30	0	70	130	2.66878531012675E-03
30	0	75	130	2.65026400928688E-03
30	0	80	130	2.66196933260469E-03
30	0	85	130	2.68076270393445E-03
30	0	89.9	130	2.68919989863643E-03
Spec Polar [deg.]	Spec Azimuth [deg.]	Scatter Polar [deg.]	Scatter Azimuth [deg.]	BSDF (AOI=30, AZI=140) [1/sr]
30	0	0	140	7.34964989866076E-03
30	0	5	140	6.28554052482487E-03
30	0	10	140	5.52613338344941E-03
30	0	15	140	5.03558550464699E-03
30	0	20	140	4.73920508012956E-03
30	0	25	140	4.54720881258253E-03
30	0	30	140	4.37359754098733E-03
30	0	35	140	4.15764867816075E-03
30	0	40	140	3.88110015316791E-03
30	0	45	140	3.56673474038815E-03
30	0	50	140	3.25728571275016E-03
30	0	55	140	2.99077147875055E-03
30	0	60	140	2.78732026378951E-03
30	0	65	140	2.64896734809064E-03
30	0	70	140	2.56575563905767E-03
30	0	75	140	2.52246551363472E-03
30	0	80	140	2.50378614382637E-03
30	0	85	140	2.49756721383288E-03
30	0	89.9	140	2.49632375571181E-03
Spec Polar [deg.]	Spec Azimuth [deg.]	Scatter Polar [deg.]	Scatter Azimuth [deg.]	BSDF (AOI=30, AZI=150) [1/sr]
30	0	0	150	7.34964989866076E-03
30	0	5	150	6.17648456777458E-03
30	0	10	150	5.37348985344565E-03
30	0	15	150	4.86799450101479E-03
30	0	20	150	4.56358881128299E-03
30	0	25	150	4.36040117359168E-03
30	0	30	150	4.17192246442894E-03
30	0	35	150	3.94441571261026E-03
30	0	40	150	3.66869103262626E-03
30	0	45	150	3.37146709662049E-03
30	0	50	150	3.09094579366627E-03
30	0	55	150	2.85478716976785E-03
30	0	60	150	2.67196901632635E-03
30	0	65	150	2.53653280169443E-03
30	0	70	150	2.43612412186386E-03
30	0	75	150	2.35996412244781E-03
30	0	80	150	2.30325337700886E-03
30	0	85	150	2.26696387788978E-03
30	0	89.9	150	2.25433351267196E-03
Spec Polar [deg.]	Spec Azimuth [deg.]	Scatter Polar [deg.]	Scatter Azimuth [deg.]	BSDF (AOI=30, AZI=160) [1/sr]
30	0	0	160	7.34964989866076E-03
30	0	5	160	6.09852621262601E-03
30	0	10	160	5.26505718291739E-03
30	0	15	160	4.74577653123554E-03
30	0	20	160	4.42783734455381E-03
30	0	25	160	4.20528657192714E-03
30	0	30	160	3.99419085197788E-03
30	0	35	160	3.74956910345936E-03
30	0	40	160	3.47121088633498E-03
30	0	45	160	3.18852429627842E-03
30	0	50	160	2.93429752165007E-03
30	0	55	160	2.72590237073583E-03
30	0	60	160	2.56164838413671E-03
30	0	65	160	2.42805727633302E-03
30	0	70	160	2.31101500716795E-03
30	0	75	160	2.20486176211516E-03
30	0	80	160	2.11501441191093E-03
30	0	85	160	2.0535271235561E-03
30	0	89.9	160	2.03157194610107E-03
Spec Polar [deg.]	Spec Azimuth [deg.]	Scatter Polar [deg.]	Scatter Azimuth [deg.]	BSDF (AOI=30, AZI=170) [1/sr]
30	0	0	170	7.34964989866076E-03
30	0	5	170	6.05173382028626E-03
30	0	10	170	5.20010343951058E-03
30	0	15	170	4.67098067651841E-03
30	0	20	170	4.34136205058222E-03
30	0	25	170	4.1022609303816E-03
30	0	30	170	3.87266760353379E-03
30	0	35	170	3.61439577938928E-03
30	0	40	170	3.33339938188168E-03
30	0	45	170	3.0604033082286E-03
30	0	50	170	2.82406249865858E-03
30	0	55	170	2.63458297884131E-03
30	0	60	170	2.48291106462842E-03
30	0	65	170	2.35036939010784E-03
30	0	70	170	2.22188427141891E-03
30	0	75	170	2.09584368433736E-03
30	0	80	170	1.98484906111917E-03
30	0	85	170	0.001907838468039
30	0	89.9	170	1.88026176673772E-03
Spec Polar [deg.]	Spec Azimuth [deg.]	Scatter Polar [deg.]	Scatter Azimuth [deg.]	BSDF (AOI=30, AZI=180) [1/sr]
30	0	0	180	7.34964989866076E-03
30	0	5	180	6.03613396325123E-03
30	0	10	180	5.1784553727708E-03
30	0	15	180	4.64575695134203E-03
30	0	20	180	4.31161184449217E-03
30	0	25	180	4.06614750029726E-03
30	0	30	180	3.82958090532867E-03
30	0	35	180	3.56624193928054E-03
30	0	40	180	3.28423087195215E-03
30	0	45	180	3.01462928032168E-03
30	0	50	180	2.7845707998973E-03
30	0	55	180	2.60173599702915E-03
30	0	60	180	2.4544790444835E-03
30	0	65	180	2.3222849199896E-03
30	0	70	180	2.18979135773178E-03
30	0	75	180	2.05691696281211E-03
30	0	80	180	1.93881904255663E-03
30	0	85	180	1.85670761288226E-03
30	0	89.9	180	1.82730915868611E-03
AOI	40	deg.
FRED TIS integral (0-1)	2.84136653550933E-02
Spec Polar [deg.]	Spec Azimuth [deg.]	Scatter Polar [deg.]	Scatter Azimuth [deg.]	BSDF (AOI=40, AZI=0) [1/sr]
40	0	0	0	5.73025976022398E-03
40	0	5	0	6.97892968030552E-03
40	0	10	0	8.88586814747282E-03
40	0	15	0	1.16589318876733E-02
40	0	20	0	1.54537757263324E-02
40	0	25	0	2.02307913116309E-02
40	0	30	0	2.55708855438276E-02
40	0	35	0	3.06159881880364E-02
40	0	40	0	3.43696615039984E-02
40	0	45	0	3.63275141882989E-02
40	0	50	0	3.69358875961492E-02
40	0	55	0	3.74418865035329E-02
40	0	60	0	3.93908672112208E-02
40	0	65	0	4.43112234468196E-02
40	0	70	0	5.36038386028116E-02
40	0	75	0	6.80248327129008E-02
40	0	80	0	8.61222274740568E-02
40	0	85	0	0.102480325769528
40	0	89.9	0	0.109256668334563
Spec Polar [deg.]	Spec Azimuth [deg.]	Scatter Polar [deg.]	Scatter Azimuth [deg.]	BSDF (AOI=40, AZI=10) [1/sr]
40	0	0	10	5.73025976022398E-03
40	0	5	10	6.95283688029439E-03
40	0	10	10	8.79575446657278E-03
40	0	15	10	1.14330602980724E-02
40	0	20	10	1.49758088936464E-02
40	0	25	10	0.019346985816551
40	0	30	10	2.41353714444443E-02
40	0	35	10	2.85714826696483E-02
40	0	40	10	3.18071505408231E-02
40	0	45	10	3.34475369661342E-02
40	0	50	10	3.39151807766295E-02
40	0	55	10	0.034304903968836
40	0	60	10	3.59517666128834E-02
40	0	65	10	0.040151147088257
40	0	70	10	4.80403785637915E-02
40	0	75	10	6.01505289525259E-02
40	0	80	10	7.51561038289525E-02
40	0	85	10	8.85707924274994E-02
40	0	89.9	10	9.40925048806418E-02
Spec Polar [deg.]	Spec Azimuth [deg.]	Scatter Polar [deg.]	Scatter Azimuth [deg.]	BSDF (AOI=40, AZI=20) [1/sr]
40	0	0	20	5.73025976022398E-03
40	0	5	20	6.87683002670552E-03
40	0	10	20	8.53925774040668E-03
40	0	15	20	1.08068397837104E-02
40	0	20	20	1.36882411394198E-02
40	0	25	20	0.017035341737018
40	0	30	20	2.04830223935679E-02
40	0	35	20	2.34880401362347E-02
40	0	40	20	0.025539541844592
40	0	45	20	2.64703520065794E-02
40	0	50	20	2.66302921042158E-02
40	0	55	20	0.02676521010546
40	0	60	20	2.77423082387121E-02
40	0	65	20	3.03566723189852E-02
40	0	70	20	3.52182876099682E-02
40	0	75	20	0.042468444928612
40	0	80	20	5.11450224130235E-02
40	0	85	20	5.86689433771556E-02
40	0	89.9	20	0.061711633255586
Spec Polar [deg.]	Spec Azimuth [deg.]	Scatter Polar [deg.]	Scatter Azimuth [deg.]	BSDF (AOI=40, AZI=30) [1/sr]
40	0	0	30	5.73025976022398E-03
40	0	5	30	6.75731832939903E-03
40	0	10	30	8.15366439086218E-03
40	0	15	30	9.91175609023276E-03
40	0	20	30	1.19452909760035E-02
40	0	25	30	1.40739329163487E-02
40	0	30	30	1.60377101835412E-02
40	0	35	30	1.75582048195578E-02
40	0	40	30	1.84463413112138E-02
40	0	45	30	1.87121322082646E-02
40	0	50	30	1.85985878381165E-02
40	0	55	30	1.85057868546804E-02
40	0	60	30	1.88633216639074E-02
40	0	65	30	2.00301031621733E-02
40	0	70	30	2.22201246514343E-02
40	0	75	30	2.53789058625154E-02
40	0	80	30	0.028987695045953
40	0	85	30	3.19880050218216E-02
40	0	89.9	30	3.31716853460713E-02
Spec Polar [deg.]	Spec Azimuth [deg.]	Scatter Polar [deg.]	Scatter Azimuth [deg.]	BSDF (AOI=40, AZI=40) [1/sr]
40	0	0	40	5.73025976022398E-03
40	0	5	40	6.60375153004784E-03
40	0	10	40	7.68904294040607E-03
40	0	15	40	8.90691458355806E-03
40	0	20	40	1.01291805652038E-02
40	0	25	40	1.12084035333782E-02
40	0	30	40	1.20181881742641E-02
40	0	35	40	0.012486614687301
40	0	40	40	1.26146611199381E-02
40	0	45	40	1.24791323047842E-02
40	0	50	40	1.22184703393743E-02
40	0	55	40	1.20015710357506E-02
40	0	60	40	1.19888757513701E-02
40	0	65	40	1.22975658354017E-02
40	0	70	40	0.012971327844274
40	0	75	40	1.39464701143906E-02
40	0	80	40	1.50225996728055E-02
40	0	85	40	0.015883230526852
40	0	89.9	40	1.62146567437883E-02
Spec Polar [deg.]	Spec Azimuth [deg.]	Scatter Polar [deg.]	Scatter Azimuth [deg.]	BSDF (AOI=40, AZI=50) [1/sr]
40	0	0	50	5.73025976022398E-03
40	0	5	50	6.4271378588755E-03
40	0	10	50	7.19596437534193E-03
40	0	15	50	7.92886533552328E-03
40	0	20	50	8.51108128287123E-03
40	0	25	50	8.86402845363171E-03
40	0	30	50	8.97105957659652E-03
40	0	35	50	8.87129281525013E-03
40	0	40	50	8.63315715837019E-03
40	0	45	50	8.32921471197273E-03
40	0	50	50	8.02313001065794E-03
40	0	55	50	7.76613558094732E-03
40	0	60	50	7.59592826677182E-03
40	0	65	50	7.53381023129688E-03
40	0	70	50	7.57995996406451E-03
40	0	75	50	7.70934567529823E-03
40	0	80	50	7.87267049894545E-03
40	0	85	50	8.00736071214436E-03
40	0	89.9	50	8.05941113527331E-03
Spec Polar [deg.]	Spec Azimuth [deg.]	Scatter Polar [deg.]	Scatter Azimuth [deg.]	BSDF (AOI=40, AZI=60) [1/sr]
40	0	0	60	5.73025976022398E-03
40	0	5	60	6.23854858936796E-03
40	0	10	60	6.71608783822547E-03
40	0	15	60	7.06562440817116E-03
40	0	20	60	7.21498644338401E-03
40	0	25	60	7.14870995876746E-03
40	0	30	60	6.9095166926057E-03
40	0	35	60	6.57101330001872E-03
40	0	40	60	6.20412685931323E-03
40	0	45	60	5.85704498320077E-03
40	0	50	60	5.5523321136068E-03
40	0	55	60	0.00529423370183
40	0	60	60	5.07825910266009E-03
40	0	65	60	4.89846934329947E-03
40	0	70	60	4.75109288094161E-03
40	0	75	60	4.63507831106026E-03
40	0	80	60	4.55105971952499E-03
40	0	85	60	4.50011878675818E-03
40	0	89.9	60	4.48305466757414E-03
Spec Polar [deg.]	Spec Azimuth [deg.]	Scatter Polar [deg.]	Scatter Azimuth [deg.]	BSDF (AOI=40, AZI=70) [1/sr]
40	0	0	70	5.73025976022398E-03
40	0	5	70	6.04791626234143E-03
40	0	10	70	6.27765543370738E-03
40	0	15	70	6.35583541101058E-03
40	0	20	70	6.25371513141753E-03
40	0	25	70	5.99093214920087E-03
40	0	30	70	5.62417339658444E-03
40	0	35	70	5.22030494546574E-03
40	0	40	70	4.83226005315501E-03
40	0	45	70	4.4885251076468E-03
40	0	50	70	4.19523447445647E-03
40	0	55	70	3.94461987231542E-03
40	0	60	70	3.72449741300209E-03
40	0	65	70	3.52577905351979E-03
40	0	70	70	3.34645202452765E-03
40	0	75	70	3.19163228537431E-03
40	0	80	70	3.0706921232307E-03
40	0	85	70	2.99340451419558E-03
40	0	89.9	70	2.96681219264085E-03
Spec Polar [deg.]	Spec Azimuth [deg.]	Scatter Polar [deg.]	Scatter Azimuth [deg.]	BSDF (AOI=40, AZI=80) [1/sr]
40	0	0	80	5.73025976022398E-03
40	0	5	80	5.86329166379607E-03
40	0	10	80	5.89542202606408E-03
40	0	15	80	5.80162780808551E-03
40	0	20	80	5.58146005595165E-03
40	0	25	80	5.26098390466951E-03
40	0	30	80	4.8830387919938E-03
40	0	35	80	4.49207614085462E-03
40	0	40	80	4.12195527756085E-03
40	0	45	80	3.79107498997082E-03
40	0	50	80	3.50407108492957E-03
40	0	55	80	3.25693225223865E-03
40	0	60	80	3.04266512313622E-03
40	0	65	80	2.85573905281478E-03
40	0	70	80	2.69444305440478E-03
40	0	75	80	2.56102953749642E-03
40	0	80	80	2.46023660793719E-03
40	0	85	80	2.39721277681173E-03
40	0	89.9	80	2.37575549017264E-03
Spec Polar [deg.]	Spec Azimuth [deg.]	Scatter Polar [deg.]	Scatter Azimuth [deg.]	BSDF (AOI=40, AZI=90) [1/sr]
40	0	0	90	5.73025976022398E-03
40	0	5	90	5.69057505063991E-03
40	0	10	90	5.57328374183013E-03
40	0	15	90	5.38386389288212E-03
40	0	20	90	5.13186978342121E-03
40	0	25	90	4.83096917306172E-03
40	0	30	90	4.49819032712917E-03
40	0	35	90	4.15226096913111E-03
40	0	40	90	3.81138769330326E-03
40	0	45	90	3.49112049156332E-03
40	0	50	90	3.20290284021226E-03
40	0	55	90	2.95358723883426E-03
40	0	60	90	2.74582190261781E-03
40	0	65	90	2.57898543738717E-03
40	0	70	90	2.45031902619044E-03
40	0	75	90	2.3560101216526E-03
40	0	80	90	2.29211191256782E-03
40	0	85	90	2.25526909675518E-03
40	0	89.9	90	2.24325351064181E-03
Spec Polar [deg.]	Spec Azimuth [deg.]	Scatter Polar [deg.]	Scatter Azimuth [deg.]	BSDF (AOI=40, AZI=100) [1/sr]
40	0	0	100	5.73025976022398E-03
40	0	5	100	5.53363017621362E-03
40	0	10	100	5.3078783742838E-03
40	0	15	100	5.07417669950474E-03
40	0	20	100	4.83765059648876E-03
40	0	25	100	4.59151284770192E-03
40	0	30	100	4.32537325086088E-03
40	0	35	100	4.03418422997508E-03
40	0	40	100	3.72393423841022E-03
40	0	45	100	3.41144026814795E-03
40	0	50	100	3.11880588111135E-03
40	0	55	100	2.86612857943947E-03
40	0	60	100	2.66625673601476E-03
40	0	65	100	2.52305688282749E-03
40	0	70	100	2.4323234858685E-03
40	0	75	100	2.38387712933051E-03
40	0	80	100	2.36415622908022E-03
40	0	85	100	2.35936058757978E-03
40	0	89.9	100	2.3590630319678E-03
Spec Polar [deg.]	Spec Azimuth [deg.]	Scatter Polar [deg.]	Scatter Azimuth [deg.]	BSDF (AOI=40, AZI=110) [1/sr]
40	0	0	110	5.73025976022398E-03
40	0	5	110	5.39464139807679E-03
40	0	10	110	5.09203580979444E-03
40	0	15	110	4.84298713582352E-03
40	0	20	110	4.63907108241484E-03
40	0	25	110	4.45233062564248E-03
40	0	30	110	4.24933882564652E-03
40	0	35	110	4.00680585587444E-03
40	0	40	110	3.72292812991694E-03
40	0	45	110	3.41821676210817E-03
40	0	50	110	3.12544921555558E-03
40	0	55	110	2.87585477148668E-03
40	0	60	110	2.68958762671197E-03
40	0	65	110	2.57301739531636E-03
40	0	70	110	2.52029963328311E-03
40	0	75	110	2.51611995611589E-03
40	0	80	110	2.53882099013857E-03
40	0	85	110	2.56499870831255E-03
40	0	89.9	110	0.002576096006479
Spec Polar [deg.]	Spec Azimuth [deg.]	Scatter Polar [deg.]	Scatter Azimuth [deg.]	BSDF (AOI=40, AZI=120) [1/sr]
40	0	0	120	5.73025976022398E-03
40	0	5	120	5.27457436320548E-03
40	0	10	120	4.91755321757937E-03
40	0	15	120	4.66458217760486E-03
40	0	20	120	4.48863773053557E-03
40	0	25	120	4.34334566594208E-03
40	0	30	120	4.17978489799468E-03
40	0	35	120	3.96549760017031E-03
40	0	40	120	3.69794685691081E-03
40	0	45	120	3.4033801511937E-03
40	0	50	120	3.12171225180491E-03
40	0	55	120	2.88860038655689E-03
40	0	60	120	2.72504484007724E-03
40	0	65	120	2.63588443950771E-03
40	0	70	120	2.61263136968873E-03
40	0	75	120	0.00263679135997
40	0	80	120	0.002683249010784
40	0	85	120	2.72531005700167E-03
40	0	89.9	120	2.74199718210715E-03
Spec Polar [deg.]	Spec Azimuth [deg.]	Scatter Polar [deg.]	Scatter Azimuth [deg.]	BSDF (AOI=40, AZI=130) [1/sr]
40	0	0	130	5.73025976022398E-03
40	0	5	130	5.17362939923421E-03
40	0	10	130	4.77712382172886E-03
40	0	15	130	4.52019217760054E-03
40	0	20	130	4.3548916431127E-03
40	0	25	130	4.22032053701832E-03
40	0	30	130	4.06085527221023E-03
40	0	35	130	3.84602888990495E-03
40	0	40	130	3.58110534363572E-03
40	0	45	130	3.29944730510301E-03
40	0	50	130	3.0422704350056E-03
40	0	55	130	2.84059199062071E-03
40	0	60	130	2.70803441574117E-03
40	0	65	130	2.64246237360232E-03
40	0	70	130	2.63078103571582E-03
40	0	75	130	2.65367739950198E-03
40	0	80	130	2.68991159351109E-03
40	0	85	130	2.72045788189718E-03
40	0	89.9	130	2.7321921656897E-03
Spec Polar [deg.]	Spec Azimuth [deg.]	Scatter Polar [deg.]	Scatter Azimuth [deg.]	BSDF (AOI=40, AZI=140) [1/sr]
40	0	0	140	5.73025976022398E-03
40	0	5	140	5.09161607362584E-03
40	0	10	140	4.66540487803303E-03
40	0	15	140	4.39928064226024E-03
40	0	20	140	4.22436449512747E-03
40	0	25	140	4.06959210983721E-03
40	0	30	140	3.88110015316791E-03
40	0	35	140	3.64030204244176E-03
40	0	40	140	3.36643706286504E-03
40	0	45	140	3.09932477982669E-03
40	0	50	140	2.87567415343688E-03
40	0	55	140	2.71463319399583E-03
40	0	60	140	2.61608036345257E-03
40	0	65	140	2.56630835956087E-03
40	0	70	140	2.54600968744069E-03
40	0	75	140	2.53800702082214E-03
40	0	80	140	0.002532477528017
40	0	85	140	2.52752739762477E-03
40	0	89.9	140	2.52538978460727E-03
Spec Polar [deg.]	Spec Azimuth [deg.]	Scatter Polar [deg.]	Scatter Azimuth [deg.]	BSDF (AOI=40, AZI=150) [1/sr]
40	0	0	150	5.73025976022398E-03
40	0	5	150	5.02821621624439E-03
40	0	10	150	4.57929751621686E-03
40	0	15	150	4.29895593784929E-03
40	0	20	150	4.0996896373502E-03
40	0	25	150	3.9048438525989E-03
40	0	30	150	3.66869103262627E-03
40	0	35	150	3.38977941287477E-03
40	0	40	150	3.10228187836082E-03
40	0	45	150	2.84960348685883E-03
40	0	50	150	2.66041804556233E-03
40	0	55	150	2.53959786030345E-03
40	0	60	150	2.4714845241296E-03
40	0	65	150	2.42930216226763E-03
40	0	70	150	2.38769007099217E-03
40	0	75	150	2.33462443519053E-03
40	0	80	150	2.2759545234094E-03
40	0	85	150	2.22914879483221E-03
40	0	89.9	150	2.21127194173835E-03
Spec Polar [deg.]	Spec Azimuth [deg.]	Scatter Polar [deg.]	Scatter Azimuth [deg.]	BSDF (AOI=40, AZI=160) [1/sr]
40	0	0	160	5.73025976022398E-03
40	0	5	160	4.98313512731474E-03
40	0	10	160	4.5176032009194E-03
40	0	15	160	4.22174721682926E-03
40	0	20	160	3.9937513257088E-03
40	0	25	160	3.75524746346629E-03
40	0	30	160	3.47121088633499E-03
40	0	35	160	3.15675322537237E-03
40	0	40	160	2.85749038944158E-03
40	0	45	160	2.61718098903652E-03
40	0	50	160	2.45614240952044E-03
40	0	55	160	2.36712022260655E-03
40	0	60	160	2.32149956472971E-03
40	0	65	160	2.28138985059543E-03
40	0	70	160	2.2171296347141E-03
40	0	75	160	2.1233041767337E-03
40	0	80	160	2.02059394724522E-03
40	0	85	160	1.94135645400137E-03
40	0	89.9	160	1.91175216783197E-03
Spec Polar [deg.]	Spec Azimuth [deg.]	Scatter Polar [deg.]	Scatter Azimuth [deg.]	BSDF (AOI=40, AZI=170) [1/sr]
40	0	0	170	5.73025976022398E-03
40	0	5	170	4.95616360918186E-03
40	0	10	170	4.4803110693901E-03
40	0	15	170	4.17252504037949E-03
40	0	20	170	3.92215886200452E-03
40	0	25	170	3.65119585264711E-03
40	0	30	170	3.33339938188167E-03
40	0	35	170	2.99533893653528E-03
40	0	40	170	2.68907421450391E-03
40	0	45	170	2.45715437676765E-03
40	0	50	170	2.31389032923653E-03
40	0	55	170	2.24441146816345E-03
40	0	60	170	2.21201575879862E-03
40	0	65	170	2.17174066650764E-03
40	0	70	170	2.09169972072448E-03
40	0	75	170	1.97189987422613E-03
40	0	80	170	1.84303452011924E-03
40	0	85	170	1.74572035646345E-03
40	0	89.9	170	1.70983583416156E-03
Spec Polar [deg.]	Spec Azimuth [deg.]	Scatter Polar [deg.]	Scatter Azimuth [deg.]	BSDF (AOI=40, AZI=180) [1/sr]
40	0	0	180	5.73025976022398E-03
40	0	5	180	4.94718522771537E-03
40	0	10	180	4.46781267158113E-03
40	0	15	180	4.15556411203999E-03
40	0	20	180	3.89683419247157E-03
40	0	25	180	3.61401388745453E-03
40	0	30	180	3.28423087195216E-03
40	0	35	180	2.9380827437222E-03
40	0	40	180	2.62960987266447E-03
40	0	45	180	2.4006639703787E-03
40	0	50	180	2.26340406006776E-03
40	0	55	180	2.20042085906353E-03
40	0	60	180	2.17232250984992E-03
40	0	65	180	2.13176811736432E-03
40	0	70	180	2.04623235193835E-03
40	0	75	180	1.91778968483608E-03
40	0	80	180	1.78058981840368E-03
40	0	85	180	1.67775628873909E-03
40	0	89.9	180	1.64000837636501E-03
AOI	50	deg.
FRED TIS integral (0-1)	3.58063237874459E-02
Spec Polar [deg.]	Spec Azimuth [deg.]	Scatter Polar [deg.]	Scatter Azimuth [deg.]	BSDF (AOI=50, AZI=0) [1/sr]
50	0	0	0	5.09177378038555E-03
50	0	5	0	6.14477560074709E-03
50	0	10	0	7.7917624836598E-03
50	0	15	0	1.02771758179775E-02
50	0	20	0	1.38417500604572E-02
50	0	25	0	1.86062403729866E-02
50	0	30	0	2.44105601100196E-02
50	0	35	0	3.07422265560914E-02
50	0	40	0	3.69358875961492E-02
50	0	45	0	4.26421677922419E-02
50	0	50	0	4.82664609136973E-02
50	0	55	0	5.50917842948792E-02
50	0	60	0	0.065154799894353
50	0	65	0	0.081077340773002
50	0	70	0	0.105628966309817
50	0	75	0	0.140123272971021
50	0	80	0	0.180938728023478
50	0	85	0	0.216455479439677
50	0	89.9	0	0.230879612676519
Spec Polar [deg.]	Spec Azimuth [deg.]	Scatter Polar [deg.]	Scatter Azimuth [deg.]	BSDF (AOI=50, AZI=10) [1/sr]
50	0	0	10	5.09177378038555E-03
50	0	5	10	6.12213733368374E-03
50	0	10	10	7.71180487214649E-03
50	0	15	10	1.00725471466267E-02
50	0	20	10	1.33976063756385E-02
50	0	25	10	1.77566768899136E-02
50	0	30	10	2.29648014623056E-02
50	0	35	10	2.85436139178336E-02
50	0	40	10	3.39151807766295E-02
50	0	45	10	0.038802616495683
50	0	50	10	4.35794476585484E-02
50	0	55	10	4.93441949373527E-02
50	0	60	10	5.77874056120471E-02
50	0	65	10	7.10126011917134E-02
50	0	70	10	9.11310126004438E-02
50	0	75	10	0.11896028536311
50	0	80	10	0.151389751282246
50	0	85	10	0.179264900248868
50	0	89.9	10	0.190508421133629
Spec Polar [deg.]	Spec Azimuth [deg.]	Scatter Polar [deg.]	Scatter Azimuth [deg.]	BSDF (AOI=50, AZI=20) [1/sr]
50	0	0	20	5.09177378038555E-03
50	0	5	20	6.05624018897548E-03
50	0	10	20	7.48441693589552E-03
50	0	15	20	9.50591003082079E-03
50	0	20	20	1.22035120959754E-02
50	0	25	20	1.55418804301951E-02
50	0	30	20	1.93061751925813E-02
50	0	35	20	2.31248477736106E-02
50	0	40	20	2.66302921042158E-02
50	0	45	20	2.97010532187485E-02
50	0	50	20	0.032629522249574
50	0	55	20	3.61152351073048E-02
50	0	60	20	4.11388494935444E-02
50	0	65	20	4.88000756891908E-02
50	0	70	20	6.00304396242555E-02
50	0	75	20	7.49093323441654E-02
50	0	80	20	9.15254477843317E-02
50	0	85	20	0.105327360898048
50	0	89.9	20	0.110789081091758
Spec Polar [deg.]	Spec Azimuth [deg.]	Scatter Polar [deg.]	Scatter Azimuth [deg.]	BSDF (AOI=50, AZI=30) [1/sr]
50	0	0	30	5.09177378038555E-03
50	0	5	30	5.95277359120734E-03
50	0	10	30	7.14319115955642E-03
50	0	15	30	8.69789166268675E-03
50	0	20	30	1.05930783748738E-02
50	0	25	30	1.27218519847568E-02
50	0	30	30	1.48977024035482E-02
50	0	35	30	1.69063152592626E-02
50	0	40	30	1.85985878381165E-02
50	0	45	30	1.99803828356324E-02
50	0	50	30	0.021245478332474
50	0	55	30	2.27364058514033E-02
50	0	60	30	2.48639005926333E-02
50	0	65	30	2.80122364309362E-02
50	0	70	30	3.24063789750834E-02
50	0	75	30	3.78895336409264E-02
50	0	80	30	4.36555614321553E-02
50	0	85	30	4.82172531382705E-02
50	0	89.9	30	4.99738475295545E-02
Spec Polar [deg.]	Spec Azimuth [deg.]	Scatter Polar [deg.]	Scatter Azimuth [deg.]	BSDF (AOI=50, AZI=40) [1/sr]
50	0	0	40	5.09177378038555E-03
50	0	5	40	5.8201153715914E-03
50	0	10	40	6.73314892427486E-03
50	0	15	40	7.79383729236202E-03
50	0	20	40	8.92342732723844E-03
50	0	25	40	1.00151301133709E-02
50	0	30	40	1.09639264246819E-02
50	0	35	40	1.17011207632432E-02
50	0	40	40	1.22184703393743E-02
50	0	45	40	1.25727219019732E-02
50	0	50	40	1.28710836554641E-02
50	0	55	40	1.32448964474089E-02
50	0	60	40	1.38195346541479E-02
50	0	65	40	0.014683540289522
50	0	70	40	1.58539686653349E-02
50	0	75	40	0.01723775172497
50	0	80	40	0.018608142492953
50	0	85	40	0.01963888651273
50	0	89.9	40	2.00245636742586E-02
Spec Polar [deg.]	Spec Azimuth [deg.]	Scatter Polar [deg.]	Scatter Azimuth [deg.]	BSDF (AOI=50, AZI=50) [1/sr]
50	0	0	50	5.09177378038555E-03
50	0	5	50	5.66800452283566E-03
50	0	10	50	6.29963206967408E-03
50	0	15	50	6.91765500046421E-03
50	0	20	50	7.44436288290335E-03
50	0	25	50	7.82026990880529E-03
50	0	30	50	8.02447191227366E-03
50	0	35	50	8.07671002951856E-03
50	0	40	50	8.02313001065793E-03
50	0	45	50	7.91744946796066E-03
50	0	50	50	7.80742205512126E-03
50	0	55	50	7.72886693840923E-03
50	0	60	50	7.7042853700708E-03
50	0	65	50	7.74250516032401E-03
50	0	70	50	7.83786355086234E-03
50	0	75	50	7.9698586385932E-03
50	0	80	50	8.10569354057879E-03
50	0	85	50	8.2078117597373E-03
50	0	89.9	50	8.24575817123386E-03
Spec Polar [deg.]	Spec Azimuth [deg.]	Scatter Polar [deg.]	Scatter Azimuth [deg.]	BSDF (AOI=50, AZI=60) [1/sr]
50	0	0	60	5.09177378038555E-03
50	0	5	60	5.50620355360509E-03
50	0	10	60	5.87984178769957E-03
50	0	15	60	6.14840124417459E-03
50	0	20	60	6.26674259566805E-03
50	0	25	60	6.22759661990598E-03
50	0	30	60	6.06163516567429E-03
50	0	35	60	5.82000133153086E-03
50	0	40	60	5.5523321136068E-03
50	0	45	60	5.29250985343592E-03
50	0	50	60	5.05560512184099E-03
50	0	55	60	4.84269807918068E-03
50	0	60	60	4.64867598257509E-03
50	0	65	60	4.46925439849815E-03
50	0	70	60	4.30506209204188E-03
50	0	75	60	4.16218969785436E-03
50	0	80	60	4.05004469514227E-03
50	0	85	60	3.97815398168905E-03
50	0	89.9	60	3.95337815602025E-03
Spec Polar [deg.]	Spec Azimuth [deg.]	Scatter Polar [deg.]	Scatter Azimuth [deg.]	BSDF (AOI=50, AZI=70) [1/sr]
50	0	0	70	5.09177378038555E-03
50	0	5	70	5.34342517634603E-03
50	0	10	70	5.49884554069634E-03
50	0	15	70	5.52010871507295E-03
50	0	20	70	5.39865588440631E-03
50	0	25	70	5.15934573683885E-03
50	0	30	70	4.84864847081069E-03
50	0	35	70	4.51534594547576E-03
50	0	40	70	4.19523447445647E-03
50	0	45	70	3.90549150645182E-03
50	0	50	70	3.64741466588995E-03
50	0	55	70	3.41346946615663E-03
50	0	60	70	3.19504610570213E-03
50	0	65	70	2.98837517896247E-03
50	0	70	70	2.79696724187688E-03
50	0	75	70	2.63032602266394E-03
50	0	80	70	2.50036483452489E-03
50	0	85	70	2.41771507592398E-03
50	0	89.9	70	2.38937811443118E-03
Spec Polar [deg.]	Spec Azimuth [deg.]	Scatter Polar [deg.]	Scatter Azimuth [deg.]	BSDF (AOI=50, AZI=80) [1/sr]
50	0	0	80	5.09177378038555E-03
50	0	5	80	5.18667015158043E-03
50	0	10	80	5.16957480691119E-03
50	0	15	80	5.03395833585301E-03
50	0	20	80	4.79571984269735E-03
50	0	25	80	4.48809827510307E-03
50	0	30	80	4.15013940375262E-03
50	0	35	80	3.8151420466525E-03
50	0	40	80	3.50407108492956E-03
50	0	45	80	3.22494344124473E-03
50	0	50	80	2.97632395374521E-03
50	0	55	80	2.75243958077419E-03
50	0	60	80	2.54796452560233E-03
50	0	65	80	2.3611787150189E-03
50	0	70	80	2.19484827504389E-03
50	0	75	80	2.05503829483134E-03
50	0	80	80	1.94888447068718E-03
50	0	85	80	1.88254167539469E-03
50	0	89.9	80	1.85998733435709E-03
Spec Polar [deg.]	Spec Azimuth [deg.]	Scatter Polar [deg.]	Scatter Azimuth [deg.]	BSDF (AOI=50, AZI=90) [1/sr]
50	0	0	90	5.09177378038555E-03
50	0	5	90	5.04098930657455E-03
50	0	10	90	4.89521175505771E-03
50	0	15	90	4.67228531560318E-03
50	0	20	90	4.3965417093071E-03
50	0	25	90	4.0931650647529E-03
50	0	30	90	3.78370573252306E-03
50	0	35	90	3.48378156988699E-03
50	0	40	90	3.20290284021226E-03
50	0	45	90	2.94569693940119E-03
50	0	50	90	2.71368316963675E-03
50	0	55	90	2.50694418162666E-03
50	0	60	90	2.32532892585974E-03
50	0	65	90	2.16907931277562E-03
50	0	70	90	2.03896065396295E-03
50	0	75	90	1.93608148431494E-03
50	0	80	90	1.86160556822463E-03
50	0	85	90	1.81650271811814E-03
50	0	89.9	90	1.80140334548971E-03
Spec Polar [deg.]	Spec Azimuth [deg.]	Scatter Polar [deg.]	Scatter Azimuth [deg.]	BSDF (AOI=50, AZI=100) [1/sr]
50	0	0	100	5.09177378038555E-03
50	0	5	100	4.90958793125136E-03
50	0	10	100	4.67240427822391E-03
50	0	15	100	4.40936662027871E-03
50	0	20	100	4.14024121356892E-03
50	0	25	100	3.87470968378591E-03
50	0	30	100	3.61552218959494E-03
50	0	35	100	3.3630119620768E-03
50	0	40	100	3.11880588111135E-03
50	0	45	100	2.88743665341187E-03
50	0	50	100	2.6757012932336E-03
50	0	55	100	2.49064058300453E-03
50	0	60	100	2.33742057935745E-03
50	0	65	100	2.2180444615389E-03
50	0	70	100	2.13114364002763E-03
50	0	75	100	2.07262908089417E-03
50	0	80	100	2.03688595950232E-03
50	0	85	100	2.01825909266076E-03
50	0	89.9	100	2.01256677437999E-03
Spec Polar [deg.]	Spec Azimuth [deg.]	Scatter Polar [deg.]	Scatter Azimuth [deg.]	BSDF (AOI=50, AZI=110) [1/sr]
50	0	0	110	5.09177378038555E-03
50	0	5	110	4.79414859967575E-03
50	0	10	110	4.49432148054528E-03
50	0	15	110	4.2184008654498E-03
50	0	20	110	3.97336946849582E-03
50	0	25	110	3.75235579224444E-03
50	0	30	110	3.54282439770239E-03
50	0	35	110	3.33463766383959E-03
50	0	40	110	3.12544921555558E-03
50	0	45	110	2.92170478061722E-03
50	0	50	110	2.73546069385201E-03
50	0	55	110	2.57928580025843E-03
50	0	60	110	2.46193338719594E-03
50	0	65	110	2.3861311407704E-03
50	0	70	110	2.34829705598476E-03
50	0	75	110	2.33949020061159E-03
50	0	80	110	2.34729831397621E-03
50	0	85	110	2.35872360988648E-03
50	0	89.9	110	2.36378367799822E-03
Spec Polar [deg.]	Spec Azimuth [deg.]	Scatter Polar [deg.]	Scatter Azimuth [deg.]	BSDF (AOI=50, AZI=120) [1/sr]
50	0	0	120	5.09177378038555E-03
50	0	5	120	4.69524912834987E-03
50	0	10	120	4.35310977229219E-03
50	0	15	120	4.07582484691493E-03
50	0	20	120	3.85325303782633E-03
50	0	25	120	3.66411496968564E-03
50	0	30	120	3.48634400789941E-03
50	0	35	120	3.30596024304986E-03
50	0	40	120	3.1217122518049E-03
50	0	45	120	2.94373879133923E-03
50	0	50	120	2.78760086466436E-03
50	0	55	120	2.66744233513711E-03
50	0	60	120	2.59140930057275E-03
50	0	65	120	2.56000444784965E-03
50	0	70	120	2.56641225793649E-03
50	0	75	120	2.59788762405663E-03
50	0	80	120	2.63808898454277E-03
50	0	85	120	2.67055043365992E-03
50	0	89.9	120	2.68290227173662E-03
Spec Polar [deg.]	Spec Azimuth [deg.]	Scatter Polar [deg.]	Scatter Azimuth [deg.]	BSDF (AOI=50, AZI=130) [1/sr]
50	0	0	130	5.09177378038555E-03
50	0	5	130	4.61277758303988E-03
50	0	10	130	4.24162186545111E-03
50	0	15	130	3.9639499962968E-03
50	0	20	130	3.75079815850047E-03
50	0	25	130	3.56978250231274E-03
50	0	30	130	3.39572324125961E-03
50	0	35	130	3.21813707785023E-03
50	0	40	130	3.0422704350056E-03
50	0	45	130	2.8832546671023E-03
50	0	50	130	2.75729822579203E-03
50	0	55	130	2.67481082694303E-03
50	0	60	130	2.63758365737062E-03
50	0	65	130	2.63930087601803E-03
50	0	70	130	2.6679218552385E-03
50	0	75	130	2.70892683182382E-03
50	0	80	130	2.74861640934152E-03
50	0	85	130	2.77654424997275E-03
50	0	89.9	130	2.78651620991743E-03
Spec Polar [deg.]	Spec Azimuth [deg.]	Scatter Polar [deg.]	Scatter Azimuth [deg.]	BSDF (AOI=50, AZI=140) [1/sr]
50	0	0	140	5.09177378038555E-03
50	0	5	140	4.54628032997598E-03
50	0	10	140	4.15441378104621E-03
50	0	15	140	3.87217551498317E-03
50	0	20	140	3.65216031859233E-03
50	0	25	140	3.45462678297402E-03
50	0	30	140	3.25728571275016E-03
50	0	35	140	3.05923388580442E-03
50	0	40	140	2.87567415343688E-03
50	0	45	140	2.7264272700473E-03
50	0	50	140	2.62525725129207E-03
50	0	55	140	2.57450420423613E-03
50	0	60	140	2.56502474330786E-03
50	0	65	140	2.57988454227488E-03
50	0	70	140	2.60063368006917E-03
50	0	75	140	2.61424257244161E-03
50	0	80	140	2.61721265106741E-03
50	0	85	140	2.61418571905303E-03
50	0	89.9	140	2.61212380316087E-03
Spec Polar [deg.]	Spec Azimuth [deg.]	Scatter Polar [deg.]	Scatter Azimuth [deg.]	BSDF (AOI=50, AZI=150) [1/sr]
50	0	0	150	5.09177378038555E-03
50	0	5	150	4.49521263507145E-03
50	0	10	150	4.08806293585203E-03
50	0	15	150	3.79666018160676E-03
50	0	20	150	3.55746947440122E-03
50	0	25	150	3.32721852827357E-03
50	0	30	150	3.09094579366627E-03
50	0	35	150	2.86028625537196E-03
50	0	40	150	2.66041804556232E-03
50	0	45	150	2.51377717724931E-03
50	0	50	150	2.42945091584583E-03
50	0	55	150	2.40019667291387E-03
50	0	60	150	2.4048557530543E-03
50	0	65	150	2.41533778614587E-03
50	0	70	150	2.40797311848252E-03
50	0	75	150	2.37472271561706E-03
50	0	80	150	2.32625604388452E-03
50	0	85	150	2.28402285940676E-03
50	0	89.9	150	2.26742529484452E-03
Spec Polar [deg.]	Spec Azimuth [deg.]	Scatter Polar [deg.]	Scatter Azimuth [deg.]	BSDF (AOI=50, AZI=160) [1/sr]
50	0	0	160	5.09177378038555E-03
50	0	5	160	4.45908953990713E-03
50	0	10	160	4.04093139149017E-03
50	0	15	160	3.73855916346685E-03
50	0	20	160	3.47618852395004E-03
50	0	25	160	3.21010342306044E-03
50	0	30	160	2.93429752165006E-03
50	0	35	160	2.67214862304417E-03
50	0	40	160	2.45614240952045E-03
50	0	45	160	2.3089134389758E-03
50	0	50	160	2.23435432301938E-03
50	0	55	160	2.21699717360942E-03
50	0	60	160	2.22596336685986E-03
50	0	65	160	2.22459793730445E-03
50	0	70	160	2.18663373504518E-03
50	0	75	160	0.002110608384402
50	0	80	160	2.01991371205219E-03
50	0	85	160	1.94787870565144E-03
50	0	89.9	160	1.9206994629384E-03
Spec Polar [deg.]	Spec Azimuth [deg.]	Scatter Polar [deg.]	Scatter Azimuth [deg.]	BSDF (AOI=50, AZI=170) [1/sr]
50	0	0	170	5.09177378038555E-03
50	0	5	170	4.43755519287689E-03
50	0	10	170	4.01258121357678E-03
50	0	15	170	3.70141942761484E-03
50	0	20	170	3.42078745719063E-03
50	0	25	170	3.12793710808082E-03
50	0	30	170	2.82406249865857E-03
50	0	35	170	2.5405695583156E-03
50	0	40	170	2.31389032923653E-03
50	0	45	170	2.16568830501485E-03
50	0	50	170	2.09593991575118E-03
50	0	55	170	2.08394452106941E-03
50	0	60	170	2.0929562229779E-03
50	0	65	170	2.0814545238529E-03
50	0	70	170	2.02257464852508E-03
50	0	75	170	1.92013115111322E-03
50	0	80	170	1.80549821653197E-03
50	0	85	170	1.71778380655531E-03
50	0	89.9	170	1.68528953071713E-03
Spec Polar [deg.]	Spec Azimuth [deg.]	Scatter Polar [deg.]	Scatter Azimuth [deg.]	BSDF (AOI=50, AZI=180) [1/sr]
50	0	0	180	5.09177378038555E-03
50	0	5	180	4.43039989140202E-03
50	0	10	180	4.00309994578592E-03
50	0	15	180	3.68859470759849E-03
50	0	20	180	3.40109964179052E-03
50	0	25	180	3.09844709992777E-03
50	0	30	180	2.7845707998973E-03
50	0	35	180	2.49368744936637E-03
50	0	40	180	2.26340406006776E-03
50	0	45	180	2.11483324357125E-03
50	0	50	180	2.0465136240858E-03
50	0	55	180	2.03598656816035E-03
50	0	60	180	2.04460010539386E-03
50	0	65	180	2.02932261061823E-03
50	0	70	180	1.96330268821824E-03
50	0	75	180	1.85232360505466E-03
50	0	80	180	1.73037199331751E-03
50	0	85	180	1.63811579133253E-03
50	0	89.9	180	1.60413705521648E-03
AOI	60	deg.
FRED TIS integral (0-1)	4.60396529319063E-02
Spec Polar [deg.]	Spec Azimuth [deg.]	Scatter Polar [deg.]	Scatter Azimuth [deg.]	BSDF (AOI=60, AZI=0) [1/sr]
60	0	0	0	4.75099654303627E-03
60	0	5	0	5.8492158410187E-03
60	0	10	0	7.52935143705429E-03
60	0	15	0	1.00250873717319E-02
60	0	20	0	1.35503126183324E-02
60	0	25	0	1.82200833371495E-02
60	0	30	0	2.40268994433617E-02
60	0	35	0	3.09781341127026E-02
60	0	40	0	3.93908672112207E-02
60	0	45	0	5.02000808361945E-02
60	0	50	0	0.065154799894353
60	0	55	0	0.086867330904105
60	0	60	0	0.118587369030917
60	0	65	0	0.163303637800374
60	0	70	0	0.22174071884461
60	0	75	0	0.289605242175415
60	0	80	0	0.355973731911675
60	0	85	0	0.405337662240649
60	0	89.9	0	0.423674620205183
Spec Polar [deg.]	Spec Azimuth [deg.]	Scatter Polar [deg.]	Scatter Azimuth [deg.]	BSDF (AOI=60, AZI=10) [1/sr]
60	0	0	10	4.75099654303627E-03
60	0	5	10	5.82557889601723E-03
60	0	10	10	7.44685688765944E-03
60	0	15	10	9.81621092187092E-03
60	0	20	10	1.31018806159137E-02
60	0	25	10	1.73687931404108E-02
60	0	30	10	2.25688599487204E-02
60	0	35	10	2.86772858700689E-02
60	0	40	10	3.59517666128835E-02
60	0	45	10	4.51765655422111E-02
60	0	50	10	5.77874056120475E-02
60	0	55	10	7.58574477153601E-02
60	0	60	10	0.1018507351619
60	0	65	10	0.137857137872609
60	0	70	10	0.184050627914827
60	0	75	10	0.236747896438233
60	0	80	10	0.287493091290232
60	0	85	10	0.324808250064987
60	0	89.9	10	0.338585656783539
Spec Polar [deg.]	Spec Azimuth [deg.]	Scatter Polar [deg.]	Scatter Azimuth [deg.]	BSDF (AOI=60, AZI=20) [1/sr]
60	0	0	20	4.75099654303627E-03
60	0	5	20	5.75674664670933E-03
60	0	10	20	7.21215469767895E-03
60	0	15	20	9.23763662258575E-03
60	0	20	20	1.18959784445864E-02
60	0	25	20	1.51494325638099E-02
60	0	30	20	1.88828888975546E-02
60	0	35	20	2.30293995031005E-02
60	0	40	20	2.77423082387121E-02
60	0	45	20	3.35063890565303E-02
60	0	50	20	4.11388494935444E-02
60	0	55	20	0.051693066197203
60	0	60	20	0.066237397873194
60	0	65	20	8.54128096183698E-02
60	0	70	20	0.108752649912559
60	0	75	20	0.134051026737466
60	0	80	20	0.157350954076619
60	0	85	20	0.173927706001214
60	0	89.9	20	0.179941305897914
Spec Polar [deg.]	Spec Azimuth [deg.]	Scatter Polar [deg.]	Scatter Azimuth [deg.]	BSDF (AOI=60, AZI=30) [1/sr]
60	0	0	30	4.75099654303627E-03
60	0	5	30	5.64858187554507E-03
60	0	10	30	0.006859626596269
60	0	15	30	8.41201128251829E-03
60	0	20	30	1.02687826498511E-02
60	0	25	30	1.23235292547714E-02
60	0	30	30	1.44504830129323E-02
60	0	35	30	1.65977794283421E-02
60	0	40	30	1.88633216639074E-02
60	0	45	30	2.15013162948612E-02
60	0	50	30	2.48639005926333E-02
60	0	55	30	2.93085188839779E-02
60	0	60	30	3.50786337314867E-02
60	0	65	30	4.21530831350301E-02
60	0	70	30	5.01038174695935E-02
60	0	75	30	5.80655010830073E-02
60	0	80	30	6.49014432946026E-02
60	0	85	30	6.95149645815596E-02
60	0	89.9	30	0.07114177316466
Spec Polar [deg.]	Spec Azimuth [deg.]	Scatter Polar [deg.]	Scatter Azimuth [deg.]	BSDF (AOI=60, AZI=40) [1/sr]
60	0	0	40	4.75099654303627E-03
60	0	5	40	5.50972311387835E-03
60	0	10	40	6.43533083623954E-03
60	0	15	40	7.48699596829779E-03
60	0	20	40	8.58005085161212E-03
60	0	25	40	9.61084581458958E-03
60	0	30	40	1.05067031393723E-02
60	0	35	40	1.12708052090791E-02
60	0	40	40	1.19888757513701E-02
60	0	45	40	1.27947594147313E-02
60	0	50	40	0.013819534654148
60	0	55	40	1.51462428221829E-02
60	0	60	40	1.67767796486385E-02
60	0	65	40	1.86151516983504E-02
60	0	70	40	2.04798093709021E-02
60	0	75	40	2.21531649654441E-02
60	0	80	40	0.023448756506754
60	0	85	40	2.42541449462285E-02
60	0	89.9	40	2.45253557481061E-02
Spec Polar [deg.]	Spec Azimuth [deg.]	Scatter Polar [deg.]	Scatter Azimuth [deg.]	BSDF (AOI=60, AZI=50) [1/sr]
60	0	0	50	4.75099654303627E-03
60	0	5	50	5.35022465913968E-03
60	0	10	50	5.98563225049604E-03
60	0	15	50	6.58827140660874E-03
60	0	20	50	7.0809917951744E-03
60	0	25	50	7.40943504356012E-03
60	0	30	50	7.56854108339001E-03
60	0	35	50	7.60531111739594E-03
60	0	40	50	7.59592826677183E-03
60	0	45	50	7.61358156303515E-03
60	0	50	50	7.70428537007077E-03
60	0	55	50	7.87683596149195E-03
60	0	60	50	8.10528278531107E-03
60	0	65	50	8.3418513430808E-03
60	0	70	50	8.53782686423498E-03
60	0	75	50	8.66479672241327E-03
60	0	80	50	8.72460169372862E-03
60	0	85	50	8.74168916028258E-03
60	0	89.9	50	8.74350340131873E-03
Spec Polar [deg.]	Spec Azimuth [deg.]	Scatter Polar [deg.]	Scatter Azimuth [deg.]	BSDF (AOI=60, AZI=60) [1/sr]
60	0	0	60	4.75099654303627E-03
60	0	5	60	5.18018753237732E-03
60	0	10	60	5.5485777093185E-03
60	0	15	60	5.79580160062674E-03
60	0	20	60	5.8823315358589E-03
60	0	25	60	5.80732586144023E-03
60	0	30	60	5.60899629876942E-03
60	0	35	60	5.34691653630265E-03
60	0	40	60	5.07825910266009E-03
60	0	45	60	4.84097671669399E-03
60	0	50	60	4.64867598257511E-03
60	0	55	60	4.49471835154365E-03
60	0	60	60	4.36142521919199E-03
60	0	65	60	4.23110521870644E-03
60	0	70	60	4.0955426875505E-03
60	0	75	60	3.96025482462008E-03
60	0	80	60	3.84179175534653E-03
60	0	85	60	0.003760215453104
60	0	89.9	60	3.73111029562414E-03
Spec Polar [deg.]	Spec Azimuth [deg.]	Scatter Polar [deg.]	Scatter Azimuth [deg.]	BSDF (AOI=60, AZI=70) [1/sr]
60	0	0	70	4.75099654303627E-03
60	0	5	70	5.00866230670141E-03
60	0	10	70	5.14987737090686E-03
60	0	15	70	5.14388676384375E-03
60	0	20	70	4.99120942735461E-03
60	0	25	70	4.72405734079366E-03
60	0	30	70	4.39290590617392E-03
60	0	35	70	4.04779448784327E-03
60	0	40	70	3.72449741300208E-03
60	0	45	70	3.43992811311679E-03
60	0	50	70	3.19504610570216E-03
60	0	55	70	2.9814493685431E-03
60	0	60	70	2.78862285681367E-03
60	0	65	70	2.60984792945215E-03
60	0	70	70	2.44528479214978E-03
60	0	75	70	2.30156617570491E-03
60	0	80	70	2.1887447395781E-03
60	0	85	70	2.11656331528801E-03
60	0	89.9	70	2.09173140213663E-03
Spec Polar [deg.]	Spec Azimuth [deg.]	Scatter Polar [deg.]	Scatter Azimuth [deg.]	BSDF (AOI=60, AZI=80) [1/sr]
60	0	0	80	4.75099654303627E-03
60	0	5	80	4.84297221388588E-03
60	0	10	80	4.80297777400181E-03
60	0	15	80	4.63384069241701E-03
60	0	20	80	4.36260283560732E-03
60	0	25	80	4.03082272487547E-03
60	0	30	80	3.68092286175598E-03
60	0	35	80	3.34544195057086E-03
60	0	40	80	3.04266512313623E-03
60	0	45	80	2.77792860688691E-03
60	0	50	80	2.54796452560234E-03
60	0	55	80	2.34590990633562E-03
60	0	60	80	2.16552878795913E-03
60	0	65	80	2.00385152777768E-03
60	0	70	80	1.86189134253741E-03
60	0	75	80	1.74367738054129E-03
60	0	80	80	1.6544255570545E-03
60	0	85	80	1.59881512201912E-03
60	0	89.9	80	1.57993385569606E-03
Spec Polar [deg.]	Spec Azimuth [deg.]	Scatter Polar [deg.]	Scatter Azimuth [deg.]	BSDF (AOI=60, AZI=90) [1/sr]
60	0	0	90	4.75099654303627E-03
60	0	5	90	4.68846718477235E-03
60	0	10	90	4.51155113488573E-03
60	0	15	90	4.24846958377994E-03
60	0	20	90	3.93573157724165E-03
60	0	25	90	3.60811302274353E-03
60	0	30	90	3.29186467992173E-03
60	0	35	90	3.00245165569347E-03
60	0	40	90	2.74582190261781E-03
60	0	45	90	2.5213990537227E-03
60	0	50	90	2.32532892585974E-03
60	0	55	90	2.15315610328562E-03
60	0	60	90	2.00158874881989E-03
60	0	65	90	1.86928518889821E-03
60	0	70	90	1.75678975408294E-03
60	0	75	90	1.66591032764483E-03
60	0	80	90	1.59890821767421E-03
60	0	85	90	1.55780581115272E-03
60	0	89.9	90	1.54395499644988E-03
Spec Polar [deg.]	Spec Azimuth [deg.]	Scatter Polar [deg.]	Scatter Azimuth [deg.]	BSDF (AOI=60, AZI=100) [1/sr]
60	0	0	100	4.75099654303627E-03
60	0	5	100	4.54862300978726E-03
60	0	10	100	4.27277280177363E-03
60	0	15	100	3.96308535292777E-03
60	0	20	100	3.65198984045035E-03
60	0	25	100	3.36039077554103E-03
60	0	30	100	3.09822893792717E-03
60	0	35	100	2.86758592570728E-03
60	0	40	100	2.66625673601476E-03
60	0	45	100	2.49062208831617E-03
60	0	50	100	2.33742057935746E-03
60	0	55	100	2.20447741699334E-03
60	0	60	100	2.09067809835242E-03
60	0	65	100	1.99555820043175E-03
60	0	70	100	1.91884285850947E-03
60	0	75	100	1.86014781323429E-03
60	0	80	100	1.81890957565078E-03
60	0	85	100	1.79450035629019E-03
60	0	89.9	100	1.78642953004464E-03
Spec Polar [deg.]	Spec Azimuth [deg.]	Scatter Polar [deg.]	Scatter Azimuth [deg.]	BSDF (AOI=60, AZI=110) [1/sr]
60	0	0	110	4.75099654303627E-03
60	0	5	110	4.42535849571179E-03
60	0	10	110	4.08036384039603E-03
60	0	15	110	3.75237180029505E-03
60	0	20	110	3.46152841666224E-03
60	0	25	110	3.21410895855687E-03
60	0	30	110	3.0074689436033E-03
60	0	35	110	2.83495652829687E-03
60	0	40	110	2.68958762671197E-03
60	0	45	110	2.56616574211918E-03
60	0	50	110	2.46193338719594E-03
60	0	55	110	2.37608677967767E-03
60	0	60	110	2.30866446901977E-03
60	0	65	110	0.002259361339785
60	0	70	110	2.22669746382003E-03
60	0	75	110	2.20777241131905E-03
60	0	80	110	2.19865025887155E-03
60	0	85	110	2.19525756071016E-03
60	0	89.9	110	2.19451058577907E-03
Spec Polar [deg.]	Spec Azimuth [deg.]	Scatter Polar [deg.]	Scatter Azimuth [deg.]	BSDF (AOI=60, AZI=120) [1/sr]
60	0	0	120	4.75099654303627E-03
60	0	5	120	4.31944655126246E-03
60	0	10	120	3.92696411063781E-03
60	0	15	120	0.003594278371524
60	0	20	120	3.32545717425977E-03
60	0	25	120	3.11443542755696E-03
60	0	30	120	2.95081561304014E-03
60	0	35	120	2.82390566965528E-03
60	0	40	120	2.72504484007723E-03
60	0	45	120	2.64852439185901E-03
60	0	50	120	2.59140930057273E-03
60	0	55	120	2.55259585254303E-03
60	0	60	120	2.53149894666655E-03
60	0	65	120	2.52677149857258E-03
60	0	70	120	2.53540153972993E-03
60	0	75	120	2.55244908706411E-03
60	0	80	120	2.57157700569788E-03
60	0	85	120	2.5863366269521E-03
60	0	89.9	120	2.59185969277848E-03
Spec Polar [deg.]	Spec Azimuth [deg.]	Scatter Polar [deg.]	Scatter Azimuth [deg.]	BSDF (AOI=60, AZI=130) [1/sr]
60	0	0	130	4.75099654303627E-03
60	0	5	130	4.23092283468469E-03
60	0	10	130	3.80574784701284E-03
60	0	15	130	3.47209175336708E-03
60	0	20	130	3.21705307052201E-03
60	0	25	130	3.02533463098719E-03
60	0	30	130	2.88320485909457E-03
60	0	35	130	2.77998997294292E-03
60	0	40	130	2.70803441574117E-03
60	0	45	130	2.66192988304716E-03
60	0	50	130	2.63758365737062E-03
60	0	55	130	2.63144014605968E-03
60	0	60	130	2.6399458483013E-03
60	0	65	130	2.65922482612811E-03
60	0	70	130	2.68492754997735E-03
60	0	75	130	2.71228074795634E-03
60	0	80	130	2.73640958271493E-03
60	0	85	130	2.75295182388766E-03
60	0	89.9	130	2.75883413483274E-03
Spec Polar [deg.]	Spec Azimuth [deg.]	Scatter Polar [deg.]	Scatter Azimuth [deg.]	BSDF (AOI=60, AZI=140) [1/sr]
60	0	0	140	4.75099654303627E-03
60	0	5	140	4.15943102256152E-03
60	0	10	140	3.71133334596194E-03
60	0	15	140	3.37520808202675E-03
60	0	20	140	3.12219027722607E-03
60	0	25	140	2.93076806682653E-03
60	0	30	140	2.7873202637895E-03
60	0	35	140	2.68407785997222E-03
60	0	40	140	2.61608036345257E-03
60	0	45	140	2.57848020014808E-03
60	0	50	140	2.56502474330786E-03
60	0	55	140	2.56794600792037E-03
60	0	60	140	2.57901299811817E-03
60	0	65	140	2.59115168838006E-03
60	0	70	140	2.59984730934171E-03
60	0	75	140	2.60366794116018E-03
60	0	80	140	2.60371082551481E-03
60	0	85	140	2.60230323951201E-03
60	0	89.9	140	2.60155709841439E-03
Spec Polar [deg.]	Spec Azimuth [deg.]	Scatter Polar [deg.]	Scatter Azimuth [deg.]	BSDF (AOI=60, AZI=150) [1/sr]
60	0	0	150	4.75099654303627E-03
60	0	5	150	4.10447683853714E-03
60	0	10	150	3.64008732992857E-03
60	0	15	150	3.29872232867624E-03
60	0	20	150	3.03795772493539E-03
60	0	25	150	2.83276760613348E-03
60	0	30	150	2.67196901632635E-03
60	0	35	150	2.55215289654933E-03
60	0	40	150	2.47148452412961E-03
60	0	45	150	2.42537849499293E-03
60	0	50	150	2.4048557530543E-03
60	0	55	150	2.39749486983624E-03
60	0	60	150	2.39043241951447E-03
60	0	65	150	2.37425729065818E-03
60	0	70	150	2.34598182848171E-03
60	0	75	150	2.30948953696815E-03
60	0	80	150	2.27327286830591E-03
60	0	85	150	2.24678624351736E-03
60	0	89.9	150	2.23710048109645E-03
Spec Polar [deg.]	Spec Azimuth [deg.]	Scatter Polar [deg.]	Scatter Azimuth [deg.]	BSDF (AOI=60, AZI=160) [1/sr]
60	0	0	160	4.75099654303627E-03
60	0	5	160	4.0655892315395E-03
60	0	10	160	3.58996382195293E-03
60	0	15	160	3.24199760014048E-03
60	0	20	160	2.96911953633757E-03
60	0	25	160	2.74491849031202E-03
60	0	30	160	2.56164838413672E-03
60	0	35	160	2.42026430607348E-03
60	0	40	160	2.32149956472972E-03
60	0	45	160	2.26057981022753E-03
60	0	50	160	2.22596336685986E-03
60	0	55	160	2.20147658660198E-03
60	0	60	160	2.17105815456852E-03
60	0	65	160	2.12448180713576E-03
60	0	70	160	2.06121435190857E-03
60	0	75	160	1.99006143578387E-03
60	0	80	160	1.92494635218147E-03
60	0	85	160	1.87954326425249E-03
60	0	89.9	160	1.86331074152717E-03
Spec Polar [deg.]	Spec Azimuth [deg.]	Scatter Polar [deg.]	Scatter Azimuth [deg.]	BSDF (AOI=60, AZI=170) [1/sr]
60	0	0	170	4.75099654303627E-03
60	0	5	170	4.04240492743899E-03
60	0	10	170	3.56006148307665E-03
60	0	15	170	3.20665635146921E-03
60	0	20	170	2.9234297987728E-03
60	0	25	170	2.68378950133608E-03
60	0	30	170	2.48291106462842E-03
60	0	35	170	2.32488932716112E-03
60	0	40	170	2.21201575879862E-03
60	0	45	170	2.1391410126031E-03
60	0	50	170	2.0929562229779E-03
60	0	55	170	2.05504289263674E-03
60	0	60	170	2.00775179201913E-03
60	0	65	170	1.94096508922731E-03
60	0	70	170	1.85619082177456E-03
60	0	75	170	1.76528437984943E-03
60	0	80	170	1.68482006169519E-03
60	0	85	170	1.62993015331419E-03
60	0	89.9	170	1.61052103262968E-03
Spec Polar [deg.]	Spec Azimuth [deg.]	Scatter Polar [deg.]	Scatter Azimuth [deg.]	BSDF (AOI=60, AZI=180) [1/sr]
60	0	0	180	4.75099654303627E-03
60	0	5	180	4.03470155207475E-03
60	0	10	180	3.55010784907828E-03
60	0	15	180	3.19460843244784E-03
60	0	20	180	2.90737658126408E-03
60	0	25	180	2.66189517635091E-03
60	0	30	180	2.4544790444835E-03
60	0	35	180	2.29035586293868E-03
60	0	40	180	2.17232250984992E-03
60	0	45	180	2.09504788490848E-03
60	0	50	180	2.04460010539386E-03
60	0	55	180	2.00183643157242E-03
60	0	60	180	1.94866500175466E-03
60	0	65	180	1.87512373527807E-03
60	0	70	180	1.78348161236258E-03
60	0	75	180	1.68657142174107E-03
60	0	80	180	1.60167448280981E-03
60	0	85	180	1.54416691992621E-03
60	0	89.9	180	1.52390547239272E-03
AOI	70	deg.
FRED TIS integral (0-1)	6.54590110416042E-02
Spec Polar [deg.]	Spec Azimuth [deg.]	Scatter Polar [deg.]	Scatter Azimuth [deg.]	BSDF (AOI=70, AZI=0) [1/sr]
70	0	0	0	4.33637263827918E-03
70	0	5	0	5.45234421125311E-03
70	0	10	0	7.2474355927121E-03
70	0	15	0	1.00826570924127E-02
70	0	20	0	1.43637195252359E-02
70	0	25	0	2.04414145986617E-02
70	0	30	0	2.85848677399929E-02
70	0	35	0	3.92392475046398E-02
70	0	40	0	5.36038386028114E-02
70	0	45	0	0.074278103567707
70	0	50	0	0.105628966309817
70	0	55	0	0.153308239303351
70	0	60	0	0.221740718844608
70	0	65	0	0.308991823113292
70	0	70	0	0.402594486297332
70	0	75	0	0.483594496518708
70	0	80	0	0.538539607422664
70	0	85	0	0.566724495526394
70	0	89.9	0	0.574851060108367
Spec Polar [deg.]	Spec Azimuth [deg.]	Scatter Polar [deg.]	Scatter Azimuth [deg.]	BSDF (AOI=70, AZI=10) [1/sr]
70	0	0	10	4.33637263827918E-03
70	0	5	10	5.42819497082742E-03
70	0	10	10	7.15914884302722E-03
70	0	15	10	9.84577139898722E-03
70	0	20	10	1.38215379078824E-02
70	0	25	10	1.93417202787459E-02
70	0	30	10	2.65691177671161E-02
70	0	35	10	0.035816648402091
70	0	40	10	4.80403785637914E-02
70	0	45	10	6.53335784872195E-02
70	0	50	10	9.11310126004449E-02
70	0	55	10	0.129695554614132
70	0	60	10	0.184050627914821
70	0	65	10	0.252102589328448
70	0	70	10	0.323859992189622
70	0	75	10	0.384980431075902
70	0	80	10	0.425831186439116
70	0	85	10	0.446491854960508
70	0	89.9	10	0.45238626060443
Spec Polar [deg.]	Spec Azimuth [deg.]	Scatter Polar [deg.]	Scatter Azimuth [deg.]	BSDF (AOI=70, AZI=20) [1/sr]
70	0	0	20	4.33637263827918E-03
70	0	5	20	5.35795169783861E-03
70	0	10	20	6.90881165535962E-03
70	0	15	20	9.1938650799381E-03
70	0	20	20	1.23788486060792E-02
70	0	25	20	1.65187046995606E-02
70	0	30	20	2.15795913790349E-02
70	0	35	20	2.76439096800459E-02
70	0	40	20	3.52182876099679E-02
70	0	45	20	4.54396909944109E-02
70	0	50	20	6.00304396242555E-02
70	0	55	20	8.08473793016676E-02
70	0	60	20	0.10875264991256
70	0	65	20	0.141945984493028
70	0	70	20	0.175257455432216
70	0	75	20	0.20233245676361
70	0	80	20	0.219611812768673
70	0	85	20	0.227945778406563
70	0	89.9	20	0.230234552264599
Spec Polar [deg.]	Spec Azimuth [deg.]	Scatter Polar [deg.]	Scatter Azimuth [deg.]	BSDF (AOI=70, AZI=30) [1/sr]
70	0	0	30	4.33637263827918E-03
70	0	5	30	5.24781303365929E-03
70	0	10	30	6.5352087825808E-03
70	0	15	30	8.27495841852256E-03
70	0	20	30	1.04702738743404E-02
70	0	25	30	1.30259805206047E-02
70	0	30	30	1.58094622418477E-02
70	0	35	30	1.87995183394861E-02
70	0	40	30	2.22201246514343E-02
70	0	45	30	2.65520354005748E-02
70	0	50	30	3.24063789750834E-02
70	0	55	30	0.040269042303294
70	0	60	30	5.01038174695937E-02
70	0	65	30	6.09612479356706E-02
70	0	70	30	7.10561429880264E-02
70	0	75	30	7.86386250528035E-02
70	0	80	30	8.30638857970041E-02
70	0	85	30	8.49744037552334E-02
70	0	89.9	30	0.085445945038996
Spec Polar [deg.]	Spec Azimuth [deg.]	Scatter Polar [deg.]	Scatter Azimuth [deg.]	BSDF (AOI=70, AZI=40) [1/sr]
70	0	0	40	4.33637263827918E-03
70	0	5	40	5.10685631037732E-03
70	0	10	40	6.08954234963252E-03
70	0	15	40	7.26258301228522E-03
70	0	20	40	8.5415382948074E-03
70	0	25	40	9.7987606416095E-03
70	0	30	40	1.09327996325175E-02
70	0	35	40	1.19469471858953E-02
70	0	40	40	1.29713278442742E-02
70	0	45	40	1.42105655237629E-02
70	0	50	40	0.015853968665335
70	0	55	40	1.79814017333035E-02
70	0	60	40	2.04798093709019E-02
70	0	65	40	2.30159318099625E-02
70	0	70	40	2.51441701330152E-02
70	0	75	40	2.65433081435013E-02
70	0	80	40	2.72045628643709E-02
70	0	85	40	0.027390772462633
70	0	89.9	40	2.74093185969707E-02
Spec Polar [deg.]	Spec Azimuth [deg.]	Scatter Polar [deg.]	Scatter Azimuth [deg.]	BSDF (AOI=70, AZI=50) [1/sr]
70	0	0	50	4.33637263827918E-03
70	0	5	50	4.94554935302328E-03
70	0	10	50	5.62220140594193E-03
70	0	15	50	6.2981687498089E-03
70	0	20	50	6.88092774887296E-03
70	0	25	50	7.28997379384221E-03
70	0	30	50	7.50115035313251E-03
70	0	35	50	7.56455692736812E-03
70	0	40	50	7.5799599640645E-03
70	0	45	50	7.64952044392255E-03
70	0	50	50	7.83786355086238E-03
70	0	55	50	8.1516851753822E-03
70	0	60	50	8.5378268642348E-03
70	0	65	50	8.90225904350458E-03
70	0	70	50	9.15276508901904E-03
70	0	75	50	9.24867088071703E-03
70	0	80	50	9.22236556652887E-03
70	0	85	50	9.15420085967975E-03
70	0	89.9	50	9.12121222995201E-03
Spec Polar [deg.]	Spec Azimuth [deg.]	Scatter Polar [deg.]	Scatter Azimuth [deg.]	BSDF (AOI=70, AZI=60) [1/sr]
70	0	0	60	4.33637263827918E-03
70	0	5	60	4.77427889143105E-03
70	0	10	60	5.17319999721331E-03
70	0	15	60	5.46539068921472E-03
70	0	20	60	5.59451546187099E-03
70	0	25	60	5.54199505381837E-03
70	0	30	60	5.33851250518989E-03
70	0	35	60	5.05051150562628E-03
70	0	40	60	4.75109288094159E-03
70	0	45	60	4.49448130975175E-03
70	0	50	60	4.30506209204191E-03
70	0	55	60	4.17942580876333E-03
70	0	60	60	4.09554268755046E-03
70	0	65	60	4.02532804745856E-03
70	0	70	60	3.94790975156128E-03
70	0	75	60	3.85893332439236E-03
70	0	80	60	3.77106099005731E-03
70	0	85	60	3.70569756087152E-03
70	0	89.9	60	3.68150813011603E-03
Spec Polar [deg.]	Spec Azimuth [deg.]	Scatter Polar [deg.]	Scatter Azimuth [deg.]	BSDF (AOI=70, AZI=70) [1/sr]
70	0	0	70	4.33637263827918E-03
70	0	5	70	4.6022050508747E-03
70	0	10	70	4.76824804639207E-03
70	0	15	70	4.79428619765711E-03
70	0	20	70	4.66711973234317E-03
70	0	25	70	4.40817727863512E-03
70	0	30	70	4.06572592238538E-03
70	0	35	70	3.69626883545573E-03
70	0	40	70	3.34645202452765E-03
70	0	45	70	3.04380953147765E-03
70	0	50	70	2.7969672418769E-03
70	0	55	70	2.60119931578922E-03
70	0	60	70	2.44528479214977E-03
70	0	65	70	2.31751707328704E-03
70	0	70	70	2.20992293035728E-03
70	0	75	70	2.12008612431929E-03
70	0	80	70	2.05043463242397E-03
70	0	85	70	2.00575254681642E-03
70	0	89.9	70	1.99030981252298E-03
Spec Polar [deg.]	Spec Azimuth [deg.]	Scatter Polar [deg.]	Scatter Azimuth [deg.]	BSDF (AOI=70, AZI=80) [1/sr]
70	0	0	80	4.33637263827918E-03
70	0	5	80	4.43659321388515E-03
70	0	10	80	4.41950705226216E-03
70	0	15	80	4.27898409366817E-03
70	0	20	80	4.03131768110118E-03
70	0	25	80	3.71065436252821E-03
70	0	30	80	3.35821154110998E-03
70	0	35	80	3.01093484328102E-03
70	0	40	80	2.6944430544048E-03
70	0	45	80	2.42157101331342E-03
70	0	50	80	2.19484827504391E-03
70	0	55	80	2.01045096308128E-03
70	0	60	80	1.8618913425374E-03
70	0	65	80	1.74270012386609E-03
70	0	70	80	1.64796633680936E-03
70	0	75	80	1.57485444599937E-03
70	0	80	80	1.52234403649599E-03
70	0	85	80	1.49053153881342E-03
70	0	89.9	80	1.4798601913986E-03
Spec Polar [deg.]	Spec Azimuth [deg.]	Scatter Polar [deg.]	Scatter Azimuth [deg.]	BSDF (AOI=70, AZI=90) [1/sr]
70	0	0	90	4.33637263827918E-03
70	0	5	90	4.2826174218995E-03
70	0	10	90	4.12885521401795E-03
70	0	15	90	3.89545543069775E-03
70	0	20	90	3.6102125167447E-03
70	0	25	90	3.30191491847803E-03
70	0	30	90	2.99519176262253E-03
70	0	35	90	2.70780771289868E-03
70	0	40	90	2.45031902619044E-03
70	0	45	90	2.22726464371598E-03
70	0	50	90	2.03896065396296E-03
70	0	55	90	1.88323584976609E-03
70	0	60	90	1.75678975408293E-03
70	0	65	90	1.6561065096908E-03
70	0	70	90	1.57798724307834E-03
70	0	75	90	1.51980453432196E-03
70	0	80	90	1.47957917690839E-03
70	0	85	90	1.45596066286171E-03
70	0	89.9	90	1.44817514228914E-03
Spec Polar [deg.]	Spec Azimuth [deg.]	Scatter Polar [deg.]	Scatter Azimuth [deg.]	BSDF (AOI=70, AZI=100) [1/sr]
70	0	0	100	4.33637263827918E-03
70	0	5	100	4.14352580347286E-03
70	0	10	100	3.89174976397802E-03
70	0	15	100	3.61382268197711E-03
70	0	20	100	3.33520125246926E-03
70	0	25	100	3.07207043210645E-03
70	0	30	100	2.83257600320728E-03
70	0	35	100	2.61940298144962E-03
70	0	40	100	2.43232348586851E-03
70	0	45	100	2.27003493464704E-03
70	0	50	100	2.13114364002765E-03
70	0	55	100	2.01445345846095E-03
70	0	60	100	1.91884285850947E-03
70	0	65	100	1.84301191365445E-03
70	0	70	100	1.78530472294125E-03
70	0	75	100	1.74371278354994E-03
70	0	80	100	1.7160755010534E-03
70	0	85	100	1.70042533195228E-03
70	0	89.9	100	1.69537755681877E-03
Spec Polar [deg.]	Spec Azimuth [deg.]	Scatter Polar [deg.]	Scatter Azimuth [deg.]	BSDF (AOI=70, AZI=110) [1/sr]
70	0	0	110	4.33637263827918E-03
70	0	5	110	4.02102010651032E-03
70	0	10	110	3.70060464214902E-03
70	0	15	110	3.40540439226625E-03
70	0	20	110	3.15066334660417E-03
70	0	25	110	0.002939940067948
70	0	30	110	2.76951746748318E-03
70	0	35	110	2.63223458733682E-03
70	0	40	110	2.52029963328313E-03
70	0	45	110	2.42712893630711E-03
70	0	50	110	2.34829705598476E-03
70	0	55	110	2.28164771775827E-03
70	0	60	110	0.00222669746382
70	0	65	110	2.1836328598773E-03
70	0	70	110	2.15231442755024E-03
70	0	75	110	2.13166320743965E-03
70	0	80	110	2.11963793767783E-03
70	0	85	110	2.11378155822081E-03
70	0	89.9	110	2.11208798155854E-03
Spec Polar [deg.]	Spec Azimuth [deg.]	Scatter Polar [deg.]	Scatter Azimuth [deg.]	BSDF (AOI=70, AZI=120) [1/sr]
70	0	0	120	4.33637263827918E-03
70	0	5	120	3.91571206416363E-03
70	0	10	120	3.54730100445892E-03
70	0	15	120	3.2464293825386E-03
70	0	20	120	3.01480309731035E-03
70	0	25	120	2.84638106336446E-03
70	0	30	120	2.73118686889748E-03
70	0	35	120	2.65739115910704E-03
70	0	40	120	2.61263136968874E-03
70	0	45	120	2.5853609631538E-03
70	0	50	120	2.5664122579365E-03
70	0	55	120	2.55028485321084E-03
70	0	60	120	2.53540153972989E-03
70	0	65	120	2.52298651383328E-03
70	0	70	120	2.51503083604157E-03
70	0	75	120	2.5123639054546E-03
70	0	80	120	2.51376798542921E-03
70	0	85	120	2.51649149006146E-03
70	0	89.9	120	2.51778049808013E-03
Spec Polar [deg.]	Spec Azimuth [deg.]	Scatter Polar [deg.]	Scatter Azimuth [deg.]	BSDF (AOI=70, AZI=130) [1/sr]
70	0	0	130	4.33637263827918E-03
70	0	5	130	3.82755480563947E-03
70	0	10	130	3.42480717177691E-03
70	0	15	130	3.11988393170434E-03
70	0	20	130	0.002900336946441
70	0	25	130	2.75387845809021E-03
70	0	30	130	2.66878531012675E-03
70	0	35	130	2.63255890026402E-03
70	0	40	130	2.63078103571583E-03
70	0	45	130	2.64754350648982E-03
70	0	50	130	2.6679218552385E-03
70	0	55	130	2.68152777529386E-03
70	0	60	130	2.68492754997736E-03
70	0	65	130	2.68104375704985E-03
70	0	70	130	2.6757135241011E-03
70	0	75	130	2.67354884393709E-03
70	0	80	130	2.67547150032212E-03
70	0	85	130	2.67899827870748E-03
70	0	89.9	130	2.68069218535192E-03
Spec Polar [deg.]	Spec Azimuth [deg.]	Scatter Polar [deg.]	Scatter Azimuth [deg.]	BSDF (AOI=70, AZI=140) [1/sr]
70	0	0	140	4.33637263827918E-03
70	0	5	140	3.75618887407817E-03
70	0	10	140	3.32800100050638E-03
70	0	15	140	3.01600386134458E-03
70	0	20	140	2.79462223187715E-03
70	0	25	140	2.64808122542855E-03
70	0	30	140	2.56575563905766E-03
70	0	35	140	2.53672613101904E-03
70	0	40	140	2.54600968744071E-03
70	0	45	140	2.5741099572534E-03
70	0	50	140	2.60063368006914E-03
70	0	55	140	2.61065301529279E-03
70	0	60	140	2.59984730934174E-03
70	0	65	140	2.57441812754828E-03
70	0	70	140	2.54565141264125E-03
70	0	75	140	2.52304990238557E-03
70	0	80	140	2.51025437434818E-03
70	0	85	140	2.50533631349761E-03
70	0	89.9	140	2.50433494847536E-03
Spec Polar [deg.]	Spec Azimuth [deg.]	Scatter Polar [deg.]	Scatter Azimuth [deg.]	BSDF (AOI=70, AZI=150) [1/sr]
70	0	0	150	4.33637263827918E-03
70	0	5	150	3.70117935198492E-03
70	0	10	150	3.25382243852443E-03
70	0	15	150	2.93145167780431E-03
70	0	20	150	2.69758527033486E-03
70	0	25	150	2.53514957272719E-03
70	0	30	150	2.43612412186385E-03
70	0	35	150	2.39196348584022E-03
70	0	40	150	2.3876900709922E-03
70	0	45	150	2.40113836534868E-03
70	0	50	150	2.40797311848252E-03
70	0	55	150	2.39070385837911E-03
70	0	60	150	2.34598182848166E-03
70	0	65	150	2.2842399317785E-03
70	0	70	150	2.22185651754344E-03
70	0	75	150	2.17201392580721E-03
70	0	80	150	2.13993782672065E-03
70	0	85	150	2.12378046537368E-03
70	0	89.9	150	2.11911768423356E-03
Spec Polar [deg.]	Spec Azimuth [deg.]	Scatter Polar [deg.]	Scatter Azimuth [deg.]	BSDF (AOI=70, AZI=160) [1/sr]
70	0	0	160	4.33637263827918E-03
70	0	5	160	3.6621490398718E-03
70	0	10	160	3.20092681637359E-03
70	0	15	160	2.86737806617673E-03
70	0	20	160	2.61711893672069E-03
70	0	25	160	2.4333224830574E-03
70	0	30	160	2.31101500716795E-03
70	0	35	160	2.2439052328266E-03
70	0	40	160	2.2171296347141E-03
70	0	45	160	2.20683610778925E-03
70	0	50	160	2.18663373504519E-03
70	0	55	160	2.13852448281027E-03
70	0	60	160	2.06121435190857E-03
70	0	65	160	1.96872974043127E-03
70	0	70	160	1.8804804510002E-03
70	0	75	160	1.81096763677054E-03
70	0	80	160	1.76538258231053E-03
70	0	85	160	1.7413824979702E-03
70	0	89.9	160	1.73415124640759E-03
Spec Polar [deg.]	Spec Azimuth [deg.]	Scatter Polar [deg.]	Scatter Azimuth [deg.]	BSDF (AOI=70, AZI=170) [1/sr]
70	0	0	170	4.33637263827918E-03
70	0	5	170	3.63883130157502E-03
70	0	10	170	3.16906025135003E-03
70	0	15	170	2.82695225252366E-03
70	0	20	170	2.56347577015378E-03
70	0	25	170	2.36263382784999E-03
70	0	30	170	2.22188427141892E-03
70	0	35	170	2.13650296628839E-03
70	0	40	170	2.09169972072449E-03
70	0	45	170	2.06276414889555E-03
70	0	50	170	2.0225746485251E-03
70	0	55	170	1.9535592249687E-03
70	0	60	170	1.85619082177456E-03
70	0	65	170	1.74656062731568E-03
70	0	70	170	1.64516771741488E-03
70	0	75	170	1.5663698326732E-03
70	0	80	170	1.5146611307473E-03
70	0	85	170	1.48713675895613E-03
70	0	89.9	170	1.47874618923184E-03
Spec Polar [deg.]	Spec Azimuth [deg.]	Scatter Polar [deg.]	Scatter Azimuth [deg.]	BSDF (AOI=70, AZI=180) [1/sr]
70	0	0	180	4.33637263827918E-03
70	0	5	180	3.6310747904975E-03
70	0	10	180	3.15839871924095E-03
70	0	15	180	2.8130940745553E-03
70	0	20	180	2.54461570468431E-03
70	0	25	180	2.3373862426551E-03
70	0	30	180	2.18979135773179E-03
70	0	35	180	2.09766342828853E-03
70	0	40	180	2.04623235193836E-03
70	0	45	180	2.01053352008546E-03
70	0	50	180	1.96330268821825E-03
70	0	55	180	1.8872414807264E-03
70	0	60	180	1.78348161236258E-03
70	0	65	180	1.6687384058484E-03
70	0	70	180	1.56369976661563E-03
70	0	75	180	1.48248912255961E-03
70	0	80	180	1.42924958982055E-03
70	0	85	180	1.40085091523772E-03
70	0	89.9	180	1.39217121081567E-03
AOI	80	deg.
FRED TIS integral (0-1)	8.22638397232121E-02
Spec Polar [deg.]	Spec Azimuth [deg.]	Scatter Polar [deg.]	Scatter Azimuth [deg.]	BSDF (AOI=80, AZI=0) [1/sr]
80	0	0	0	3.91563094695315E-03
80	0	5	0	4.94887466800812E-03
80	0	10	0	6.78808886731475E-03
80	0	15	0	1.00528599106568E-02
80	0	20	0	1.56695197804581E-02
80	0	25	0	2.48054946553391E-02
80	0	30	0	3.86648970250387E-02
80	0	35	0	5.84777573258546E-02
80	0	40	0	8.61222274740556E-02
80	0	45	0	0.125138546280706
80	0	50	0	0.180938728023477
80	0	55	0	0.258461643407668
80	0	60	0	0.355973731911676
80	0	65	0	0.458077146333504
80	0	70	0	0.538539607422657
80	0	75	0	0.578374895782624
80	0	80	0	0.581685216464706
80	0	85	0	0.569822459536584
80	0	89.9	0	0.56327052107023
Spec Polar [deg.]	Spec Azimuth [deg.]	Scatter Polar [deg.]	Scatter Azimuth [deg.]	BSDF (AOI=80, AZI=10) [1/sr]
80	0	0	10	3.91563094695315E-03
80	0	5	10	4.92612839412286E-03
80	0	10	10	6.69710817269407E-03
80	0	15	10	9.78103803174793E-03
80	0	20	10	0.014966734498564
80	0	25	10	2.31860668208622E-02
80	0	30	10	3.53164299902862E-02
80	0	35	10	5.21916397214382E-02
80	0	40	10	7.51561038289521E-02
80	0	45	10	0.106872992174336
80	0	50	10	0.151389751282248
80	0	55	10	0.212193511020812
80	0	60	10	0.287493091290239
80	0	65	10	0.365264172149941
80	0	70	10	0.425831186439074
80	0	75	10	0.455408235703963
80	0	80	10	0.457496828699581
80	0	85	10	0.448302805700307
80	0	89.9	10	0.443277590070572
Spec Polar [deg.]	Spec Azimuth [deg.]	Scatter Polar [deg.]	Scatter Azimuth [deg.]	BSDF (AOI=80, AZI=20) [1/sr]
80	0	0	20	3.91563094695315E-03
80	0	5	20	4.86012206882681E-03
80	0	10	20	6.44062666399591E-03
80	0	15	20	9.04103706585425E-03
80	0	20	20	1.31297606399504E-02
80	0	25	20	1.91374087092062E-02
80	0	30	20	2.73185281033112E-02
80	0	35	20	3.78314636726374E-02
80	0	40	20	5.11450224130233E-02
80	0	45	20	6.84499446749771E-02
80	0	50	20	9.15254477843335E-02
80	0	55	20	0.121625768255843
80	0	60	20	0.157350954076617
80	0	65	20	0.192871480902745
80	0	70	20	0.219611812768664
80	0	75	20	0.232117914737016
80	0	80	20	0.2324604567707
80	0	85	20	0.227997705576855
80	0	89.9	20	0.225632574739709
Spec Polar [deg.]	Spec Azimuth [deg.]	Scatter Polar [deg.]	Scatter Azimuth [deg.]	BSDF (AOI=80, AZI=30) [1/sr]
80	0	0	30	3.91563094695315E-03
80	0	5	30	4.75710210683135E-03
80	0	10	30	6.06212531017661E-03
80	0	15	30	8.01913369700577E-03
80	0	20	30	1.07791633385856E-02
80	0	25	30	1.43673998428288E-02
80	0	30	30	0.01865671129505
80	0	35	30	2.35041636680058E-02
80	0	40	30	2.89876950459535E-02
80	0	45	30	3.55164589666222E-02
80	0	50	30	4.36555614321559E-02
80	0	55	30	0.053666795797731
80	0	60	30	6.49014432946018E-02
80	0	65	30	0.075494862265765
80	0	70	30	8.30638857970008E-02
80	0	75	30	8.63187192471165E-02
80	0	80	30	8.60777123230035E-02
80	0	85	30	8.45550444407077E-02
80	0	89.9	30	8.37874621926919E-02
Spec Polar [deg.]	Spec Azimuth [deg.]	Scatter Polar [deg.]	Scatter Azimuth [deg.]	BSDF (AOI=80, AZI=40) [1/sr]
80	0	0	40	3.91563094695315E-03
80	0	5	40	4.62612419290147E-03
80	0	10	40	5.61774847801737E-03
80	0	15	40	6.92467612827199E-03
80	0	20	40	8.5074801651353E-03
80	0	25	40	1.02347987692251E-02
80	0	30	40	0.011935370470389
80	0	35	40	1.35116190032618E-02
80	0	40	40	1.50225996728054E-02
80	0	45	40	0.016656120340763
80	0	50	40	1.86081424929529E-02
80	0	55	40	2.09366977618464E-02
80	0	60	40	0.023448756506754
80	0	65	40	2.57016007139706E-02
80	0	70	40	2.72045628643707E-02
80	0	75	40	2.77436242966181E-02
80	0	80	40	2.75460519860222E-02
80	0	85	40	2.71167330076063E-02
80	0	89.9	40	2.69145394904919E-02
Spec Polar [deg.]	Spec Azimuth [deg.]	Scatter Polar [deg.]	Scatter Azimuth [deg.]	BSDF (AOI=80, AZI=50) [1/sr]
80	0	0	50	3.91563094695315E-03
80	0	5	50	4.47747021952515E-03
80	0	10	50	5.16086743721453E-03
80	0	15	50	5.91678620086764E-03
80	0	20	50	6.64962762276931E-03
80	0	25	50	7.24496157431677E-03
80	0	30	50	7.62715861688523E-03
80	0	35	50	7.80635790898944E-03
80	0	40	50	7.8726704989454E-03
80	0	45	50	7.94346889706009E-03
80	0	50	50	8.10569354057889E-03
80	0	55	50	8.38201504960217E-03
80	0	60	50	8.72460169372882E-03
80	0	65	50	9.03667052412536E-03
80	0	70	50	9.22236556652882E-03
80	0	75	50	9.24443268541259E-03
80	0	80	50	9.14790829029027E-03
80	0	85	50	9.02938114617043E-03
80	0	89.9	50	8.97816174232991E-03
Spec Polar [deg.]	Spec Azimuth [deg.]	Scatter Polar [deg.]	Scatter Azimuth [deg.]	BSDF (AOI=80, AZI=60) [1/sr]
80	0	0	60	3.91563094695315E-03
80	0	5	60	4.3211219449629E-03
80	0	10	60	4.73172212205567E-03
80	0	15	60	5.07862146804935E-03
80	0	20	60	5.28696335780706E-03
80	0	25	60	5.30869250215782E-03
80	0	30	60	5.14990986315488E-03
80	0	35	60	4.86982382581436E-03
80	0	40	60	4.55105971952496E-03
80	0	45	60	4.26455618816544E-03
80	0	50	60	4.0500446951423E-03
80	0	55	60	3.91469768815956E-03
80	0	60	60	3.84179175534662E-03
80	0	65	60	3.8029050598464E-03
80	0	70	60	3.7710609900572E-03
80	0	75	60	3.73174982978182E-03
80	0	80	60	3.68699603989333E-03
80	0	85	60	3.6502829509336E-03
80	0	89.9	60	3.63604838408563E-03
Spec Polar [deg.]	Spec Azimuth [deg.]	Scatter Polar [deg.]	Scatter Azimuth [deg.]	BSDF (AOI=80, AZI=70) [1/sr]
80	0	0	70	3.91563094695315E-03
80	0	5	70	4.1656225219574E-03
80	0	10	70	4.35401313056114E-03
80	0	15	70	4.42990335292725E-03
80	0	20	70	4.35893392462974E-03
80	0	25	70	4.14125164526916E-03
80	0	30	70	3.81448413959296E-03
80	0	35	70	3.43822127997737E-03
80	0	40	70	3.07069212323069E-03
80	0	45	70	2.75208536111335E-03
80	0	50	70	2.50036483452489E-03
80	0	55	70	2.31590454338602E-03
80	0	60	70	2.18874473957809E-03
80	0	65	70	2.10483439611729E-03
80	0	70	70	2.05043463242402E-03
80	0	75	70	2.01486606044662E-03
80	0	80	70	1.99164653026523E-03
80	0	85	70	1.9780341769406E-03
80	0	89.9	70	1.97348466676678E-03
Spec Polar [deg.]	Spec Azimuth [deg.]	Scatter Polar [deg.]	Scatter Azimuth [deg.]	BSDF (AOI=80, AZI=80) [1/sr]
80	0	0	80	3.91563094695315E-03
80	0	5	80	4.01747030438153E-03
80	0	10	80	4.03673216267505E-03
80	0	15	80	3.9525144857452E-03
80	0	20	80	3.76059147403502E-03
80	0	25	80	3.47836066940693E-03
80	0	30	80	3.14082429598873E-03
80	0	35	80	2.78944942628459E-03
80	0	40	80	2.46023660793721E-03
80	0	45	80	2.17666753818729E-03
80	0	50	80	1.94888447068719E-03
80	0	55	80	1.77684021700121E-03
80	0	60	80	1.65442555705453E-03
80	0	65	80	1.57277580887714E-03
80	0	70	80	1.52234403649594E-03
80	0	75	80	1.49406835062712E-03
80	0	80	80	1.48008861012398E-03
80	0	85	80	1.47429909992029E-03
80	0	89.9	80	1.47281491387323E-03
Spec Polar [deg.]	Spec Azimuth [deg.]	Scatter Polar [deg.]	Scatter Azimuth [deg.]	BSDF (AOI=80, AZI=90) [1/sr]
80	0	0	90	3.91563094695315E-03
80	0	5	90	3.88101486542597E-03
80	0	10	90	3.77838970932935E-03
80	0	15	90	3.61206698155057E-03
80	0	20	90	3.39084248465951E-03
80	0	25	90	3.12888204888248E-03
80	0	30	90	2.8449354280894E-03
80	0	35	90	2.55967250295444E-03
80	0	40	90	2.29211191256782E-03
80	0	45	90	2.05663458906311E-03
80	0	50	90	1.86160556822463E-03
80	0	55	90	1.7096502959005E-03
80	0	60	90	1.5989082176742E-03
80	0	65	90	1.52447473851348E-03
80	0	70	90	1.47957917690839E-03
80	0	75	90	1.45647658444336E-03
80	0	80	90	1.44729416675524E-03
80	0	85	90	1.44506191933854E-03
80	0	89.9	90	1.44490477897917E-03
Spec Polar [deg.]	Spec Azimuth [deg.]	Scatter Polar [deg.]	Scatter Azimuth [deg.]	BSDF (AOI=80, AZI=100) [1/sr]
80	0	0	100	3.91563094695315E-03
80	0	5	100	3.75871906889897E-03
80	0	10	100	3.57148490722212E-03
80	0	15	100	3.37093425042085E-03
80	0	20	100	3.16602492765031E-03
80	0	25	100	2.96036553179303E-03
80	0	30	100	2.75582120670611E-03
80	0	35	100	2.55535246591146E-03
80	0	40	100	2.3641562290802E-03
80	0	45	100	2.18906125309987E-03
80	0	50	100	2.03688595950232E-03
80	0	55	100	1.91273464343164E-03
80	0	60	100	1.81890957565081E-03
80	0	65	100	1.75458787202779E-03
80	0	70	100	1.71607550105335E-03
80	0	75	100	1.69745048362138E-03
80	0	80	100	1.69157273228916E-03
80	0	85	100	1.6914931873224E-03
80	0	89.9	100	1.69209623977801E-03
Spec Polar [deg.]	Spec Azimuth [deg.]	Scatter Polar [deg.]	Scatter Azimuth [deg.]	BSDF (AOI=80, AZI=110) [1/sr]
80	0	0	110	3.91563094695315E-03
80	0	5	110	3.65161944561914E-03
80	0	10	110	3.40620146036295E-03
80	0	15	110	3.19497102852548E-03
80	0	20	110	3.02014656606116E-03
80	0	25	110	2.87585215068059E-03
80	0	30	110	2.75291321707268E-03
80	0	35	110	2.64254512634287E-03
80	0	40	110	2.53882099013855E-03
80	0	45	110	2.43980574372723E-03
80	0	50	110	2.34729831397622E-03
80	0	55	110	2.26542216335656E-03
80	0	60	110	2.19865025887157E-03
80	0	65	110	2.14996014823887E-03
80	0	70	110	2.11963793767782E-03
80	0	75	110	2.10498085097416E-03
80	0	80	110	2.10095640506408E-03
80	0	85	110	2.10171363997632E-03
80	0	89.9	110	2.10256372736465E-03
Spec Polar [deg.]	Spec Azimuth [deg.]	Scatter Polar [deg.]	Scatter Azimuth [deg.]	BSDF (AOI=80, AZI=120) [1/sr]
80	0	0	120	3.91563094695315E-03
80	0	5	120	3.55983638358275E-03
80	0	10	120	3.27308205822635E-03
80	0	15	120	3.05712640988699E-03
80	0	20	120	2.90441734213965E-03
80	0	25	120	2.80353035963414E-03
80	0	30	120	2.74171637688502E-03
80	0	35	120	2.70585882703419E-03
80	0	40	120	2.68324901078399E-03
80	0	45	120	2.66301860763583E-03
80	0	50	120	2.63808898454277E-03
80	0	55	120	2.60658874954553E-03
80	0	60	120	2.57157700569788E-03
80	0	65	120	2.53884012975599E-03
80	0	70	120	2.51376798542925E-03
80	0	75	120	2.49883880490795E-03
80	0	80	120	2.49281734522804E-03
80	0	85	120	2.49189765070884E-03
80	0	89.9	120	2.49214092509425E-03
Spec Polar [deg.]	Spec Azimuth [deg.]	Scatter Polar [deg.]	Scatter Azimuth [deg.]	BSDF (AOI=80, AZI=130) [1/sr]
80	0	0	130	3.91563094695315E-03
80	0	5	130	3.48302763620098E-03
80	0	10	130	3.16471595528275E-03
80	0	15	130	2.93956854330379E-03
80	0	20	130	2.78920392534751E-03
80	0	25	130	2.70018159133362E-03
80	0	30	130	2.66196933260469E-03
80	0	35	130	2.66337654717383E-03
80	0	40	130	2.68991159351109E-03
80	0	45	130	2.7239835338922E-03
80	0	50	130	2.74861640934154E-03
80	0	55	130	2.75303532122236E-03
80	0	60	130	2.73640958271492E-03
80	0	65	130	2.70673889822665E-03
80	0	70	130	2.67547150032218E-03
80	0	75	130	2.65147476239336E-03
80	0	80	130	2.63778819322593E-03
80	0	85	130	2.63227392601825E-03
80	0	89.9	130	2.63104896628914E-03
Spec Polar [deg.]	Spec Azimuth [deg.]	Scatter Polar [deg.]	Scatter Azimuth [deg.]	BSDF (AOI=80, AZI=140) [1/sr]
80	0	0	140	3.91563094695315E-03
80	0	5	140	3.42072452476226E-03
80	0	10	140	3.07650603962147E-03
80	0	15	140	2.83429368643353E-03
80	0	20	140	2.66533796042025E-03
80	0	25	140	2.55685559917793E-03
80	0	30	140	2.50378614382637E-03
80	0	35	140	2.50004315163218E-03
80	0	40	140	2.53247752801699E-03
80	0	45	140	2.57973501187994E-03
80	0	50	140	2.61721265106741E-03
80	0	55	140	2.62654857388361E-03
80	0	60	140	2.60371082551481E-03
80	0	65	140	2.55921891393733E-03
80	0	70	140	2.51025437434826E-03
80	0	75	140	2.47091649423115E-03
80	0	80	140	2.44683218420295E-03
80	0	85	140	2.43587312452285E-03
80	0	89.9	140	2.43303739401407E-03
Spec Polar [deg.]	Spec Azimuth [deg.]	Scatter Polar [deg.]	Scatter Azimuth [deg.]	BSDF (AOI=80, AZI=150) [1/sr]
80	0	0	150	3.91563094695315E-03
80	0	5	150	3.37253124590364E-03
80	0	10	150	3.00660564303633E-03
80	0	15	150	2.74174517609199E-03
80	0	20	150	2.54085831682398E-03
80	0	25	150	2.39410699909962E-03
80	0	30	150	2.30325337700886E-03
80	0	35	150	2.26763284383547E-03
80	0	40	150	2.27595452340938E-03
80	0	45	150	2.30507958146207E-03
80	0	50	150	2.32625604388452E-03
80	0	55	150	2.31727420917674E-03
80	0	60	150	2.27327286830595E-03
80	0	65	150	0.002207263525759
80	0	70	150	2.13993782672068E-03
80	0	75	150	2.08753263718191E-03
80	0	80	150	2.05575532501229E-03
80	0	85	150	2.0411966348857E-03
80	0	89.9	150	2.03737421671033E-03
Spec Polar [deg.]	Spec Azimuth [deg.]	Scatter Polar [deg.]	Scatter Azimuth [deg.]	BSDF (AOI=80, AZI=160) [1/sr]
80	0	0	160	3.91563094695315E-03
80	0	5	160	3.33820047153062E-03
80	0	10	160	2.95521656397639E-03
80	0	15	160	2.66768383873897E-03
80	0	20	160	2.43313221630249E-03
80	0	25	160	2.24612157730803E-03
80	0	30	160	2.11501441191092E-03
80	0	35	160	2.04327370077953E-03
80	0	40	160	2.02059394724523E-03
80	0	45	160	2.02289515483912E-03
80	0	50	160	2.01991371205222E-03
80	0	55	160	1.98865040892932E-03
80	0	60	160	1.92494635218145E-03
80	0	65	160	1.84334261935568E-03
80	0	70	160	1.76538258231054E-03
80	0	75	160	1.70681336165074E-03
80	0	80	160	1.67204082640393E-03
80	0	85	160	1.65631633868071E-03
80	0	89.9	160	1.6522180766938E-03
Spec Polar [deg.]	Spec Azimuth [deg.]	Scatter Polar [deg.]	Scatter Azimuth [deg.]	BSDF (AOI=80, AZI=170) [1/sr]
80	0	0	170	3.91563094695315E-03
80	0	5	170	3.3176208039668E-03
80	0	10	170	2.92355612313194E-03
80	0	15	170	2.6194196651719E-03
80	0	20	170	2.3601156332011E-03
80	0	25	170	2.14421107277052E-03
80	0	30	170	1.98484906111916E-03
80	0	35	170	1.88784215912886E-03
80	0	40	170	1.84303452011923E-03
80	0	45	170	1.82576821519047E-03
80	0	50	170	1.80549821653196E-03
80	0	55	170	1.75961899684158E-03
80	0	60	170	1.68482006169523E-03
80	0	65	170	1.59614889786568E-03
80	0	70	170	1.51466113074735E-03
80	0	75	170	1.45485785982856E-03
80	0	80	170	1.41990336637597E-03
80	0	85	170	1.40428024453689E-03
80	0	89.9	170	1.40024194583629E-03
Spec Polar [deg.]	Spec Azimuth [deg.]	Scatter Polar [deg.]	Scatter Azimuth [deg.]	BSDF (AOI=80, AZI=180) [1/sr]
80	0	0	180	3.91563094695315E-03
80	0	5	180	3.31076189140384E-03
80	0	10	180	2.91283902469037E-03
80	0	15	180	2.60263078359796E-03
80	0	20	180	2.33431738501564E-03
80	0	25	180	2.10808584986721E-03
80	0	30	180	1.93881904255661E-03
80	0	35	180	1.83305886138647E-03
80	0	40	180	1.78058981840369E-03
80	0	45	180	1.75654082704089E-03
80	0	50	180	1.73037199331753E-03
80	0	55	180	1.67974426572231E-03
80	0	60	180	1.6016744828098E-03
80	0	65	180	1.5112744213234E-03
80	0	70	180	1.42924958982056E-03
80	0	75	180	1.36953323881687E-03
80	0	80	180	1.33482280987942E-03
80	0	85	180	1.31937612343985E-03
80	0	89.9	180	1.31539629743903E-03
AOI	89.9	deg.
FRED TIS integral (0-1)	9.02200654722823E-02
Spec Polar [deg.]	Spec Azimuth [deg.]	Scatter Polar [deg.]	Scatter Azimuth [deg.]	BSDF (AOI=89.9, AZI=0) [1/sr]
89.9	0	0	0	3.7382011805152E-03
89.9	0	5	0	4.71789503202535E-03
89.9	0	10	0	6.55520175914123E-03
89.9	0	15	0	1.00069924329747E-02
89.9	0	20	0	0.016336017487031
89.9	0	25	0	2.73539373539069E-02
89.9	0	30	0	4.51514091370073E-02
89.9	0	35	0	7.17336710347589E-02
89.9	0	40	0	0.109256668334562
89.9	0	45	0	0.160913606661801
89.9	0	50	0	0.230879612676519
89.9	0	55	0	0.320980156840775
89.9	0	60	0	0.42367462020518
89.9	0	65	0	0.517288223247985
89.9	0	70	0	0.574851060108338
89.9	0	75	0	0.585260152683239
89.9	0	80	0	0.563270521070203
89.9	0	85	0	0.536021108603343
89.9	0	89.9	0	0.524525986724695
Spec Polar [deg.]	Spec Azimuth [deg.]	Scatter Polar [deg.]	Scatter Azimuth [deg.]	BSDF (AOI=89.9, AZI=10) [1/sr]
89.9	0	0	10	3.7382011805152E-03
89.9	0	5	10	4.69610454994266E-03
89.9	0	10	10	6.46394644789218E-03
89.9	0	15	10	9.7194092177891E-03
89.9	0	20	10	1.55454269994981E-02
89.9	0	25	10	0.02540905423491
89.9	0	30	10	4.08737046755142E-02
89.9	0	35	10	6.32961840187443E-02
89.9	0	40	10	0.094092504880641
89.9	0	45	10	0.135502815146694
89.9	0	50	10	0.19050842113363
89.9	0	55	10	0.260205743838753
89.9	0	60	10	0.338585656783525
89.9	0	65	10	0.409280491637424
89.9	0	70	10	0.452386260604434
89.9	0	75	10	0.459984362984833
89.9	0	80	10	0.443277590070573
89.9	0	85	10	0.422641490590976
89.9	0	89.9	10	0.413931902526745
Spec Polar [deg.]	Spec Azimuth [deg.]	Scatter Polar [deg.]	Scatter Azimuth [deg.]	BSDF (AOI=89.9, AZI=20) [1/sr]
89.9	0	0	20	3.7382011805152E-03
89.9	0	5	20	4.63295149715546E-03
89.9	0	10	20	6.20741789210703E-03
89.9	0	15	20	8.94057771855618E-03
89.9	0	20	20	1.34969889915764E-02
89.9	0	25	20	2.06106079021696E-02
89.9	0	30	20	3.08378800819341E-02
89.9	0	35	20	4.44429841108074E-02
89.9	0	40	20	6.17116332555855E-02
89.9	0	45	20	8.34372693777929E-02
89.9	0	50	20	0.110789081091759
89.9	0	55	20	0.143962487128932
89.9	0	60	20	0.1799413058979
89.9	0	65	20	0.211466739343605
89.9	0	70	20	0.230234552264594
89.9	0	75	20	0.233266065910448
89.9	0	80	20	0.225632574739709
89.9	0	85	20	0.216302273971909
89.9	0	89.9	20	0.212359899198977
Spec Polar [deg.]	Spec Azimuth [deg.]	Scatter Polar [deg.]	Scatter Azimuth [deg.]	BSDF (AOI=89.9, AZI=30) [1/sr]
89.9	0	0	30	3.7382011805152E-03
89.9	0	5	30	4.53462850779417E-03
89.9	0	10	30	5.83092145162012E-03
89.9	0	15	30	7.87563556906623E-03
89.9	0	20	30	1.09181918663042E-02
89.9	0	25	30	1.50931582308185E-02
89.9	0	30	30	2.03204075689683E-02
89.9	0	35	30	0.026379350387916
89.9	0	40	30	3.31716853460711E-02
89.9	0	45	30	0.040912233527217
89.9	0	50	30	4.99738475295545E-02
89.9	0	55	30	6.03704194291232E-02
89.9	0	60	30	7.11417731646596E-02
89.9	0	65	30	8.02274709570795E-02
89.9	0	70	30	8.54459450389902E-02
89.9	0	75	30	0.086134105668009
89.9	0	80	30	8.37874621926903E-02
89.9	0	85	30	8.09775351840522E-02
89.9	0	89.9	30	7.97893963335072E-02
Spec Polar [deg.]	Spec Azimuth [deg.]	Scatter Polar [deg.]	Scatter Azimuth [deg.]	BSDF (AOI=89.9, AZI=40) [1/sr]
89.9	0	0	40	3.7382011805152E-03
89.9	0	5	40	4.41007100920016E-03
89.9	0	10	40	5.39236631387501E-03
89.9	0	15	40	6.75052625031448E-03
89.9	0	20	40	8.47953689614266E-03
89.9	0	25	40	1.04625572101177E-02
89.9	0	30	40	1.24986328131568E-02
89.9	0	35	40	1.44205766637688E-02
89.9	0	40	40	1.62146567437883E-02
89.9	0	45	40	1.80238544337308E-02
89.9	0	50	40	2.00245636742586E-02
89.9	0	55	40	2.22605670840592E-02
89.9	0	60	40	2.45253557481047E-02
89.9	0	65	40	2.63857159713426E-02
89.9	0	70	40	2.74093185969707E-02
89.9	0	75	40	2.74799221854082E-02
89.9	0	80	40	2.69145394904917E-02
89.9	0	85	40	2.62621545893079E-02
89.9	0	89.9	40	2.59867860882198E-02
Spec Polar [deg.]	Spec Azimuth [deg.]	Scatter Polar [deg.]	Scatter Azimuth [deg.]	BSDF (AOI=89.9, AZI=50) [1/sr]
89.9	0	0	50	3.7382011805152E-03
89.9	0	5	50	4.26934947664235E-03
89.9	0	10	50	4.94593053855474E-03
89.9	0	15	50	5.73127073404856E-03
89.9	0	20	50	6.53409682583284E-03
89.9	0	25	50	7.22792017234952E-03
89.9	0	30	50	7.70990704076576E-03
89.9	0	35	50	7.96188569608522E-03
89.9	0	40	50	8.05941113527338E-03
89.9	0	45	50	8.12161838659663E-03
89.9	0	50	50	8.24575817123397E-03
89.9	0	55	50	8.4657374756727E-03
89.9	0	60	50	8.74350340131867E-03
89.9	0	65	50	8.99125272787173E-03
89.9	0	70	50	9.12121222995166E-03
89.9	0	75	50	9.10146753977294E-03
89.9	0	80	50	8.97816174232994E-03
89.9	0	85	50	8.84562186512854E-03
89.9	0	89.9	50	8.79016713069531E-03
Spec Polar [deg.]	Spec Azimuth [deg.]	Scatter Polar [deg.]	Scatter Azimuth [deg.]	BSDF (AOI=89.9, AZI=60) [1/sr]
89.9	0	0	60	3.7382011805152E-03
89.9	0	5	60	4.12213621677256E-03
89.9	0	10	60	4.53148048985571E-03
89.9	0	15	60	4.89924522789683E-03
89.9	0	20	60	5.14443017934482E-03
89.9	0	25	60	5.20576312605486E-03
89.9	0	30	60	5.07566429664998E-03
89.9	0	35	60	4.80656736355033E-03
89.9	0	40	60	4.48305466757413E-03
89.9	0	45	60	4.18297028396582E-03
89.9	0	50	60	3.95337815602022E-03
89.9	0	55	60	3.80710208293229E-03
89.9	0	60	60	3.73111029562421E-03
89.9	0	65	60	3.69857366680335E-03
89.9	0	70	60	3.6815081301159E-03
89.9	0	75	60	3.66173300583683E-03
89.9	0	80	60	3.63604838408559E-03
89.9	0	85	60	3.61297887815798E-03
89.9	0	89.9	60	3.60366313905352E-03
Spec Polar [deg.]	Spec Azimuth [deg.]	Scatter Polar [deg.]	Scatter Azimuth [deg.]	BSDF (AOI=89.9, AZI=70) [1/sr]
89.9	0	0	70	3.7382011805152E-03
89.9	0	5	70	3.97658322450629E-03
89.9	0	10	70	4.17149517414647E-03
89.9	0	15	70	4.26850363321855E-03
89.9	0	20	70	4.22439147483076E-03
89.9	0	25	70	4.02911720096352E-03
89.9	0	30	70	3.7140981065238E-03
89.9	0	35	70	3.33906483670726E-03
89.9	0	40	70	2.96681219264083E-03
89.9	0	45	70	2.64293440371504E-03
89.9	0	50	70	2.38937811443119E-03
89.9	0	55	70	2.20869933787567E-03
89.9	0	60	70	2.09173140213657E-03
89.9	0	65	70	2.02405747001374E-03
89.9	0	70	70	1.99030981252295E-03
89.9	0	75	70	1.97687968858085E-03
89.9	0	80	70	1.97348466676678E-03
89.9	0	85	70	1.97361107339929E-03
89.9	0	89.9	70	1.97397128210528E-03
Spec Polar [deg.]	Spec Azimuth [deg.]	Scatter Polar [deg.]	Scatter Azimuth [deg.]	BSDF (AOI=89.9, AZI=80) [1/sr]
89.9	0	0	80	3.7382011805152E-03
89.9	0	5	80	3.83875024941282E-03
89.9	0	10	80	3.87339075233339E-03
89.9	0	15	80	3.81512969718811E-03
89.9	0	20	80	3.65044810463074E-03
89.9	0	25	80	3.38841660171054E-03
89.9	0	30	80	3.06032504760346E-03
89.9	0	35	80	2.70922096639734E-03
89.9	0	40	80	2.37575549017263E-03
89.9	0	45	80	2.08821211962854E-03
89.9	0	50	80	1.85998733435709E-03
89.9	0	55	80	1.69252685374476E-03
89.9	0	60	80	1.57993385569604E-03
89.9	0	65	80	1.51269536194765E-03
89.9	0	70	80	1.47986019139859E-03
89.9	0	75	80	1.47015508350114E-03
89.9	0	80	80	1.47281491387322E-03
89.9	0	85	80	1.47864525566533E-03
89.9	0	89.9	80	1.48133990834384E-03
Spec Polar [deg.]	Spec Azimuth [deg.]	Scatter Polar [deg.]	Scatter Azimuth [deg.]	BSDF (AOI=89.9, AZI=90) [1/sr]
89.9	0	0	90	3.7382011805152E-03
89.9	0	5	90	3.71254268245814E-03
89.9	0	10	90	3.63412089706381E-03
89.9	0	15	90	3.50018676351263E-03
89.9	0	20	90	3.31064642152107E-03
89.9	0	25	90	3.07220713762227E-03
89.9	0	30	90	2.80011684116034E-03
89.9	0	35	90	2.51608077900922E-03
89.9	0	40	90	2.2432535106418E-03
89.9	0	45	90	2.00093887903446E-03
89.9	0	50	90	1.80140334548971E-03
89.9	0	55	90	1.6494710355699E-03
89.9	0	60	90	1.54395499644987E-03
89.9	0	65	90	1.47952902527229E-03
89.9	0	70	90	1.44817514228911E-03
89.9	0	75	90	1.44014381411803E-03
89.9	0	80	90	1.44490477897917E-03
89.9	0	85	90	1.45260353240229E-03
89.9	0	89.9	90	1.45605277775009E-03
Spec Polar [deg.]	Spec Azimuth [deg.]	Scatter Polar [deg.]	Scatter Azimuth [deg.]	BSDF (AOI=89.9, AZI=100) [1/sr]
89.9	0	0	100	3.7382011805152E-03
89.9	0	5	100	3.60001367859541E-03
89.9	0	10	100	3.44484188660863E-03
89.9	0	15	100	3.28266525814056E-03
89.9	0	20	100	3.11468021319991E-03
89.9	0	25	100	2.93793868821145E-03
89.9	0	30	100	2.75046277990684E-03
89.9	0	35	100	2.55484754496974E-03
89.9	0	40	100	2.3590630319678E-03
89.9	0	45	100	2.17448907372761E-03
89.9	0	50	100	2.01256677437998E-03
89.9	0	55	100	1.88184331714322E-03
89.9	0	60	100	1.78642953004462E-03
89.9	0	65	100	1.7258055784591E-03
89.9	0	70	100	1.69537755681875E-03
89.9	0	75	100	1.68736947362608E-03
89.9	0	80	100	0.001692096239778
89.9	0	85	100	1.69985880050087E-03
89.9	0	89.9	100	1.70335488041119E-03
Spec Polar [deg.]	Spec Azimuth [deg.]	Scatter Polar [deg.]	Scatter Azimuth [deg.]	BSDF (AOI=89.9, AZI=110) [1/sr]
89.9	0	0	110	3.7382011805152E-03
89.9	0	5	110	3.50185683226645E-03
89.9	0	10	110	3.2947030680967E-03
89.9	0	15	110	3.12585168825341E-03
89.9	0	20	110	2.99140854886457E-03
89.9	0	25	110	2.88041062161301E-03
89.9	0	30	110	2.78013287595169E-03
89.9	0	35	110	2.68034241376713E-03
89.9	0	40	110	2.57609600647901E-03
89.9	0	45	110	2.46856596622821E-03
89.9	0	50	110	2.3637836779982E-03
89.9	0	55	110	2.26995750871991E-03
89.9	0	60	110	2.19451058577905E-03
89.9	0	65	110	2.14182018871314E-03
89.9	0	70	110	2.11208798155852E-03
89.9	0	75	110	2.10135164628647E-03
89.9	0	80	110	2.10256372736464E-03
89.9	0	85	110	2.1076504758764E-03
89.9	0	89.9	110	2.11016668237989E-03
Spec Polar [deg.]	Spec Azimuth [deg.]	Scatter Polar [deg.]	Scatter Azimuth [deg.]	BSDF (AOI=89.9, AZI=120) [1/sr]
89.9	0	0	120	3.7382011805152E-03
89.9	0	5	120	3.41793785540627E-03
89.9	0	10	120	3.17359353459571E-03
89.9	0	15	120	3.00095668969897E-03
89.9	0	20	120	2.88798693678013E-03
89.9	0	25	120	2.82003811955334E-03
89.9	0	30	120	2.78222452892002E-03
89.9	0	35	120	2.76038698073692E-03
89.9	0	40	120	2.74199718210715E-03
89.9	0	45	120	2.71766567510649E-03
89.9	0	50	120	2.68290227173662E-03
89.9	0	55	120	2.63897574993875E-03
89.9	0	60	120	2.59185969277843E-03
89.9	0	65	120	2.54937256543284E-03
89.9	0	70	120	2.5177804980801E-03
89.9	0	75	120	2.49939925238644E-03
89.9	0	80	120	2.4921409250943E-03
89.9	0	85	120	2.49109469835322E-03
89.9	0	89.9	120	2.49141271214203E-03
Spec Polar [deg.]	Spec Azimuth [deg.]	Scatter Polar [deg.]	Scatter Azimuth [deg.]	BSDF (AOI=89.9, AZI=130) [1/sr]
89.9	0	0	130	3.7382011805152E-03
89.9	0	5	130	3.34775703315526E-03
89.9	0	10	130	3.07389238018579E-03
89.9	0	15	130	2.88959071551924E-03
89.9	0	20	130	2.77315147177194E-03
89.9	0	25	130	2.70981506791328E-03
89.9	0	30	130	2.68919989863643E-03
89.9	0	35	130	2.70109087418141E-03
89.9	0	40	130	2.73219216568971E-03
89.9	0	45	130	2.76599959647024E-03
89.9	0	50	130	2.78651620991738E-03
89.9	0	55	130	2.78400723082387E-03
89.9	0	60	130	2.75883413483277E-03
89.9	0	65	130	2.72022905228276E-03
89.9	0	70	130	2.68069218535186E-03
89.9	0	75	130	2.64981670352311E-03
89.9	0	80	130	2.63104896628916E-03
89.9	0	85	130	2.62243924972001E-03
89.9	0	89.9	130	2.62017700416924E-03
Spec Polar [deg.]	Spec Azimuth [deg.]	Scatter Polar [deg.]	Scatter Azimuth [deg.]	BSDF (AOI=89.9, AZI=140) [1/sr]
89.9	0	0	140	3.7382011805152E-03
89.9	0	5	140	3.29078086596523E-03
89.9	0	10	140	2.99124597141985E-03
89.9	0	15	140	2.78461952165963E-03
89.9	0	20	140	2.63965709700606E-03
89.9	0	25	140	2.54427883481771E-03
89.9	0	30	140	2.49632375571181E-03
89.9	0	35	140	2.49335394189001E-03
89.9	0	40	140	2.52538978460725E-03
89.9	0	45	140	2.57303432442786E-03
89.9	0	50	140	2.61212380316088E-03
89.9	0	55	140	2.62343030627532E-03
89.9	0	60	140	2.60155709841442E-03
89.9	0	65	140	2.55612332693747E-03
89.9	0	70	140	2.5043349484754E-03
89.9	0	75	140	2.46106469994029E-03
89.9	0	80	140	2.43303739401397E-03
89.9	0	85	140	2.4191906583669E-03
89.9	0	89.9	140	2.41529760434589E-03
Spec Polar [deg.]	Spec Azimuth [deg.]	Scatter Polar [deg.]	Scatter Azimuth [deg.]	BSDF (AOI=89.9, AZI=150) [1/sr]
89.9	0	0	150	3.7382011805152E-03
89.9	0	5	150	3.24662380091013E-03
89.9	0	10	150	2.92441886349242E-03
89.9	0	15	150	2.68853833659707E-03
89.9	0	20	150	2.50031992533755E-03
89.9	0	25	150	2.35307649086075E-03
89.9	0	30	150	2.25433351267195E-03
89.9	0	35	150	2.20928932605852E-03
89.9	0	40	150	2.21127194173835E-03
89.9	0	45	150	2.24003056642617E-03
89.9	0	50	150	2.26742529484452E-03
89.9	0	55	150	2.26927326205896E-03
89.9	0	60	150	2.23710048109645E-03
89.9	0	65	150	2.18064858206567E-03
89.9	0	70	150	2.11911768423359E-03
89.9	0	75	150	2.06903734108111E-03
89.9	0	80	150	2.03737421671032E-03
89.9	0	85	150	2.02215314450141E-03
89.9	0	89.9	150	2.0179757478551E-03
Spec Polar [deg.]	Spec Azimuth [deg.]	Scatter Polar [deg.]	Scatter Azimuth [deg.]	BSDF (AOI=89.9, AZI=160) [1/sr]
89.9	0	0	160	3.7382011805152E-03
89.9	0	5	160	3.21509616176083E-03
89.9	0	10	160	2.87441304617363E-03
89.9	0	15	160	2.60964327046415E-03
89.9	0	20	160	2.37794619589711E-03
89.9	0	25	160	2.17971868004884E-03
89.9	0	30	160	2.03157194610106E-03
89.9	0	35	160	1.94403174249216E-03
89.9	0	40	160	1.91175216783195E-03
89.9	0	45	160	1.91380083004166E-03
89.9	0	50	160	1.92069946293841E-03
89.9	0	55	160	1.90694093245695E-03
89.9	0	60	160	1.86331074152723E-03
89.9	0	65	160	1.79940304187252E-03
89.9	0	70	160	1.73415124640756E-03
89.9	0	75	160	1.68319816465538E-03
89.9	0	80	160	1.65221807669381E-03
89.9	0	85	160	1.63799664309272E-03
89.9	0	89.9	160	1.63425899169371E-03
Spec Polar [deg.]	Spec Azimuth [deg.]	Scatter Polar [deg.]	Scatter Azimuth [deg.]	BSDF (AOI=89.9, AZI=170) [1/sr]
89.9	0	0	170	3.7382011805152E-03
89.9	0	5	170	3.1961593052962E-03
89.9	0	10	170	2.84321584365322E-03
89.9	0	15	170	2.5574960882165E-03
89.9	0	20	170	2.29465028842676E-03
89.9	0	25	170	2.06123506668743E-03
89.9	0	30	170	1.88026176673774E-03
89.9	0	35	170	1.7649595184357E-03
89.9	0	40	170	1.70983583416157E-03
89.9	0	45	170	1.69319814063905E-03
89.9	0	50	170	1.68528953071713E-03
89.9	0	55	170	1.66075283541746E-03
89.9	0	60	170	1.61052103262973E-03
89.9	0	65	170	1.54387444380165E-03
89.9	0	70	170	1.47874618923179E-03
89.9	0	75	170	1.4293855307871E-03
89.9	0	80	170	1.40024194583627E-03
89.9	0	85	170	1.38734759327303E-03
89.9	0	89.9	170	1.3840832836388E-03
Spec Polar [deg.]	Spec Azimuth [deg.]	Scatter Polar [deg.]	Scatter Azimuth [deg.]	BSDF (AOI=89.9, AZI=180) [1/sr]
89.9	0	0	180	3.7382011805152E-03
89.9	0	5	180	3.18984072538043E-03
89.9	0	10	180	2.83258779634401E-03
89.9	0	15	180	2.53924580486304E-03
89.9	0	20	180	2.26520241062483E-03
89.9	0	25	180	2.01945749224239E-03
89.9	0	30	180	1.82730915868609E-03
89.9	0	35	180	1.70274446634993E-03
89.9	0	40	180	1.64000837636501E-03
89.9	0	45	180	1.61706518879144E-03
89.9	0	50	180	1.60413705521647E-03
89.9	0	55	180	1.57606214566332E-03
89.9	0	60	180	1.52390547239273E-03
89.9	0	65	180	1.45678947875179E-03
89.9	0	70	180	1.39217121081567E-03
89.9	0	75	180	1.3437086250129E-03
89.9	0	80	180	1.3153962974391E-03
89.9	0	85	180	1.30304127369277E-03
89.9	0	89.9	180	1.29995925893777E-03
