type bsdf_data
format angles=deg bsdf=value scale=1
angles measured from local surface normal
AOI	0	deg.
FRED TIS integral (0-1)	6.22020540825502E-02
Spec Polar [deg.]	Spec Azimuth [deg.]	Scatter Polar [deg.]	Scatter Azimuth [deg.]	BSDF (AOI=0, AZI=0) [1/sr]
0	0	0	0	5.17171102709215E-02
0	0	5	0	4.98427365665022E-02
0	0	10	0	4.48730745721279E-02
0	0	15	0	3.83434111521795E-02
0	0	20	0	3.18098153881477E-02
0	0	25	0	2.62611790898878E-02
0	0	30	0	2.20489496959823E-02
0	0	35	0	1.91078823302895E-02
0	0	40	0	1.71907792806719E-02
0	0	45	0	1.60063846925366E-02
0	0	50	0	1.52753213411566E-02
0	0	55	0	1.47530260493109E-02
0	0	60	0	1.42529896291088E-02
0	0	65	0	1.36734869769753E-02
0	0	70	0	1.30091179148375E-02
0	0	75	0	1.23315559943984E-02
0	0	80	0	1.17468928408594E-02
0	0	85	0	1.13531062774553E-02
0	0	89.9	0	1.12146035415456E-02
Spec Polar [deg.]	Spec Azimuth [deg.]	Scatter Polar [deg.]	Scatter Azimuth [deg.]	BSDF (AOI=0, AZI=10) [1/sr]
0	0	0	10	5.17171102709215E-02
0	0	5	10	4.98427365665022E-02
0	0	10	10	4.48730745721279E-02
0	0	15	10	3.83434111521795E-02
0	0	20	10	3.18098153881477E-02
0	0	25	10	2.62611790898878E-02
0	0	30	10	2.20489496959823E-02
0	0	35	10	1.91078823302896E-02
0	0	40	10	1.71907792806719E-02
0	0	45	10	1.60063846925366E-02
0	0	50	10	1.52753213411566E-02
0	0	55	10	1.47530260493109E-02
0	0	60	10	1.42529896291088E-02
0	0	65	10	1.36734869769753E-02
0	0	70	10	1.30091179148375E-02
0	0	75	10	1.23315559943984E-02
0	0	80	10	1.17468928408594E-02
0	0	85	10	1.13531062774554E-02
0	0	89.9	10	1.12146035415456E-02
Spec Polar [deg.]	Spec Azimuth [deg.]	Scatter Polar [deg.]	Scatter Azimuth [deg.]	BSDF (AOI=0, AZI=20) [1/sr]
0	0	0	20	5.17171102709215E-02
0	0	5	20	4.98427365665022E-02
0	0	10	20	4.48730745721279E-02
0	0	15	20	3.83434111521795E-02
0	0	20	20	3.18098153881477E-02
0	0	25	20	2.62611790898878E-02
0	0	30	20	2.20489496959823E-02
0	0	35	20	1.91078823302896E-02
0	0	40	20	1.71907792806719E-02
0	0	45	20	1.60063846925366E-02
0	0	50	20	1.52753213411566E-02
0	0	55	20	0.014753026049311
0	0	60	20	1.42529896291088E-02
0	0	65	20	1.36734869769753E-02
0	0	70	20	1.30091179148375E-02
0	0	75	20	1.23315559943984E-02
0	0	80	20	1.17468928408594E-02
0	0	85	20	1.13531062774554E-02
0	0	89.9	20	1.12146035415456E-02
Spec Polar [deg.]	Spec Azimuth [deg.]	Scatter Polar [deg.]	Scatter Azimuth [deg.]	BSDF (AOI=0, AZI=30) [1/sr]
0	0	0	30	5.17171102709215E-02
0	0	5	30	4.98427365665022E-02
0	0	10	30	4.48730745721279E-02
0	0	15	30	3.83434111521795E-02
0	0	20	30	3.18098153881477E-02
0	0	25	30	2.62611790898878E-02
0	0	30	30	2.20489496959823E-02
0	0	35	30	1.91078823302896E-02
0	0	40	30	1.71907792806719E-02
0	0	45	30	1.60063846925366E-02
0	0	50	30	1.52753213411566E-02
0	0	55	30	1.47530260493109E-02
0	0	60	30	1.42529896291088E-02
0	0	65	30	1.36734869769753E-02
0	0	70	30	1.30091179148375E-02
0	0	75	30	1.23315559943984E-02
0	0	80	30	1.17468928408594E-02
0	0	85	30	1.13531062774553E-02
0	0	89.9	30	1.12146035415456E-02
Spec Polar [deg.]	Spec Azimuth [deg.]	Scatter Polar [deg.]	Scatter Azimuth [deg.]	BSDF (AOI=0, AZI=40) [1/sr]
0	0	0	40	5.17171102709215E-02
0	0	5	40	4.98427365665022E-02
0	0	10	40	4.48730745721279E-02
0	0	15	40	3.83434111521795E-02
0	0	20	40	3.18098153881477E-02
0	0	25	40	2.62611790898878E-02
0	0	30	40	2.20489496959823E-02
0	0	35	40	1.91078823302896E-02
0	0	40	40	1.71907792806719E-02
0	0	45	40	1.60063846925366E-02
0	0	50	40	1.52753213411566E-02
0	0	55	40	1.47530260493109E-02
0	0	60	40	1.42529896291088E-02
0	0	65	40	1.36734869769753E-02
0	0	70	40	1.30091179148375E-02
0	0	75	40	1.23315559943984E-02
0	0	80	40	1.17468928408594E-02
0	0	85	40	1.13531062774553E-02
0	0	89.9	40	1.12146035415456E-02
Spec Polar [deg.]	Spec Azimuth [deg.]	Scatter Polar [deg.]	Scatter Azimuth [deg.]	BSDF (AOI=0, AZI=50) [1/sr]
0	0	0	50	5.17171102709215E-02
0	0	5	50	4.98427365665022E-02
0	0	10	50	4.48730745721279E-02
0	0	15	50	3.83434111521795E-02
0	0	20	50	3.18098153881477E-02
0	0	25	50	2.62611790898878E-02
0	0	30	50	2.20489496959823E-02
0	0	35	50	1.91078823302896E-02
0	0	40	50	1.71907792806719E-02
0	0	45	50	1.60063846925366E-02
0	0	50	50	1.52753213411566E-02
0	0	55	50	0.014753026049311
0	0	60	50	1.42529896291088E-02
0	0	65	50	1.36734869769753E-02
0	0	70	50	1.30091179148375E-02
0	0	75	50	1.23315559943983E-02
0	0	80	50	1.17468928408594E-02
0	0	85	50	1.13531062774553E-02
0	0	89.9	50	1.12146035415456E-02
Spec Polar [deg.]	Spec Azimuth [deg.]	Scatter Polar [deg.]	Scatter Azimuth [deg.]	BSDF (AOI=0, AZI=60) [1/sr]
0	0	0	60	5.17171102709215E-02
0	0	5	60	4.98427365665022E-02
0	0	10	60	4.48730745721279E-02
0	0	15	60	3.83434111521795E-02
0	0	20	60	3.18098153881477E-02
0	0	25	60	2.62611790898878E-02
0	0	30	60	2.20489496959823E-02
0	0	35	60	1.91078823302896E-02
0	0	40	60	1.71907792806719E-02
0	0	45	60	1.60063846925366E-02
0	0	50	60	1.52753213411566E-02
0	0	55	60	0.014753026049311
0	0	60	60	1.42529896291088E-02
0	0	65	60	1.36734869769754E-02
0	0	70	60	1.30091179148375E-02
0	0	75	60	1.23315559943984E-02
0	0	80	60	1.17468928408594E-02
0	0	85	60	1.13531062774554E-02
0	0	89.9	60	1.12146035415456E-02
Spec Polar [deg.]	Spec Azimuth [deg.]	Scatter Polar [deg.]	Scatter Azimuth [deg.]	BSDF (AOI=0, AZI=70) [1/sr]
0	0	0	70	5.17171102709215E-02
0	0	5	70	4.98427365665022E-02
0	0	10	70	4.48730745721279E-02
0	0	15	70	3.83434111521795E-02
0	0	20	70	3.18098153881477E-02
0	0	25	70	2.62611790898878E-02
0	0	30	70	2.20489496959823E-02
0	0	35	70	1.91078823302896E-02
0	0	40	70	1.71907792806719E-02
0	0	45	70	1.60063846925366E-02
0	0	50	70	1.52753213411566E-02
0	0	55	70	1.47530260493109E-02
0	0	60	70	1.42529896291088E-02
0	0	65	70	1.36734869769753E-02
0	0	70	70	1.30091179148375E-02
0	0	75	70	1.23315559943983E-02
0	0	80	70	1.17468928408594E-02
0	0	85	70	1.13531062774553E-02
0	0	89.9	70	1.12146035415456E-02
Spec Polar [deg.]	Spec Azimuth [deg.]	Scatter Polar [deg.]	Scatter Azimuth [deg.]	BSDF (AOI=0, AZI=80) [1/sr]
0	0	0	80	5.17171102709215E-02
0	0	5	80	4.98427365665022E-02
0	0	10	80	4.48730745721279E-02
0	0	15	80	3.83434111521795E-02
0	0	20	80	3.18098153881477E-02
0	0	25	80	2.62611790898878E-02
0	0	30	80	2.20489496959823E-02
0	0	35	80	1.91078823302896E-02
0	0	40	80	1.71907792806719E-02
0	0	45	80	1.60063846925366E-02
0	0	50	80	1.52753213411566E-02
0	0	55	80	1.47530260493109E-02
0	0	60	80	1.42529896291088E-02
0	0	65	80	1.36734869769753E-02
0	0	70	80	1.30091179148375E-02
0	0	75	80	1.23315559943983E-02
0	0	80	80	1.17468928408594E-02
0	0	85	80	1.13531062774554E-02
0	0	89.9	80	1.12146035415456E-02
Spec Polar [deg.]	Spec Azimuth [deg.]	Scatter Polar [deg.]	Scatter Azimuth [deg.]	BSDF (AOI=0, AZI=90) [1/sr]
0	0	0	90	5.17171102709215E-02
0	0	5	90	4.98427365665022E-02
0	0	10	90	4.48730745721279E-02
0	0	15	90	3.83434111521795E-02
0	0	20	90	3.18098153881477E-02
0	0	25	90	2.62611790898878E-02
0	0	30	90	2.20489496959823E-02
0	0	35	90	1.91078823302895E-02
0	0	40	90	1.71907792806719E-02
0	0	45	90	1.60063846925366E-02
0	0	50	90	1.52753213411566E-02
0	0	55	90	1.47530260493109E-02
0	0	60	90	1.42529896291088E-02
0	0	65	90	1.36734869769753E-02
0	0	70	90	1.30091179148375E-02
0	0	75	90	1.23315559943984E-02
0	0	80	90	1.17468928408594E-02
0	0	85	90	1.13531062774553E-02
0	0	89.9	90	1.12146035415456E-02
Spec Polar [deg.]	Spec Azimuth [deg.]	Scatter Polar [deg.]	Scatter Azimuth [deg.]	BSDF (AOI=0, AZI=100) [1/sr]
0	0	0	100	5.17171102709215E-02
0	0	5	100	4.98427365665022E-02
0	0	10	100	4.48730745721279E-02
0	0	15	100	3.83434111521795E-02
0	0	20	100	3.18098153881477E-02
0	0	25	100	2.62611790898878E-02
0	0	30	100	2.20489496959823E-02
0	0	35	100	1.91078823302896E-02
0	0	40	100	1.71907792806719E-02
0	0	45	100	1.60063846925366E-02
0	0	50	100	1.52753213411566E-02
0	0	55	100	1.47530260493109E-02
0	0	60	100	1.42529896291088E-02
0	0	65	100	1.36734869769753E-02
0	0	70	100	1.30091179148375E-02
0	0	75	100	1.23315559943984E-02
0	0	80	100	1.17468928408594E-02
0	0	85	100	1.13531062774554E-02
0	0	89.9	100	1.12146035415456E-02
Spec Polar [deg.]	Spec Azimuth [deg.]	Scatter Polar [deg.]	Scatter Azimuth [deg.]	BSDF (AOI=0, AZI=110) [1/sr]
0	0	0	110	5.17171102709215E-02
0	0	5	110	4.98427365665022E-02
0	0	10	110	4.48730745721279E-02
0	0	15	110	3.83434111521795E-02
0	0	20	110	3.18098153881477E-02
0	0	25	110	2.62611790898878E-02
0	0	30	110	2.20489496959823E-02
0	0	35	110	1.91078823302896E-02
0	0	40	110	1.71907792806719E-02
0	0	45	110	1.60063846925366E-02
0	0	50	110	1.52753213411566E-02
0	0	55	110	0.014753026049311
0	0	60	110	1.42529896291088E-02
0	0	65	110	1.36734869769753E-02
0	0	70	110	1.30091179148375E-02
0	0	75	110	1.23315559943984E-02
0	0	80	110	1.17468928408594E-02
0	0	85	110	1.13531062774554E-02
0	0	89.9	110	1.12146035415456E-02
Spec Polar [deg.]	Spec Azimuth [deg.]	Scatter Polar [deg.]	Scatter Azimuth [deg.]	BSDF (AOI=0, AZI=120) [1/sr]
0	0	0	120	5.17171102709215E-02
0	0	5	120	4.98427365665022E-02
0	0	10	120	4.48730745721279E-02
0	0	15	120	3.83434111521795E-02
0	0	20	120	3.18098153881477E-02
0	0	25	120	2.62611790898878E-02
0	0	30	120	2.20489496959823E-02
0	0	35	120	1.91078823302896E-02
0	0	40	120	1.71907792806719E-02
0	0	45	120	1.60063846925366E-02
0	0	50	120	1.52753213411566E-02
0	0	55	120	0.014753026049311
0	0	60	120	1.42529896291088E-02
0	0	65	120	1.36734869769753E-02
0	0	70	120	1.30091179148375E-02
0	0	75	120	1.23315559943984E-02
0	0	80	120	1.17468928408594E-02
0	0	85	120	1.13531062774554E-02
0	0	89.9	120	1.12146035415456E-02
Spec Polar [deg.]	Spec Azimuth [deg.]	Scatter Polar [deg.]	Scatter Azimuth [deg.]	BSDF (AOI=0, AZI=130) [1/sr]
0	0	0	130	5.17171102709215E-02
0	0	5	130	4.98427365665022E-02
0	0	10	130	4.48730745721279E-02
0	0	15	130	3.83434111521795E-02
0	0	20	130	3.18098153881477E-02
0	0	25	130	2.62611790898878E-02
0	0	30	130	2.20489496959823E-02
0	0	35	130	1.91078823302896E-02
0	0	40	130	1.71907792806719E-02
0	0	45	130	1.60063846925366E-02
0	0	50	130	1.52753213411566E-02
0	0	55	130	0.014753026049311
0	0	60	130	1.42529896291088E-02
0	0	65	130	1.36734869769753E-02
0	0	70	130	1.30091179148375E-02
0	0	75	130	1.23315559943983E-02
0	0	80	130	1.17468928408594E-02
0	0	85	130	1.13531062774553E-02
0	0	89.9	130	1.12146035415456E-02
Spec Polar [deg.]	Spec Azimuth [deg.]	Scatter Polar [deg.]	Scatter Azimuth [deg.]	BSDF (AOI=0, AZI=140) [1/sr]
0	0	0	140	5.17171102709215E-02
0	0	5	140	4.98427365665022E-02
0	0	10	140	4.48730745721279E-02
0	0	15	140	3.83434111521795E-02
0	0	20	140	3.18098153881477E-02
0	0	25	140	2.62611790898878E-02
0	0	30	140	2.20489496959823E-02
0	0	35	140	1.91078823302896E-02
0	0	40	140	1.71907792806719E-02
0	0	45	140	1.60063846925366E-02
0	0	50	140	1.52753213411566E-02
0	0	55	140	0.014753026049311
0	0	60	140	1.42529896291088E-02
0	0	65	140	1.36734869769753E-02
0	0	70	140	1.30091179148375E-02
0	0	75	140	1.23315559943984E-02
0	0	80	140	1.17468928408594E-02
0	0	85	140	1.13531062774554E-02
0	0	89.9	140	1.12146035415456E-02
Spec Polar [deg.]	Spec Azimuth [deg.]	Scatter Polar [deg.]	Scatter Azimuth [deg.]	BSDF (AOI=0, AZI=150) [1/sr]
0	0	0	150	5.17171102709215E-02
0	0	5	150	4.98427365665022E-02
0	0	10	150	4.48730745721279E-02
0	0	15	150	3.83434111521795E-02
0	0	20	150	3.18098153881477E-02
0	0	25	150	2.62611790898878E-02
0	0	30	150	2.20489496959823E-02
0	0	35	150	1.91078823302896E-02
0	0	40	150	1.71907792806719E-02
0	0	45	150	1.60063846925366E-02
0	0	50	150	1.52753213411566E-02
0	0	55	150	1.47530260493109E-02
0	0	60	150	1.42529896291088E-02
0	0	65	150	1.36734869769753E-02
0	0	70	150	1.30091179148375E-02
0	0	75	150	1.23315559943984E-02
0	0	80	150	1.17468928408594E-02
0	0	85	150	1.13531062774553E-02
0	0	89.9	150	1.12146035415456E-02
Spec Polar [deg.]	Spec Azimuth [deg.]	Scatter Polar [deg.]	Scatter Azimuth [deg.]	BSDF (AOI=0, AZI=160) [1/sr]
0	0	0	160	5.17171102709215E-02
0	0	5	160	4.98427365665022E-02
0	0	10	160	4.48730745721279E-02
0	0	15	160	3.83434111521795E-02
0	0	20	160	3.18098153881477E-02
0	0	25	160	2.62611790898878E-02
0	0	30	160	2.20489496959823E-02
0	0	35	160	1.91078823302895E-02
0	0	40	160	1.71907792806719E-02
0	0	45	160	1.60063846925366E-02
0	0	50	160	1.52753213411566E-02
0	0	55	160	1.47530260493109E-02
0	0	60	160	1.42529896291088E-02
0	0	65	160	1.36734869769753E-02
0	0	70	160	1.30091179148375E-02
0	0	75	160	1.23315559943984E-02
0	0	80	160	1.17468928408594E-02
0	0	85	160	1.13531062774553E-02
0	0	89.9	160	1.12146035415456E-02
Spec Polar [deg.]	Spec Azimuth [deg.]	Scatter Polar [deg.]	Scatter Azimuth [deg.]	BSDF (AOI=0, AZI=170) [1/sr]
0	0	0	170	5.17171102709215E-02
0	0	5	170	4.98427365665022E-02
0	0	10	170	4.48730745721279E-02
0	0	15	170	3.83434111521795E-02
0	0	20	170	3.18098153881477E-02
0	0	25	170	2.62611790898878E-02
0	0	30	170	2.20489496959823E-02
0	0	35	170	1.91078823302896E-02
0	0	40	170	1.71907792806719E-02
0	0	45	170	1.60063846925366E-02
0	0	50	170	1.52753213411566E-02
0	0	55	170	1.47530260493109E-02
0	0	60	170	1.42529896291088E-02
0	0	65	170	1.36734869769753E-02
0	0	70	170	1.30091179148375E-02
0	0	75	170	1.23315559943984E-02
0	0	80	170	1.17468928408594E-02
0	0	85	170	1.13531062774554E-02
0	0	89.9	170	1.12146035415456E-02
Spec Polar [deg.]	Spec Azimuth [deg.]	Scatter Polar [deg.]	Scatter Azimuth [deg.]	BSDF (AOI=0, AZI=180) [1/sr]
0	0	0	180	5.17171102709215E-02
0	0	5	180	4.98427365665022E-02
0	0	10	180	4.48730745721279E-02
0	0	15	180	3.83434111521795E-02
0	0	20	180	3.18098153881477E-02
0	0	25	180	2.62611790898878E-02
0	0	30	180	2.20489496959823E-02
0	0	35	180	1.91078823302895E-02
0	0	40	180	1.71907792806719E-02
0	0	45	180	1.60063846925366E-02
0	0	50	180	1.52753213411566E-02
0	0	55	180	1.47530260493109E-02
0	0	60	180	1.42529896291088E-02
0	0	65	180	1.36734869769753E-02
0	0	70	180	1.30091179148375E-02
0	0	75	180	1.23315559943984E-02
0	0	80	180	1.17468928408594E-02
0	0	85	180	1.13531062774553E-02
0	0	89.9	180	1.12146035415456E-02
AOI	10	deg.
FRED TIS integral (0-1)	0.064496379926107
Spec Polar [deg.]	Spec Azimuth [deg.]	Scatter Polar [deg.]	Scatter Azimuth [deg.]	BSDF (AOI=10, AZI=0) [1/sr]
10	0	0	0	4.48730745721279E-02
10	0	5	0	5.09754911308507E-02
10	0	10	0	5.37908078944473E-02
10	0	15	0	5.24366280738866E-02
10	0	20	0	4.76701327940125E-02
10	0	25	0	4.13147385612641E-02
10	0	30	0	3.51326114590276E-02
10	0	35	0	3.01494995886948E-02
10	0	40	0	2.66576044424184E-02
10	0	45	0	2.45107540040187E-02
10	0	50	0	2.33752874509794E-02
10	0	55	0	2.28603713884926E-02
10	0	60	0	2.25880543111628E-02
10	0	65	0	2.22631191789117E-02
10	0	70	0	2.17423067781363E-02
10	0	75	0	2.10571862711962E-02
10	0	80	0	2.03642666019442E-02
10	0	85	0	1.98530400227572E-02
10	0	89.9	0	1.96656052774237E-02
Spec Polar [deg.]	Spec Azimuth [deg.]	Scatter Polar [deg.]	Scatter Azimuth [deg.]	BSDF (AOI=10, AZI=10) [1/sr]
10	0	0	10	4.48730745721279E-02
10	0	5	10	5.08488043340454E-02
10	0	10	10	5.35276361846009E-02
10	0	15	10	5.20724465748993E-02
10	0	20	10	4.72660582479879E-02
10	0	25	10	4.09242467564683E-02
10	0	30	10	3.47830241302855E-02
10	0	35	10	2.98442772162956E-02
10	0	40	10	2.63872633997183E-02
10	0	45	10	2.42619145736323E-02
10	0	50	10	2.31354146164394E-02
10	0	55	10	2.26197436978205E-02
10	0	60	10	2.23405706629783E-02
10	0	65	10	2.20064847426436E-02
10	0	70	10	2.14774465290816E-02
10	0	75	10	2.07868450088315E-02
10	0	80	10	2.00913245180822E-02
10	0	85	10	1.95793537589196E-02
10	0	89.9	10	1.93918393436765E-02
Spec Polar [deg.]	Spec Azimuth [deg.]	Scatter Polar [deg.]	Scatter Azimuth [deg.]	BSDF (AOI=10, AZI=20) [1/sr]
10	0	0	20	4.48730745721279E-02
10	0	5	20	5.04751179297935E-02
10	0	10	20	5.27567707332561E-02
10	0	15	20	5.10128774022885E-02
10	0	20	20	4.60976407651338E-02
10	0	25	20	3.98011915848033E-02
10	0	30	20	3.37821663823235E-02
10	0	35	20	2.89735073580705E-02
10	0	40	20	0.02561777322122
10	0	45	20	2.35543129387391E-02
10	0	50	20	2.24532508076866E-02
10	0	55	20	2.19351213778797E-02
10	0	60	20	2.16364640930368E-02
10	0	65	20	0.021277155990979
10	0	70	20	2.07264349660789E-02
10	0	75	20	2.00225380399989E-02
10	0	80	20	1.93218799919877E-02
10	0	85	20	1.88094116930224E-02
10	0	89.9	20	1.86222536763211E-02
Spec Polar [deg.]	Spec Azimuth [deg.]	Scatter Polar [deg.]	Scatter Azimuth [deg.]	BSDF (AOI=10, AZI=30) [1/sr]
10	0	0	30	4.48730745721279E-02
10	0	5	30	4.98729512243025E-02
10	0	10	30	5.15314278281855E-02
10	0	15	30	4.93505411200405E-02
10	0	20	30	4.42862645010864E-02
10	0	25	30	3.80782601831261E-02
10	0	30	30	3.22602085654934E-02
10	0	35	30	2.76584952254681E-02
10	0	40	30	2.44609931725865E-02
10	0	45	30	2.24926435416229E-02
10	0	50	30	2.14295734786692E-02
10	0	55	30	2.09067989031758E-02
10	0	60	30	0.020578879788807
10	0	65	30	2.01839916147595E-02
10	0	70	30	1.96056263477424E-02
10	0	75	30	1.88883227704381E-02
10	0	80	30	1.81863759305298E-02
10	0	85	30	1.76777421441879E-02
10	0	89.9	30	1.74927643548604E-02
Spec Polar [deg.]	Spec Azimuth [deg.]	Scatter Polar [deg.]	Scatter Azimuth [deg.]	BSDF (AOI=10, AZI=40) [1/sr]
10	0	0	40	4.48730745721279E-02
10	0	5	40	4.90712629834732E-02
10	0	10	40	4.99318806015644E-02
10	0	15	40	4.72208072785243E-02
10	0	20	40	0.042004571647027
10	0	25	40	3.59399903411021E-02
10	0	30	40	3.03951230467018E-02
10	0	35	40	2.60631834812911E-02
10	0	40	40	2.30671288212181E-02
10	0	45	40	2.12171713320029E-02
10	0	50	40	2.01994467728245E-02
10	0	55	40	1.96693027507419E-02
10	0	60	40	1.93059925087186E-02
10	0	65	40	1.88720516921131E-02
10	0	70	40	1.82686270488975E-02
10	0	75	40	0.017546111921984
10	0	80	40	1.68532454340521E-02
10	0	85	40	1.63567585657605E-02
10	0	89.9	40	0.016177098941625
Spec Polar [deg.]	Spec Azimuth [deg.]	Scatter Polar [deg.]	Scatter Azimuth [deg.]	BSDF (AOI=10, AZI=50) [1/sr]
10	0	0	50	4.48730745721279E-02
10	0	5	50	4.81069226607247E-02
10	0	10	50	4.80549834587668E-02
10	0	15	50	4.47794322066908E-02
10	0	20	50	3.94431641809101E-02
10	0	25	50	0.033583239926455
10	0	30	50	2.83718061332746E-02
10	0	35	50	2.43548398040762E-02
10	0	40	50	2.15878931260257E-02
10	0	45	50	1.98690702790176E-02
10	0	50	50	1.88988962090222E-02
10	0	55	50	1.83583061214415E-02
10	0	60	50	1.79568967514881E-02
10	0	65	50	0.017486179179453
10	0	70	50	1.68666042178258E-02
10	0	75	50	1.61524262063727E-02
10	0	80	50	1.54826023116436E-02
10	0	85	50	1.50084439414679E-02
10	0	89.9	50	1.48377916156642E-02
Spec Polar [deg.]	Spec Azimuth [deg.]	Scatter Polar [deg.]	Scatter Azimuth [deg.]	BSDF (AOI=10, AZI=60) [1/sr]
10	0	0	60	4.48730745721279E-02
10	0	5	60	0.047021748298432
10	0	10	60	4.60030285440149E-02
10	0	15	60	4.21807324698025E-02
10	0	20	60	3.67804917159089E-02
10	0	25	60	3.11836547786759E-02
10	0	30	60	2.63490668145367E-02
10	0	35	60	2.26733515671874E-02
10	0	40	60	2.01482635146764E-02
10	0	45	60	1.85640307009197E-02
10	0	50	60	1.76395253630987E-02
10	0	55	60	1.70853983885501E-02
10	0	60	60	1.66457331279555E-02
10	0	65	60	1.61438602779582E-02
10	0	70	60	1.55195999916399E-02
10	0	75	60	1.48283018174479E-02
10	0	80	60	1.41951663661671E-02
10	0	85	60	1.37527602039571E-02
10	0	89.9	60	1.35944414695672E-02
Spec Polar [deg.]	Spec Azimuth [deg.]	Scatter Polar [deg.]	Scatter Azimuth [deg.]	BSDF (AOI=10, AZI=70) [1/sr]
10	0	0	70	4.48730745721279E-02
10	0	5	70	4.58595212598186E-02
10	0	10	70	4.38740000256542E-02
10	0	15	70	3.95609328179442E-02
10	0	20	70	3.41627239712894E-02
10	0	25	70	2.88758168245527E-02
10	0	30	70	2.44419557792239E-02
10	0	35	70	2.11159258143737E-02
10	0	40	70	1.88329663011221E-02
10	0	45	70	1.73798115579104E-02
10	0	50	70	0.016496536622089
10	0	55	70	1.59261592692743E-02
10	0	60	70	1.54496321127205E-02
10	0	65	70	1.49231340088021E-02
10	0	70	70	1.43047441391762E-02
10	0	75	70	1.36481924313976E-02
10	0	80	70	1.30620393916834E-02
10	0	85	70	1.26581444941808E-02
10	0	89.9	70	1.25144855224394E-02
Spec Polar [deg.]	Spec Azimuth [deg.]	Scatter Polar [deg.]	Scatter Azimuth [deg.]	BSDF (AOI=10, AZI=80) [1/sr]
10	0	0	80	4.48730745721279E-02
10	0	5	80	4.46633271516237E-02
10	0	10	80	4.17545522027132E-02
10	0	15	80	3.70287765538531E-02
10	0	20	80	3.16954368273556E-02
10	0	25	80	0.026747850279295
10	0	30	80	2.27190975415887E-02
10	0	35	80	1.97361117401454E-02
10	0	40	80	1.76862660781922E-02
10	0	45	80	1.63562499563975E-02
10	0	50	80	1.55087244207336E-02
10	0	55	80	1.49201381490804E-02
10	0	60	80	1.44089333220054E-02
10	0	65	80	1.38635500792341E-02
10	0	70	80	1.32585211567865E-02
10	0	75	80	1.26438892681531E-02
10	0	80	80	1.21101964880252E-02
10	0	85	80	1.17480950987591E-02
10	0	89.9	80	1.16201722570002E-02
Spec Polar [deg.]	Spec Azimuth [deg.]	Scatter Polar [deg.]	Scatter Azimuth [deg.]	BSDF (AOI=10, AZI=90) [1/sr]
10	0	0	90	4.48730745721279E-02
10	0	5	90	4.34734581429633E-02
10	0	10	90	0.039716141575115
10	0	15	90	3.46630448255086E-02
10	0	20	90	2.94449937549856E-02
10	0	25	90	2.48465862210842E-02
10	0	30	90	2.12100566915024E-02
10	0	35	90	1.85518452736026E-02
10	0	40	90	1.67198512254903E-02
10	0	45	90	0.015502742689884
10	0	50	90	1.46856352651731E-02
10	0	55	90	1.40779542438551E-02
10	0	60	90	1.35346534046572E-02
10	0	65	90	1.29745592849594E-02
10	0	70	90	1.23865656420538E-02
10	0	75	90	1.18158791516879E-02
10	0	80	90	0.011335169127988
10	0	85	90	1.10146926421634E-02
10	0	89.9	90	1.09023626911914E-02
Spec Polar [deg.]	Spec Azimuth [deg.]	Scatter Polar [deg.]	Scatter Azimuth [deg.]	BSDF (AOI=10, AZI=100) [1/sr]
10	0	0	100	4.48730745721279E-02
10	0	5	100	4.23259804131487E-02
10	0	10	100	3.78140006419972E-02
10	0	15	100	3.25151245615881E-02
10	0	20	100	0.027445751388535
10	0	25	100	2.31880077694122E-02
10	0	30	100	0.019917000418551
10	0	35	100	0.017556952397608
10	0	40	100	1.59236351228514E-02
10	0	45	100	1.48083466745295E-02
10	0	50	100	1.40172128346717E-02
10	0	55	100	1.33908288579056E-02
10	0	60	100	1.28183184053209E-02
10	0	65	100	0.012246077042791
10	0	70	100	0.011675249291934
10	0	75	100	1.11459655578619E-02
10	0	80	100	1.07144547216664E-02
10	0	85	100	0.010432457108901
10	0	89.9	100	1.03345256598259E-02
Spec Polar [deg.]	Spec Azimuth [deg.]	Scatter Polar [deg.]	Scatter Azimuth [deg.]	BSDF (AOI=10, AZI=110) [1/sr]
10	0	0	110	4.48730745721279E-02
10	0	5	110	4.12519532458495E-02
10	0	10	110	3.60882112373277E-02
10	0	15	110	3.06143365541087E-02
10	0	20	110	2.57093687059933E-02
10	0	25	110	2.17686318403657E-02
10	0	30	110	1.88264218726097E-02
10	0	35	110	1.67323104514052E-02
10	0	40	110	1.52761074293833E-02
10	0	45	110	1.42514183681161E-02
10	0	50	110	1.34829644416358E-02
10	0	55	110	1.28395726274975E-02
10	0	60	110	0.012241091521188
10	0	65	110	0.011658037073348
10	0	70	110	1.11018139264471E-02
10	0	75	110	1.06079554160886E-02
10	0	80	110	1.02186043810889E-02
10	0	85	110	9.96965368187895E-03
10	0	89.9	110	9.8841092042901E-03
Spec Polar [deg.]	Spec Azimuth [deg.]	Scatter Polar [deg.]	Scatter Azimuth [deg.]	BSDF (AOI=10, AZI=120) [1/sr]
10	0	0	120	4.48730745721279E-02
10	0	5	120	4.02772027378169E-02
10	0	10	120	3.45660204297952E-02
10	0	15	120	2.89740698964777E-02
10	0	20	120	0.024233620727037
10	0	25	120	2.05752240067091E-02
10	0	30	120	1.79186582519326E-02
10	0	35	120	1.60547893840153E-02
10	0	40	120	1.47526596527381E-02
10	0	45	120	1.38073969456049E-02
10	0	50	120	1.30593293168766E-02
10	0	55	120	1.24017219313089E-02
10	0	60	120	1.17808923319134E-02
10	0	65	120	1.11876717446704E-02
10	0	70	120	1.06419030133767E-02
10	0	75	120	1.01754536504032E-02
10	0	80	120	9.81924617467903E-03
10	0	85	120	9.59647515150129E-03
10	0	89.9	120	9.52078060378715E-03
Spec Polar [deg.]	Spec Azimuth [deg.]	Scatter Polar [deg.]	Scatter Azimuth [deg.]	BSDF (AOI=10, AZI=130) [1/sr]
10	0	0	130	4.48730745721279E-02
10	0	5	130	3.94225088978881E-02
10	0	10	130	3.32646493728541E-02
10	0	15	130	2.75974306287745E-02
10	0	20	130	2.30093821344982E-02
10	0	25	130	1.95917862062152E-02
10	0	30	130	1.71744198921462E-02
10	0	35	130	1.55033606729801E-02
10	0	40	130	1.43313714651865E-02
10	0	45	130	1.34542877694198E-02
10	0	50	130	1.27248655963533E-02
10	0	55	130	1.20564978733438E-02
10	0	60	130	1.14172435410385E-02
10	0	65	130	0.010814340235723
10	0	70	130	1.02744215153307E-02
10	0	75	130	9.82679974605241E-03
10	0	80	130	9.49414786584824E-03
10	0	85	130	9.29023573426604E-03
10	0	89.9	130	9.2216771405574E-03
Spec Polar [deg.]	Spec Azimuth [deg.]	Scatter Polar [deg.]	Scatter Azimuth [deg.]	BSDF (AOI=10, AZI=140) [1/sr]
10	0	0	140	4.48730745721279E-02
10	0	5	140	3.87040551431461E-02
10	0	10	140	3.21940577067737E-02
10	0	15	140	0.02648176982982
10	0	20	140	2.20254210720657E-02
10	0	25	140	1.88037666367712E-02
10	0	30	140	1.65784001503482E-02
10	0	35	140	1.50624041221972E-02
10	0	40	140	1.39962146340991E-02
10	0	45	140	1.31757837058103E-02
10	0	50	140	1.24632413431386E-02
10	0	55	140	1.17876560154634E-02
10	0	60	140	1.11340000378858E-02
10	0	65	140	1.05221355452087E-02
10	0	70	140	9.98400300151913E-03
10	0	75	140	9.54741633361101E-03
10	0	80	140	9.2295181188644E-03
10	0	85	140	9.03768662070291E-03
10	0	89.9	140	8.97373791425957E-03
Spec Polar [deg.]	Spec Azimuth [deg.]	Scatter Polar [deg.]	Scatter Azimuth [deg.]	BSDF (AOI=10, AZI=150) [1/sr]
10	0	0	150	4.48730745721279E-02
10	0	5	150	3.81340033390876E-02
10	0	10	150	3.13593492311443E-02
10	0	15	150	2.56219457506004E-02
10	0	20	150	2.12712296821102E-02
10	0	25	150	1.81999732993059E-02
10	0	30	150	0.016120469560337
10	0	35	150	1.47225826721918E-02
10	0	40	150	1.37378925486505E-02
10	0	45	150	1.29621669096122E-02
10	0	50	150	1.22641888075561E-02
10	0	55	150	1.15844537207515E-02
10	0	60	150	1.09202619897857E-02
10	0	65	150	1.03006302997321E-02
10	0	70	150	9.76146731557328E-03
10	0	75	150	9.32992247322188E-03
10	0	80	150	0.009019816929109
10	0	85	150	8.83463302810767E-03
10	0	89.9	150	8.77325659047726E-03
Spec Polar [deg.]	Spec Azimuth [deg.]	Scatter Polar [deg.]	Scatter Azimuth [deg.]	BSDF (AOI=10, AZI=160) [1/sr]
10	0	0	160	4.48730745721279E-02
10	0	5	160	3.77210841320076E-02
10	0	10	160	3.07626845463994E-02
10	0	15	160	2.50124624914562E-02
10	0	20	160	2.07383825015219E-02
10	0	25	160	1.77728856603759E-02
10	0	30	160	1.57951715487522E-02
10	0	35	160	1.44799069814067E-02
10	0	40	160	1.35528096027582E-02
10	0	45	160	1.28093946156991E-02
10	0	50	160	1.21227941744705E-02
10	0	55	160	1.14411198618682E-02
10	0	60	160	1.07698914658588E-02
10	0	65	160	1.01442259539546E-02
10	0	70	160	9.60278044912078E-03
10	0	75	160	9.17256245882896E-03
10	0	80	160	8.86564969192918E-03
10	0	85	160	8.68343563652706E-03
10	0	89.9	160	8.6232391385209E-03
Spec Polar [deg.]	Spec Azimuth [deg.]	Scatter Polar [deg.]	Scatter Azimuth [deg.]	BSDF (AOI=10, AZI=170) [1/sr]
10	0	0	170	4.48730745721279E-02
10	0	5	170	3.74711220358384E-02
10	0	10	170	3.04046844811445E-02
10	0	15	170	2.46487487865003E-02
10	0	20	170	2.04209636226296E-02
10	0	25	170	0.017518076498879
10	0	30	170	1.56003103185317E-02
10	0	35	170	1.43337918164577E-02
10	0	40	170	1.34409332081703E-02
10	0	45	170	1.27170628446493E-02
10	0	50	170	1.20377436407303E-02
10	0	55	170	1.13553942344645E-02
10	0	60	170	1.06801844492299E-02
10	0	65	170	1.00506892327135E-02
10	0	70	170	9.50718075405006E-03
10	0	75	170	9.0767352832231E-03
10	0	80	170	8.77066836939583E-03
10	0	85	170	8.58943323912831E-03
10	0	89.9	170	8.52964753095966E-03
Spec Polar [deg.]	Spec Azimuth [deg.]	Scatter Polar [deg.]	Scatter Azimuth [deg.]	BSDF (AOI=10, AZI=180) [1/sr]
10	0	0	180	4.48730745721279E-02
10	0	5	180	3.73874415713023E-02
10	0	10	180	3.02853680821102E-02
10	0	15	180	0.024527849488627
10	0	20	180	2.03155315197991E-02
10	0	25	180	1.74333548373513E-02
10	0	30	180	1.55353661183124E-02
10	0	35	180	0.014284944241165
10	0	40	180	1.34034380147433E-02
10	0	45	180	1.26861093243059E-02
10	0	50	180	1.20092998373577E-02
10	0	55	180	1.13268153291613E-02
10	0	60	180	1.06503235472348E-02
10	0	65	180	1.00195155115405E-02
10	0	70	180	9.47519615772282E-03
10	0	75	180	9.04449260686285E-03
10	0	80	180	8.7385170740711E-03
10	0	85	180	8.55746514761222E-03
10	0	89.9	180	8.49776338903203E-03
AOI	20	deg.
FRED TIS integral (0-1)	6.92647116305212E-02
Spec Polar [deg.]	Spec Azimuth [deg.]	Scatter Polar [deg.]	Scatter Azimuth [deg.]	BSDF (AOI=20, AZI=0) [1/sr]
20	0	0	0	3.18098153881477E-02
20	0	5	0	3.97226175875135E-02
20	0	10	0	4.76701327940125E-02
20	0	15	0	5.38620638556414E-02
20	0	20	0	5.68900603425082E-02
20	0	25	0	5.65478984883323E-02
20	0	30	0	0.053795533695071
20	0	35	0	5.00226843868235E-02
20	0	40	0	4.63613271789971E-02
20	0	45	0	4.34489643314507E-02
20	0	50	0	4.15252501813715E-02
20	0	55	0	4.06137613417002E-02
20	0	60	0	4.06509378549971E-02
20	0	65	0	4.15319762614956E-02
20	0	70	0	4.30911585757078E-02
20	0	75	0	4.50533180803733E-02
20	0	80	0	4.70085593413743E-02
20	0	85	0	4.84665555740633E-02
20	0	89.9	0	4.90080524610932E-02
Spec Polar [deg.]	Spec Azimuth [deg.]	Scatter Polar [deg.]	Scatter Azimuth [deg.]	BSDF (AOI=20, AZI=10) [1/sr]
20	0	0	10	3.18098153881477E-02
20	0	5	10	3.95664091363839E-02
20	0	10	10	4.72660582479879E-02
20	0	15	10	5.31449171316679E-02
20	0	20	10	5.58598552013814E-02
20	0	25	10	5.52738524165095E-02
20	0	30	10	0.052381843688506
20	0	35	10	4.85662250946997E-02
20	0	40	10	0.044927426680939
20	0	45	10	4.20669793665711E-02
20	0	50	10	4.01928191269154E-02
20	0	55	10	3.93013783625025E-02
20	0	60	10	0.039305641847741
20	0	65	10	4.00834550386135E-02
20	0	70	10	4.14646137236472E-02
20	0	75	10	4.31915823763433E-02
20	0	80	10	4.49002034956917E-02
20	0	85	10	4.61671662432905E-02
20	0	89.9	10	4.66362809984946E-02
Spec Polar [deg.]	Spec Azimuth [deg.]	Scatter Polar [deg.]	Scatter Azimuth [deg.]	BSDF (AOI=20, AZI=20) [1/sr]
20	0	0	20	3.18098153881477E-02
20	0	5	20	3.91081726049187E-02
20	0	10	20	4.60976407651338E-02
20	0	15	20	5.11029393449074E-02
20	0	20	20	5.29710213426812E-02
20	0	25	20	5.17511886029051E-02
20	0	30	20	0.048519086936297
20	0	35	20	4.46215428092209E-02
20	0	40	20	4.10647234182594E-02
20	0	45	20	3.83521108604846E-02
20	0	50	20	3.66105362879261E-02
20	0	55	20	3.57700967344089E-02
20	0	60	20	3.56879353337592E-02
20	0	65	20	3.62022484003566E-02
20	0	70	20	3.71365458182377E-02
20	0	75	20	3.82820432788952E-02
20	0	80	20	0.039389281919851
20	0	85	20	4.01954170506231E-02
20	0	89.9	20	4.04909669747293E-02
Spec Polar [deg.]	Spec Azimuth [deg.]	Scatter Polar [deg.]	Scatter Azimuth [deg.]	BSDF (AOI=20, AZI=30) [1/sr]
20	0	0	30	3.18098153881477E-02
20	0	5	30	3.83776490129212E-02
20	0	10	30	4.42862645010864E-02
20	0	15	30	4.80300702157499E-02
20	0	20	30	4.87496139412617E-02
20	0	25	30	4.67402947255444E-02
20	0	30	30	4.31470724701345E-02
20	0	35	30	3.92268119945756E-02
20	0	40	30	3.58358729280106E-02
20	0	45	30	3.33437483077552E-02
20	0	50	30	3.17792351246214E-02
20	0	55	30	3.10000106419284E-02
20	0	60	30	3.08063479495532E-02
20	0	65	30	3.10005141812543E-02
20	0	70	30	3.14108216230213E-02
20	0	75	30	3.18953210332426E-02
20	0	80	30	3.23374900157567E-02
20	0	85	30	0.032644735993679
20	0	89.9	30	3.27545755989128E-02
Spec Polar [deg.]	Spec Azimuth [deg.]	Scatter Polar [deg.]	Scatter Azimuth [deg.]	BSDF (AOI=20, AZI=40) [1/sr]
20	0	0	40	3.18098153881477E-02
20	0	5	40	3.74199952010063E-02
20	0	10	40	0.042004571647027
20	0	15	40	4.43187137072894E-02
20	0	20	40	4.38569583543267E-02
20	0	25	40	0.041146803628525
20	0	30	40	3.73359159503001E-02
20	0	35	40	0.033525392676747
20	0	40	40	3.03875416956113E-02
20	0	45	40	2.81541905505192E-02
20	0	50	40	2.67702819817153E-02
20	0	55	40	2.60430275272182E-02
20	0	60	40	2.57401525548363E-02
20	0	65	40	2.56509802987834E-02
20	0	70	40	2.56246148844223E-02
20	0	75	40	0.025585263911025
20	0	80	40	2.55224404954059E-02
20	0	85	40	2.54629205946299E-02
20	0	89.9	40	0.025438610688428
Spec Polar [deg.]	Spec Azimuth [deg.]	Scatter Polar [deg.]	Scatter Azimuth [deg.]	BSDF (AOI=20, AZI=50) [1/sr]
20	0	0	50	3.18098153881477E-02
20	0	5	50	3.62902371939106E-02
20	0	10	50	3.94431641809101E-02
20	0	15	50	4.03618973450189E-02
20	0	20	50	3.88958606702838E-02
20	0	25	50	3.57277100481602E-02
20	0	30	50	3.19165866163853E-02
20	0	35	50	2.83570508026857E-02
20	0	40	50	2.55332438486137E-02
20	0	45	50	2.35613353259824E-02
20	0	50	50	0.02233308864871
20	0	55	50	2.16378661426504E-02
20	0	60	50	2.12429753855232E-02
20	0	65	50	2.09511533000408E-02
20	0	70	50	2.06427832466189E-02
20	0	75	50	2.02921049628959E-02
20	0	80	50	1.99488828683079E-02
20	0	85	50	1.96956057691821E-02
20	0	89.9	50	1.96022904774986E-02
Spec Polar [deg.]	Spec Azimuth [deg.]	Scatter Polar [deg.]	Scatter Azimuth [deg.]	BSDF (AOI=20, AZI=60) [1/sr]
20	0	0	60	3.18098153881477E-02
20	0	5	60	3.50472735651267E-02
20	0	10	60	3.67804917159089E-02
20	0	15	60	3.64802415992358E-02
20	0	20	60	3.42934159338288E-02
20	0	25	60	0.030949840280763
20	0	30	60	2.73402785895303E-02
20	0	35	60	2.41329285296687E-02
20	0	40	60	0.021644959330152
20	0	45	60	1.99105116711709E-02
20	0	50	60	1.88002277870041E-02
20	0	55	60	1.81146389119611E-02
20	0	60	60	1.76469946075767E-02
20	0	65	60	1.72321906502552E-02
20	0	70	60	0.016783546385613
20	0	75	60	1.63035396648727E-02
20	0	80	60	1.58608900734211E-02
20	0	85	60	1.55468271813532E-02
20	0	89.9	60	1.54332905380345E-02
Spec Polar [deg.]	Spec Azimuth [deg.]	Scatter Polar [deg.]	Scatter Azimuth [deg.]	BSDF (AOI=20, AZI=70) [1/sr]
20	0	0	70	3.18098153881477E-02
20	0	5	70	3.37485008711541E-02
20	0	10	70	3.41627239712894E-02
20	0	15	70	3.28895645967752E-02
20	0	20	70	3.02770630516746E-02
20	0	25	70	0.026998951702795
20	0	30	70	2.37308200392348E-02
20	0	35	70	2.09238588473409E-02
20	0	40	70	1.87611453942526E-02
20	0	45	70	1.72270014380173E-02
20	0	50	70	1.61959676532189E-02
20	0	55	70	1.54997186178123E-02
20	0	60	70	1.49736282820638E-02
20	0	65	70	1.44935397344951E-02
20	0	70	70	1.40013591970295E-02
20	0	75	70	1.35089429208717E-02
20	0	80	70	1.30768017738892E-02
20	0	85	70	1.27792563160231E-02
20	0	89.9	70	1.26731744244923E-02
Spec Polar [deg.]	Spec Azimuth [deg.]	Scatter Polar [deg.]	Scatter Azimuth [deg.]	BSDF (AOI=20, AZI=80) [1/sr]
20	0	0	80	3.18098153881477E-02
20	0	5	80	3.24457872702172E-02
20	0	10	80	3.16954368273556E-02
20	0	15	80	2.97039338349408E-02
20	0	20	80	2.69126347025056E-02
20	0	25	80	2.38648735768221E-02
20	0	30	80	2.10102858985927E-02
20	0	35	80	1.86098455560851E-02
20	0	40	80	1.67443801678549E-02
20	0	45	80	1.53720148280192E-02
20	0	50	80	0.014387159528092
20	0	55	80	1.36641124220161E-02
20	0	60	80	1.30878085068219E-02
20	0	65	80	1.25763636069745E-02
20	0	70	80	1.20939530433035E-02
20	0	75	80	1.16495529257895E-02
20	0	80	80	0.011281774422105
20	0	85	80	0.0110371859882
20	0	89.9	80	1.09513443138922E-02
Spec Polar [deg.]	Spec Azimuth [deg.]	Scatter Polar [deg.]	Scatter Azimuth [deg.]	BSDF (AOI=20, AZI=90) [1/sr]
20	0	0	90	3.18098153881477E-02
20	0	5	90	3.11830785499146E-02
20	0	10	90	2.94449937549856E-02
20	0	15	90	2.69588584276491E-02
20	0	20	90	2.41634459475065E-02
20	0	25	90	2.14339967749252E-02
20	0	30	90	1.90106730998457E-02
20	0	35	90	1.69968836573631E-02
20	0	40	90	1.53956093502636E-02
20	0	45	90	1.41524118760268E-02
20	0	50	90	1.31896251279213E-02
20	0	55	90	1.24292637400645E-02
20	0	60	90	1.18071947317249E-02
20	0	65	90	1.12807763731232E-02
20	0	70	90	1.08306375502341E-02
20	0	75	90	1.04570533671667E-02
20	0	80	90	1.01725274539785E-02
20	0	85	90	9.99324922706299E-03
20	0	89.9	90	9.93193926456321E-03
Spec Polar [deg.]	Spec Azimuth [deg.]	Scatter Polar [deg.]	Scatter Azimuth [deg.]	BSDF (AOI=20, AZI=100) [1/sr]
20	0	0	100	3.18098153881477E-02
20	0	5	100	2.99955341622606E-02
20	0	10	100	0.027445751388535
20	0	15	100	2.46399665071349E-02
20	0	20	100	2.19435345385246E-02
20	0	25	100	1.95575241086295E-02
20	0	30	100	1.75445452797166E-02
20	0	35	100	0.015882383665425
20	0	40	100	1.45129517894663E-02
20	0	45	100	1.33750147509357E-02
20	0	50	100	1.24207236407067E-02
20	0	55	100	1.16197919765427E-02
20	0	60	100	1.09559695213511E-02
20	0	65	100	0.010420404869764
20	0	70	100	1.00056037574078E-02
20	0	75	100	9.70207456711161E-03
20	0	80	100	9.49807478295088E-03
20	0	85	100	9.38170616674471E-03
20	0	89.9	100	9.34404063959974E-03
Spec Polar [deg.]	Spec Azimuth [deg.]	Scatter Polar [deg.]	Scatter Azimuth [deg.]	BSDF (AOI=20, AZI=110) [1/sr]
20	0	0	110	3.18098153881477E-02
20	0	5	110	2.89098463977493E-02
20	0	10	110	2.57093687059932E-02
20	0	15	110	2.27081215099966E-02
20	0	20	110	2.01552314338209E-02
20	0	25	110	1.80924739897389E-02
20	0	30	110	1.64423481795007E-02
20	0	35	110	1.50861956392988E-02
20	0	40	110	1.39172132472445E-02
20	0	45	110	1.28687726399875E-02
20	0	50	110	1.19201084054874E-02
20	0	55	110	1.10838055472022E-02
20	0	60	110	1.03845852499867E-02
20	0	65	110	9.84036162864719E-03
20	0	70	110	9.45199003981251E-03
20	0	75	110	0.009202094806517
20	0	80	110	9.06043969818343E-03
20	0	85	110	8.99327719963515E-03
20	0	89.9	110	8.97422564659372E-03
Spec Polar [deg.]	Spec Azimuth [deg.]	Scatter Polar [deg.]	Scatter Azimuth [deg.]	BSDF (AOI=20, AZI=120) [1/sr]
20	0	0	120	3.18098153881477E-02
20	0	5	120	2.79453072979495E-02
20	0	10	120	0.024233620727037
20	0	15	120	2.11174470612912E-02
20	0	20	120	1.87113790241913E-02
20	0	25	120	1.69230513889884E-02
20	0	30	120	1.55711284815832E-02
20	0	35	120	1.44668055791039E-02
20	0	40	120	1.34659131916067E-02
20	0	45	120	1.24967485713185E-02
20	0	50	120	0.011559759113479
20	0	55	120	1.07011616807493E-02
20	0	60	120	9.97637152277933E-03
20	0	65	120	9.42199643826389E-03
20	0	70	120	9.04440929193103E-03
20	0	75	120	8.82173156965003E-03
20	0	80	120	8.71325202641893E-03
20	0	85	120	8.67281220337644E-03
20	0	89.9	120	8.66396081034041E-03
Spec Polar [deg.]	Spec Azimuth [deg.]	Scatter Polar [deg.]	Scatter Azimuth [deg.]	BSDF (AOI=20, AZI=130) [1/sr]
20	0	0	130	3.18098153881477E-02
20	0	5	130	2.71152191422416E-02
20	0	10	130	2.30093821344982E-02
20	0	15	130	1.98261514226747E-02
20	0	20	130	1.75458020970668E-02
20	0	25	130	1.59694816950947E-02
20	0	30	130	1.48433563342925E-02
20	0	35	130	1.39316518692515E-02
20	0	40	130	1.30646749293381E-02
20	0	45	130	1.21667990053405E-02
20	0	50	130	1.12523944755014E-02
20	0	55	130	1.03892224465911E-02
20	0	60	130	9.65115921156602E-03
20	0	65	130	9.08521255929675E-03
20	0	70	130	0.008701010839323
20	0	75	130	8.47601144343015E-03
20	0	80	130	8.36761177604251E-03
20	0	85	130	8.32793398306744E-03
20	0	89.9	130	8.31945441531579E-03
Spec Polar [deg.]	Spec Azimuth [deg.]	Scatter Polar [deg.]	Scatter Azimuth [deg.]	BSDF (AOI=20, AZI=140) [1/sr]
20	0	0	140	3.18098153881477E-02
20	0	5	140	2.64283411925261E-02
20	0	10	140	2.20254210720657E-02
20	0	15	140	1.88015367743138E-02
20	0	20	140	0.016615582644868
20	0	25	140	1.51881050173545E-02
20	0	30	140	1.42176152403887E-02
20	0	35	140	1.34405156774353E-02
20	0	40	140	1.26730934853824E-02
20	0	45	140	1.18379552901311E-02
20	0	50	140	0.010956480955777
20	0	55	140	1.01058272397042E-02
20	0	60	140	9.3665708316782E-03
20	0	65	140	8.78882368488995E-03
20	0	70	140	8.38386669563144E-03
20	0	75	140	8.13199568600998E-03
20	0	80	140	7.99601388126072E-03
20	0	85	140	7.93533283044044E-03
20	0	89.9	140	7.91897129101815E-03
Spec Polar [deg.]	Spec Azimuth [deg.]	Scatter Polar [deg.]	Scatter Azimuth [deg.]	BSDF (AOI=20, AZI=150) [1/sr]
20	0	0	150	3.18098153881477E-02
20	0	5	150	2.58901795961587E-02
20	0	10	150	2.12712296821102E-02
20	0	15	150	1.80209692778695E-02
20	0	20	150	1.58980175447617E-02
20	0	25	150	1.45648885404559E-02
20	0	30	150	0.013690766433849
20	0	35	150	1.29983370544956E-02
20	0	40	150	1.22990689120506E-02
20	0	45	150	1.15160118409798E-02
20	0	50	150	1.06724084232037E-02
20	0	55	150	9.84551332984579E-03
20	0	60	150	9.11387317480615E-03
20	0	65	150	8.52560922328933E-03
20	0	70	150	8.0927558110046E-03
20	0	75	150	7.80086844789361E-03
20	0	80	150	7.62257495047189E-03
20	0	85	150	7.52948209880972E-03
20	0	89.9	150	7.50095977601267E-03
Spec Polar [deg.]	Spec Azimuth [deg.]	Scatter Polar [deg.]	Scatter Azimuth [deg.]	BSDF (AOI=20, AZI=160) [1/sr]
20	0	0	160	3.18098153881477E-02
20	0	5	160	2.55040272907348E-02
20	0	10	160	2.07383825015219E-02
20	0	15	160	1.74704975474821E-02
20	0	20	160	1.53847631418491E-02
20	0	25	160	1.41049161756748E-02
20	0	30	160	1.32835120336614E-02
20	0	35	160	1.26382627707835E-02
20	0	40	160	1.19812539771264E-02
20	0	45	160	0.011237245908695
20	0	50	160	1.04285655718501E-02
20	0	55	160	9.62782057143727E-03
20	0	60	160	8.9073586090127E-03
20	0	65	160	8.31106498476463E-03
20	0	70	160	7.85135681016204E-03
20	0	75	160	7.51973429180439E-03
20	0	80	160	7.29939664890747E-03
20	0	85	160	7.17430571951308E-03
20	0	89.9	160	7.13383858769131E-03
Spec Polar [deg.]	Spec Azimuth [deg.]	Scatter Polar [deg.]	Scatter Azimuth [deg.]	BSDF (AOI=20, AZI=170) [1/sr]
20	0	0	170	3.18098153881477E-02
20	0	5	170	2.52717317875778E-02
20	0	10	170	2.04209636226296E-02
20	0	15	170	1.71425202694602E-02
20	0	20	170	1.50753738541689E-02
20	0	25	170	1.38211108596732E-02
20	0	30	170	1.30240861517467E-02
20	0	35	170	1.24011134251845E-02
20	0	40	170	1.17664765860135E-02
20	0	45	170	1.10466242552903E-02
20	0	50	170	1.02623623715719E-02
20	0	55	170	9.48141711509446E-03
20	0	60	170	8.77028939631839E-03
20	0	65	170	8.16907567215399E-03
20	0	70	170	7.69042731046134E-03
20	0	75	170	7.33048472145162E-03
20	0	80	170	7.08034689960326E-03
20	0	85	170	6.93276650304692E-03
20	0	89.9	170	6.88395086528028E-03
Spec Polar [deg.]	Spec Azimuth [deg.]	Scatter Polar [deg.]	Scatter Azimuth [deg.]	BSDF (AOI=20, AZI=180) [1/sr]
20	0	0	180	3.18098153881477E-02
20	0	5	180	0.02519420861903
20	0	10	180	2.03155315197991E-02
20	0	15	180	1.70335237848959E-02
20	0	20	180	1.49718877760321E-02
20	0	25	180	1.37250174617862E-02
20	0	30	180	1.29348355334765E-02
20	0	35	180	1.23182179186621E-02
20	0	40	180	1.16905025774147E-02
20	0	45	180	1.09788190533558E-02
20	0	50	180	1.02032989253715E-02
20	0	55	180	9.42967652759979E-03
20	0	60	180	8.72212974379223E-03
20	0	65	180	8.1192734685783E-03
20	0	70	180	7.63384711405292E-03
20	0	75	180	7.26373923620644E-03
20	0	80	180	7.00295215504689E-03
20	0	85	180	6.8473793005258E-03
20	0	89.9	180	6.79560723187451E-03
AOI	30	deg.
FRED TIS integral (0-1)	7.61819581593753E-02
Spec Polar [deg.]	Spec Azimuth [deg.]	Scatter Polar [deg.]	Scatter Azimuth [deg.]	BSDF (AOI=30, AZI=0) [1/sr]
30	0	0	0	2.20489496959823E-02
30	0	5	0	2.76860385888093E-02
30	0	10	0	3.51326114590276E-02
30	0	15	0	4.40988011324079E-02
30	0	20	0	0.053795533695071
30	0	25	0	6.30350199376121E-02
30	0	30	0	7.05153378758877E-02
30	0	35	0	7.52007948814348E-02
30	0	40	0	7.67126566314829E-02
30	0	45	0	7.55914134049366E-02
30	0	50	0	0.073231680330059
30	0	55	0	7.14662025857393E-02
30	0	60	0	7.20806983300853E-02
30	0	65	0	7.65314598206442E-02
30	0	70	0	8.57546032199793E-02
30	0	75	0	9.96411277131423E-02
30	0	80	0	0.115994691075116
30	0	85	0	0.129900010258581
30	0	89.9	0	0.135454227411021
Spec Polar [deg.]	Spec Azimuth [deg.]	Scatter Polar [deg.]	Scatter Azimuth [deg.]	BSDF (AOI=30, AZI=10) [1/sr]
30	0	0	10	2.20489496959823E-02
30	0	5	10	2.75727458837317E-02
30	0	10	10	3.47830241302855E-02
30	0	15	10	4.33272794024572E-02
30	0	20	10	0.052381843688506
30	0	25	10	6.07962998602884E-02
30	0	30	10	6.73988688522381E-02
30	0	35	10	7.13424143541846E-02
30	0	40	10	7.24061143333329E-02
30	0	45	10	7.11642118231842E-02
30	0	50	10	6.88944043869168E-02
30	0	55	10	6.72203566748033E-02
30	0	60	10	6.77065798461608E-02
30	0	65	10	7.16121337883649E-02
30	0	70	10	7.97073533013491E-02
30	0	75	10	9.18136961335184E-02
30	0	80	10	0.105949289970858
30	0	85	10	0.117877659949829
30	0	89.9	10	0.122621114026544
Spec Polar [deg.]	Spec Azimuth [deg.]	Scatter Polar [deg.]	Scatter Azimuth [deg.]	BSDF (AOI=30, AZI=20) [1/sr]
30	0	0	20	2.20489496959823E-02
30	0	5	20	2.72417478328114E-02
30	0	10	20	3.37821663823235E-02
30	0	15	20	4.11681918167822E-02
30	0	20	20	0.048519086936297
30	0	25	20	5.48203868492964E-02
30	0	30	20	5.92515492771528E-02
30	0	35	20	6.14199445354388E-02
30	0	40	20	6.14490671807038E-02
30	0	45	20	5.99548577919443E-02
30	0	50	20	5.79185255777438E-02
30	0	55	20	5.64676657199795E-02
30	0	60	20	5.66486666926638E-02
30	0	65	20	0.059267414446815
30	0	70	20	6.47387741371045E-02
30	0	75	20	7.27815686959674E-02
30	0	80	20	8.19555843099334E-02
30	0	85	20	8.95360853152003E-02
30	0	89.9	20	9.25136402458033E-02
Spec Polar [deg.]	Spec Azimuth [deg.]	Scatter Polar [deg.]	Scatter Azimuth [deg.]	BSDF (AOI=30, AZI=30) [1/sr]
30	0	0	30	2.20489496959823E-02
30	0	5	30	2.67182233279858E-02
30	0	10	30	3.22602085654934E-02
30	0	15	30	0.038025716326482
30	0	20	30	4.31470724701345E-02
30	0	25	30	4.68674036121299E-02
30	0	30	30	0.048823167919292
30	0	35	30	4.91013779502846E-02
30	0	40	30	4.81131305506236E-02
30	0	45	30	4.64342903477499E-02
30	0	50	30	4.46931072106448E-02
30	0	55	30	4.34938906431748E-02
30	0	60	30	4.33514490387969E-02
30	0	65	30	4.46250899663002E-02
30	0	70	30	0.047428386725543
30	0	75	30	5.14838907482771E-02
30	0	80	30	5.59701338851498E-02
30	0	85	30	5.95710345591072E-02
30	0	89.9	30	6.09612227069045E-02
Spec Polar [deg.]	Spec Azimuth [deg.]	Scatter Polar [deg.]	Scatter Azimuth [deg.]	BSDF (AOI=30, AZI=40) [1/sr]
30	0	0	40	2.20489496959823E-02
30	0	5	40	2.60396729234433E-02
30	0	10	40	3.03951230467017E-02
30	0	15	40	3.44050455070291E-02
30	0	20	40	0.0373359159503
30	0	25	40	3.87656884615724E-02
30	0	30	40	3.87422659437972E-02
30	0	35	40	3.76672942542875E-02
30	0	40	40	3.60545645227922E-02
30	0	45	40	3.43529853650145E-02
30	0	50	40	3.28917792740458E-02
30	0	55	40	3.18977014072535E-02
30	0	60	40	3.15201094181168E-02
30	0	65	40	3.18313383229161E-02
30	0	70	40	3.27983988975525E-02
30	0	75	40	0.034240214112269
30	0	80	40	3.58061114111669E-02
30	0	85	40	3.70308907065059E-02
30	0	89.9	40	3.74958984394707E-02
Spec Polar [deg.]	Spec Azimuth [deg.]	Scatter Polar [deg.]	Scatter Azimuth [deg.]	BSDF (AOI=30, AZI=50) [1/sr]
30	0	0	50	2.20489496959823E-02
30	0	5	50	2.52504816036834E-02
30	0	10	50	2.83718061332746E-02
30	0	15	50	3.07625391629828E-02
30	0	20	50	3.19165866163853E-02
30	0	25	50	3.17268698994148E-02
30	0	30	50	3.04996126130391E-02
30	0	35	50	2.87408090622943E-02
30	0	40	50	2.69131787297896E-02
30	0	45	50	2.53135161282703E-02
30	0	50	50	0.024073415736821
30	0	55	50	2.32149568267441E-02
30	0	60	50	0.02270562325017
30	0	65	50	2.24906560281111E-02
30	0	70	50	2.25034510593977E-02
30	0	75	50	0.022664461611436
30	0	80	50	2.28814758506557E-02
30	0	85	50	2.30607722946236E-02
30	0	89.9	50	2.31297211222974E-02
Spec Polar [deg.]	Spec Azimuth [deg.]	Scatter Polar [deg.]	Scatter Azimuth [deg.]	BSDF (AOI=30, AZI=60) [1/sr]
30	0	0	60	2.20489496959823E-02
30	0	5	60	2.43963226185013E-02
30	0	10	60	2.63490668145367E-02
30	0	15	60	2.74169712727081E-02
30	0	20	60	2.73402785895303E-02
30	0	25	60	2.62255271522597E-02
30	0	30	60	2.44641670814814E-02
30	0	35	60	2.25160168705464E-02
30	0	40	60	2.07285500778171E-02
30	0	45	60	1.92753928056713E-02
30	0	50	60	1.81849054970229E-02
30	0	55	60	1.73990089693496E-02
30	0	60	60	1.68269888963082E-02
30	0	65	60	1.63843284052151E-02
30	0	70	60	1.60155375155697E-02
30	0	75	60	1.57009621978927E-02
30	0	80	60	1.54497295894646E-02
30	0	85	60	1.52847266705932E-02
30	0	89.9	60	1.52269928899499E-02
Spec Polar [deg.]	Spec Azimuth [deg.]	Scatter Polar [deg.]	Scatter Azimuth [deg.]	BSDF (AOI=30, AZI=70) [1/sr]
30	0	0	70	2.20489496959823E-02
30	0	5	70	2.35195121554477E-02
30	0	10	70	2.44419557792239E-02
30	0	15	70	2.45332147351658E-02
30	0	20	70	2.37308200392348E-02
30	0	25	70	2.22287342501361E-02
30	0	30	70	2.03744855196797E-02
30	0	35	70	0.018511725944422
30	0	40	70	1.68725201897533E-02
30	0	45	70	1.55534084475962E-02
30	0	50	70	1.45459454124321E-02
30	0	55	70	1.37827166446598E-02
30	0	60	70	1.31787177185218E-02
30	0	65	70	1.26628328773258E-02
30	0	70	70	1.21971777671561E-02
30	0	75	70	0.011781533973925
30	0	80	70	1.14434524187789E-02
30	0	85	70	1.12203698307257E-02
30	0	89.9	70	1.11422943195715E-02
Spec Polar [deg.]	Spec Azimuth [deg.]	Scatter Polar [deg.]	Scatter Azimuth [deg.]	BSDF (AOI=30, AZI=80) [1/sr]
30	0	0	80	2.20489496959823E-02
30	0	5	80	2.26559529398475E-02
30	0	10	80	2.27190975415887E-02
30	0	15	80	2.21527367007425E-02
30	0	20	80	2.10102858985927E-02
30	0	25	80	1.94704170310979E-02
30	0	30	80	1.77680467139397E-02
30	0	35	80	1.61146585796918E-02
30	0	40	80	1.46491163759814E-02
30	0	45	80	1.34292919541946E-02
30	0	50	80	1.24504182112579E-02
30	0	55	80	1.16720407633004E-02
30	0	60	80	1.10427685852679E-02
30	0	65	80	1.05187864890575E-02
30	0	70	80	0.01007463462333
30	0	75	80	9.70556270080987E-03
30	0	80	80	9.42247288796619E-03
30	0	85	80	9.24272930739053E-03
30	0	89.9	80	9.18097514281043E-03
Spec Polar [deg.]	Spec Azimuth [deg.]	Scatter Polar [deg.]	Scatter Azimuth [deg.]	BSDF (AOI=30, AZI=90) [1/sr]
30	0	0	90	2.20489496959823E-02
30	0	5	90	2.18337817857425E-02
30	0	10	90	2.12100566915024E-02
30	0	15	90	2.02390764491726E-02
30	0	20	90	1.90106730998457E-02
30	0	25	90	1.76281922415176E-02
30	0	30	90	1.61932020483435E-02
30	0	35	90	1.47932465858009E-02
30	0	40	90	1.34945709813875E-02
30	0	45	90	1.23400390931181E-02
30	0	50	90	1.13511171975692E-02
30	0	55	90	1.05321908050685E-02
30	0	60	90	9.87559403976521E-03
30	0	65	90	9.36626741587234E-03
30	0	70	90	8.98557528786763E-03
30	0	75	90	8.71427092513161E-03
30	0	80	90	8.53480628426824E-03
30	0	85	90	8.43317392436439E-03
30	0	89.9	90	8.40035052348102E-03
Spec Polar [deg.]	Spec Azimuth [deg.]	Scatter Polar [deg.]	Scatter Azimuth [deg.]	BSDF (AOI=30, AZI=100) [1/sr]
30	0	0	100	2.20489496959823E-02
30	0	5	100	2.10734407593646E-02
30	0	10	100	0.019917000418551
30	0	15	100	1.87183590691206E-02
30	0	20	100	1.75445452797166E-02
30	0	25	100	1.64023054927352E-02
30	0	30	100	1.52685498742737E-02
30	0	35	100	0.014123931727606
30	0	40	100	1.29761197525827E-02
30	0	45	100	1.18644067679879E-02
30	0	50	100	1.08465665687848E-02
30	0	55	100	9.97796276190438E-03
30	0	60	100	9.29468681378153E-03
30	0	65	100	8.80643693011747E-03
30	0	70	100	8.49772800962186E-03
30	0	75	100	8.33355739357055E-03
30	0	80	100	8.26746362011833E-03
30	0	85	100	8.25204289481942E-03
30	0	89.9	100	8.25138833972051E-03
Spec Polar [deg.]	Spec Azimuth [deg.]	Scatter Polar [deg.]	Scatter Azimuth [deg.]	BSDF (AOI=30, AZI=110) [1/sr]
30	0	0	110	2.20489496959823E-02
30	0	5	110	2.03886958824126E-02
30	0	10	110	1.88264218726097E-02
30	0	15	110	0.0175081844444
30	0	20	110	1.64423481795007E-02
30	0	25	110	1.55427604347061E-02
30	0	30	110	1.46853781952057E-02
30	0	35	110	0.013766468112467
30	0	40	110	1.27480164769396E-02
30	0	45	110	1.16707768424121E-02
30	0	50	110	1.06284731931072E-02
30	0	55	110	9.72201772364516E-03
30	0	60	110	9.02240683080989E-03
30	0	65	110	8.55623732161502E-03
30	0	70	110	8.30855240244955E-03
30	0	75	110	8.23214273813076E-03
30	0	80	110	8.25873965121806E-03
30	0	85	110	8.31436527335662E-03
30	0	89.9	110	8.34039862785508E-03
Spec Polar [deg.]	Spec Azimuth [deg.]	Scatter Polar [deg.]	Scatter Azimuth [deg.]	BSDF (AOI=30, AZI=120) [1/sr]
30	0	0	120	2.20489496959823E-02
30	0	5	120	1.97881100267407E-02
30	0	10	120	1.79186582519325E-02
30	0	15	120	1.65355136469785E-02
30	0	20	120	1.55711284815832E-02
30	0	25	120	1.48613755795337E-02
30	0	30	120	1.42104454466633E-02
30	0	35	120	1.34583649713214E-02
30	0	40	120	0.012539354693984
30	0	45	120	1.14994872108632E-02
30	0	50	120	1.04590320236982E-02
30	0	55	120	9.54717453646775E-03
30	0	60	120	8.85244683912041E-03
30	0	65	120	8.40698696328797E-03
30	0	70	120	8.19356060669244E-03
30	0	75	120	8.15857820891587E-03
30	0	80	120	8.2251491306551E-03
30	0	85	120	8.30993063335556E-03
30	0	89.9	120	8.34667358676004E-03
Spec Polar [deg.]	Spec Azimuth [deg.]	Scatter Polar [deg.]	Scatter Azimuth [deg.]	BSDF (AOI=30, AZI=130) [1/sr]
30	0	0	130	2.20489496959823E-02
30	0	5	130	1.92765717491569E-02
30	0	10	130	1.71744198921462E-02
30	0	15	130	0.015746004060828
30	0	20	130	1.48433563342925E-02
30	0	25	130	1.42416711157289E-02
30	0	30	130	1.37019428510809E-02
30	0	35	130	1.30391422813543E-02
30	0	40	130	1.21825658166307E-02
30	0	45	130	1.11879799515171E-02
30	0	50	130	1.01871697237788E-02
30	0	55	130	9.31302716139258E-03
30	0	60	130	8.64961457728374E-03
30	0	65	130	8.22157416148964E-03
30	0	70	130	8.00635593038026E-03
30	0	75	130	7.95079202786063E-03
30	0	80	130	7.98590799781407E-03
30	0	85	130	8.04228811180335E-03
30	0	89.9	130	8.06759969590929E-03
Spec Polar [deg.]	Spec Azimuth [deg.]	Scatter Polar [deg.]	Scatter Azimuth [deg.]	BSDF (AOI=30, AZI=140) [1/sr]
30	0	0	140	2.20489496959823E-02
30	0	5	140	1.88566215744746E-02
30	0	10	140	1.65784001503482E-02
30	0	15	140	0.015106756513941
30	0	20	140	1.42176152403887E-02
30	0	25	140	1.36416264377476E-02
30	0	30	140	0.013120792622962
30	0	35	140	1.24729460344823E-02
30	0	40	140	1.16433004595037E-02
30	0	45	140	1.07002042211645E-02
30	0	50	140	9.77185713825047E-03
30	0	55	140	8.97231443625164E-03
30	0	60	140	8.36196079136853E-03
30	0	65	140	7.94690204427193E-03
30	0	70	140	0.007697266917173
30	0	75	140	7.56739654090415E-03
30	0	80	140	7.5113584314791E-03
30	0	85	140	7.49270164149865E-03
30	0	89.9	140	7.48897126713543E-03
Spec Polar [deg.]	Spec Azimuth [deg.]	Scatter Polar [deg.]	Scatter Azimuth [deg.]	BSDF (AOI=30, AZI=150) [1/sr]
30	0	0	150	2.20489496959823E-02
30	0	5	150	1.85294537033238E-02
30	0	10	150	0.016120469560337
30	0	15	150	1.46039835030444E-02
30	0	20	150	0.013690766433849
30	0	25	150	0.013081203520775
30	0	30	150	1.25157673932868E-02
30	0	35	150	1.18332471378308E-02
30	0	40	150	1.10060730978788E-02
30	0	45	150	1.01144012898614E-02
30	0	50	150	9.2728373809988E-03
30	0	55	150	8.56436150930356E-03
30	0	60	150	8.01590704897905E-03
30	0	65	150	7.60959840508332E-03
30	0	70	150	7.30837236559157E-03
30	0	75	150	7.07989236734341E-03
30	0	80	150	6.90976013102657E-03
30	0	85	150	6.80089163366934E-03
30	0	89.9	150	6.76300053801589E-03
Spec Polar [deg.]	Spec Azimuth [deg.]	Scatter Polar [deg.]	Scatter Azimuth [deg.]	BSDF (AOI=30, AZI=160) [1/sr]
30	0	0	160	2.20489496959823E-02
30	0	5	160	0.018295578637878
30	0	10	160	1.57951715487522E-02
30	0	15	160	1.42373295937066E-02
30	0	20	160	1.32835120336614E-02
30	0	25	160	1.26158597157814E-02
30	0	30	160	1.19825725559336E-02
30	0	35	160	0.011248707310378
30	0	40	160	0.010413632659005
30	0	45	160	9.56557288883524E-03
30	0	50	160	8.80289256495019E-03
30	0	55	160	8.1777071122075E-03
30	0	60	160	7.68494515241013E-03
30	0	65	160	7.28417182899902E-03
30	0	70	160	6.93304502150385E-03
30	0	75	160	6.61458528634548E-03
30	0	80	160	6.3450432357328E-03
30	0	85	160	6.1605813706683E-03
30	0	89.9	160	6.0947158383032E-03
Spec Polar [deg.]	Spec Azimuth [deg.]	Scatter Polar [deg.]	Scatter Azimuth [deg.]	BSDF (AOI=30, AZI=170) [1/sr]
30	0	0	170	2.20489496959823E-02
30	0	5	170	1.81552014608588E-02
30	0	10	170	1.56003103185317E-02
30	0	15	170	1.40129420295552E-02
30	0	20	170	1.30240861517467E-02
30	0	25	170	1.23067827911448E-02
30	0	30	170	1.16180028106013E-02
30	0	35	170	1.08431873381679E-02
30	0	40	170	0.010000198145645
30	0	45	170	9.18120992468582E-03
30	0	50	170	8.47218749597573E-03
30	0	55	170	7.90374893652393E-03
30	0	60	170	7.44873319388525E-03
30	0	65	170	7.05110817032352E-03
30	0	70	170	6.66565281425674E-03
30	0	75	170	6.28753105301209E-03
30	0	80	170	5.95454718335749E-03
30	0	85	170	5.72351540411701E-03
30	0	89.9	170	5.64078530021318E-03
Spec Polar [deg.]	Spec Azimuth [deg.]	Scatter Polar [deg.]	Scatter Azimuth [deg.]	BSDF (AOI=30, AZI=180) [1/sr]
30	0	0	180	2.20489496959823E-02
30	0	5	180	1.81084018897537E-02
30	0	10	180	1.55353661183124E-02
30	0	15	180	1.39372708540261E-02
30	0	20	180	1.29348355334765E-02
30	0	25	180	1.21984425008918E-02
30	0	30	180	0.011488742715986
30	0	35	180	1.06987258178416E-02
30	0	40	180	9.85269261585648E-03
30	0	45	180	9.04388784096505E-03
30	0	50	180	8.35371239969189E-03
30	0	55	180	7.80520799108746E-03
30	0	60	180	7.3634371334505E-03
30	0	65	180	6.96685475996881E-03
30	0	70	180	6.56937407319535E-03
30	0	75	180	6.17075088843634E-03
30	0	80	180	5.81645712766989E-03
30	0	85	180	5.57012283864677E-03
30	0	89.9	180	5.48192747605832E-03
AOI	40	deg.
FRED TIS integral (0-1)	8.52409960652801E-02
Spec Polar [deg.]	Spec Azimuth [deg.]	Scatter Polar [deg.]	Scatter Azimuth [deg.]	BSDF (AOI=40, AZI=0) [1/sr]
40	0	0	0	1.71907792806719E-02
40	0	5	0	2.09367890409165E-02
40	0	10	0	2.66576044424184E-02
40	0	15	0	3.49767956630198E-02
40	0	20	0	4.63613271789971E-02
40	0	25	0	6.06923739348927E-02
40	0	30	0	7.67126566314826E-02
40	0	35	0	9.18479645641091E-02
40	0	40	0	0.103108984511995
40	0	45	0	0.108982542564897
40	0	50	0	0.110807662788447
40	0	55	0	0.112325659510599
40	0	60	0	0.118172601633662
40	0	65	0	0.132933670340459
40	0	70	0	0.160811515808435
40	0	75	0	0.204074498138703
40	0	80	0	0.25836668242217
40	0	85	0	0.307440977308583
40	0	89.9	0	0.327770005003688
Spec Polar [deg.]	Spec Azimuth [deg.]	Scatter Polar [deg.]	Scatter Azimuth [deg.]	BSDF (AOI=40, AZI=10) [1/sr]
40	0	0	10	1.71907792806719E-02
40	0	5	10	2.08585106408831E-02
40	0	10	10	2.63872633997183E-02
40	0	15	10	3.42991808942173E-02
40	0	20	10	0.044927426680939
40	0	25	10	5.80409574496532E-02
40	0	30	10	7.24061143333328E-02
40	0	35	10	8.57144480089449E-02
40	0	40	10	9.54214516224694E-02
40	0	45	10	0.100342610898402
40	0	50	10	0.101745542329889
40	0	55	10	0.102914711906508
40	0	60	10	0.10785529983865
40	0	65	10	0.120453441264771
40	0	70	10	0.144121135691375
40	0	75	10	0.180451586857578
40	0	80	10	0.225468311486858
40	0	85	10	0.265712377282497
40	0	89.9	10	0.282277514641925
Spec Polar [deg.]	Spec Azimuth [deg.]	Scatter Polar [deg.]	Scatter Azimuth [deg.]	BSDF (AOI=40, AZI=20) [1/sr]
40	0	0	20	1.71907792806719E-02
40	0	5	20	2.06304900801165E-02
40	0	10	20	0.02561777322122
40	0	15	20	3.24205193511311E-02
40	0	20	20	4.10647234182594E-02
40	0	25	20	5.11060252110541E-02
40	0	30	20	6.14490671807037E-02
40	0	35	20	7.04641204087041E-02
40	0	40	20	7.66186255337759E-02
40	0	45	20	7.94110560197383E-02
40	0	50	20	7.98908763126474E-02
40	0	55	20	8.02956303163801E-02
40	0	60	20	8.32269247161362E-02
40	0	65	20	9.10700169569556E-02
40	0	70	20	0.105654862829905
40	0	75	20	0.127405334785836
40	0	80	20	0.15343506723907
40	0	85	20	0.176006830131466
40	0	89.9	20	0.185134899766758
Spec Polar [deg.]	Spec Azimuth [deg.]	Scatter Polar [deg.]	Scatter Azimuth [deg.]	BSDF (AOI=40, AZI=30) [1/sr]
40	0	0	30	1.71907792806719E-02
40	0	5	30	2.02719549881971E-02
40	0	10	30	2.44609931725865E-02
40	0	15	30	2.97352682706983E-02
40	0	20	30	3.58358729280105E-02
40	0	25	30	4.22217987490461E-02
40	0	30	30	4.81131305506236E-02
40	0	35	30	5.26746144586735E-02
40	0	40	30	5.53390239336414E-02
40	0	45	30	5.61363966247939E-02
40	0	50	30	5.57957635143494E-02
40	0	55	30	5.55173605640413E-02
40	0	60	30	5.65899649917221E-02
40	0	65	30	0.06009030948652
40	0	70	30	6.66603739543029E-02
40	0	75	30	7.61367175875463E-02
40	0	80	30	8.69630851378591E-02
40	0	85	30	9.59640150654649E-02
40	0	89.9	30	9.95150560382138E-02
Spec Polar [deg.]	Spec Azimuth [deg.]	Scatter Polar [deg.]	Scatter Azimuth [deg.]	BSDF (AOI=40, AZI=40) [1/sr]
40	0	0	40	1.71907792806719E-02
40	0	5	40	1.98112545901435E-02
40	0	10	40	2.30671288212181E-02
40	0	15	40	2.67207437506742E-02
40	0	20	40	3.03875416956113E-02
40	0	25	40	3.36252106001348E-02
40	0	30	40	3.60545645227921E-02
40	0	35	40	0.037459844061903
40	0	40	40	3.78439833598142E-02
40	0	45	40	3.74373969143526E-02
40	0	50	40	3.66554110181229E-02
40	0	55	40	3.60047131072518E-02
40	0	60	40	3.59666272541103E-02
40	0	65	40	3.68926975062051E-02
40	0	70	40	0.038913983532822
40	0	75	40	4.18394103431718E-02
40	0	80	40	4.50677990184164E-02
40	0	85	40	4.76496915805559E-02
40	0	89.9	40	0.048643970231365
Spec Polar [deg.]	Spec Azimuth [deg.]	Scatter Polar [deg.]	Scatter Azimuth [deg.]	BSDF (AOI=40, AZI=50) [1/sr]
40	0	0	50	1.71907792806719E-02
40	0	5	50	1.92814135766265E-02
40	0	10	50	2.15878931260257E-02
40	0	15	50	2.37865960065698E-02
40	0	20	50	2.55332438486137E-02
40	0	25	50	2.65920853608951E-02
40	0	30	50	2.69131787297896E-02
40	0	35	50	2.66138784457504E-02
40	0	40	50	2.58994714751106E-02
40	0	45	50	2.49876441359182E-02
40	0	50	50	2.40693900319738E-02
40	0	55	50	0.023298406742842
40	0	60	50	2.27877848003155E-02
40	0	65	50	2.26014306938906E-02
40	0	70	50	2.27398798921935E-02
40	0	75	50	2.31280370258947E-02
40	0	80	50	2.36180114968364E-02
40	0	85	50	2.40220821364331E-02
40	0	89.9	50	2.41782334058199E-02
Spec Polar [deg.]	Spec Azimuth [deg.]	Scatter Polar [deg.]	Scatter Azimuth [deg.]	BSDF (AOI=40, AZI=60) [1/sr]
40	0	0	60	1.71907792806719E-02
40	0	5	60	1.87156457681039E-02
40	0	10	60	2.01482635146764E-02
40	0	15	60	2.11968732245135E-02
40	0	20	60	0.021644959330152
40	0	25	60	2.14461298763024E-02
40	0	30	60	2.07285500778171E-02
40	0	35	60	1.97130399000562E-02
40	0	40	60	1.86123805779397E-02
40	0	45	60	1.75711349496023E-02
40	0	50	60	1.66569963408204E-02
40	0	55	60	0.01588270110549
40	0	60	60	1.52347773079803E-02
40	0	65	60	1.46954080298984E-02
40	0	70	60	1.42532786428249E-02
40	0	75	60	1.39052349331808E-02
40	0	80	60	0.013653179158575
40	0	85	60	1.35003563602745E-02
40	0	89.9	60	1.34491640027224E-02
Spec Polar [deg.]	Spec Azimuth [deg.]	Scatter Polar [deg.]	Scatter Azimuth [deg.]	BSDF (AOI=40, AZI=70) [1/sr]
40	0	0	70	1.71907792806719E-02
40	0	5	70	1.81437487870243E-02
40	0	10	70	1.88329663011221E-02
40	0	15	70	1.90675062330318E-02
40	0	20	70	1.87611453942526E-02
40	0	25	70	1.79727964476026E-02
40	0	30	70	1.68725201897533E-02
40	0	35	70	1.56609148363972E-02
40	0	40	70	0.014496780159465
40	0	45	70	1.34655753229404E-02
40	0	50	70	1.25857034233694E-02
40	0	55	70	1.18338596169463E-02
40	0	60	70	1.11734922390063E-02
40	0	65	70	1.05773371605594E-02
40	0	70	70	0.010039356073583
40	0	75	70	9.57489685612295E-03
40	0	80	70	9.21207636969209E-03
40	0	85	70	8.98021354258676E-03
40	0	89.9	70	8.90043657792254E-03
Spec Polar [deg.]	Spec Azimuth [deg.]	Scatter Polar [deg.]	Scatter Azimuth [deg.]	BSDF (AOI=40, AZI=80) [1/sr]
40	0	0	80	1.71907792806719E-02
40	0	5	80	1.75898749913882E-02
40	0	10	80	1.76862660781922E-02
40	0	15	80	1.74048834242565E-02
40	0	20	80	1.67443801678549E-02
40	0	25	80	1.57829517140086E-02
40	0	30	80	1.46491163759814E-02
40	0	35	80	1.34762284225639E-02
40	0	40	80	1.23658658326825E-02
40	0	45	80	1.13732249699124E-02
40	0	50	80	1.05122132547887E-02
40	0	55	80	9.77079675671595E-03
40	0	60	80	9.12799536940867E-03
40	0	65	80	8.56721715844435E-03
40	0	70	80	8.08332916321435E-03
40	0	75	80	7.68308861248927E-03
40	0	80	80	7.38070982381157E-03
40	0	85	80	7.19163833043515E-03
40	0	89.9	80	7.12726647051793E-03
Spec Polar [deg.]	Spec Azimuth [deg.]	Scatter Polar [deg.]	Scatter Azimuth [deg.]	BSDF (AOI=40, AZI=90) [1/sr]
40	0	0	90	1.71907792806719E-02
40	0	5	90	1.70717251519197E-02
40	0	10	90	1.67198512254903E-02
40	0	15	90	1.61515916786464E-02
40	0	20	90	1.53956093502636E-02
40	0	25	90	1.44929075191852E-02
40	0	30	90	1.34945709813875E-02
40	0	35	90	1.24567829073933E-02
40	0	40	90	1.14341630799098E-02
40	0	45	90	1.04733614746899E-02
40	0	50	90	9.60870852063677E-03
40	0	55	90	8.86076171650279E-03
40	0	60	90	8.23746570785343E-03
40	0	65	90	7.73695631216152E-03
40	0	70	90	7.35095707857132E-03
40	0	75	90	7.06803036495782E-03
40	0	80	90	6.87633573770348E-03
40	0	85	90	6.76580729026554E-03
40	0	89.9	90	6.72976053192542E-03
Spec Polar [deg.]	Spec Azimuth [deg.]	Scatter Polar [deg.]	Scatter Azimuth [deg.]	BSDF (AOI=40, AZI=100) [1/sr]
40	0	0	100	1.71907792806719E-02
40	0	5	100	1.66008905286408E-02
40	0	10	100	1.59236351228514E-02
40	0	15	100	1.52225300985142E-02
40	0	20	100	1.45129517894663E-02
40	0	25	100	1.37745385431058E-02
40	0	30	100	1.29761197525827E-02
40	0	35	100	1.21025526899252E-02
40	0	40	100	1.11718027152307E-02
40	0	45	100	1.02343208044438E-02
40	0	50	100	9.35641764333406E-03
40	0	55	100	8.5983857383184E-03
40	0	60	100	7.99877020804427E-03
40	0	65	100	7.56917064848246E-03
40	0	70	100	7.29697045760551E-03
40	0	75	100	7.15163138799154E-03
40	0	80	100	7.09246868724066E-03
40	0	85	100	7.07808176273932E-03
40	0	89.9	100	7.07718909590339E-03
Spec Polar [deg.]	Spec Azimuth [deg.]	Scatter Polar [deg.]	Scatter Azimuth [deg.]	BSDF (AOI=40, AZI=110) [1/sr]
40	0	0	110	1.71907792806719E-02
40	0	5	110	1.61839241942304E-02
40	0	10	110	1.52761074293833E-02
40	0	15	110	1.45289614074706E-02
40	0	20	110	1.39172132472445E-02
40	0	25	110	1.33569918769274E-02
40	0	30	110	1.27480164769396E-02
40	0	35	110	1.20204175676233E-02
40	0	40	110	1.11687843897508E-02
40	0	45	110	1.02546502863245E-02
40	0	50	110	9.37634764666674E-03
40	0	55	110	8.62756431446006E-03
40	0	60	110	8.0687628801359E-03
40	0	65	110	7.71905218594907E-03
40	0	70	110	7.56089889984934E-03
40	0	75	110	7.54835986834766E-03
40	0	80	110	7.6164629704157E-03
40	0	85	110	7.69499612493761E-03
40	0	89.9	110	7.72828801943701E-03
Spec Polar [deg.]	Spec Azimuth [deg.]	Scatter Polar [deg.]	Scatter Azimuth [deg.]	BSDF (AOI=40, AZI=120) [1/sr]
40	0	0	120	1.71907792806719E-02
40	0	5	120	1.58237230896164E-02
40	0	10	120	1.47526596527381E-02
40	0	15	120	1.39937465328146E-02
40	0	20	120	1.34659131916067E-02
40	0	25	120	1.30300369978262E-02
40	0	30	120	0.012539354693984
40	0	35	120	1.18964928005109E-02
40	0	40	120	1.10938405707324E-02
40	0	45	120	1.02101404535811E-02
40	0	50	120	9.36513675541471E-03
40	0	55	120	8.66580115967068E-03
40	0	60	120	8.17513452023171E-03
40	0	65	120	7.90765331852315E-03
40	0	70	120	7.83789410906618E-03
40	0	75	120	7.91037407990999E-03
40	0	80	120	8.04974703235199E-03
40	0	85	120	8.17593017100501E-03
40	0	89.9	120	8.22599154632146E-03
Spec Polar [deg.]	Spec Azimuth [deg.]	Scatter Polar [deg.]	Scatter Azimuth [deg.]	BSDF (AOI=40, AZI=130) [1/sr]
40	0	0	130	1.71907792806719E-02
40	0	5	130	1.55208881977026E-02
40	0	10	130	1.43313714651865E-02
40	0	15	130	1.35605765328016E-02
40	0	20	130	1.30646749293381E-02
40	0	25	130	0.012660961611055
40	0	30	130	1.21825658166307E-02
40	0	35	130	1.15380866697148E-02
40	0	40	130	1.07433160309072E-02
40	0	45	130	9.89834191530901E-03
40	0	50	130	9.12681130501678E-03
40	0	55	130	8.52177597186213E-03
40	0	60	130	8.12410324722353E-03
40	0	65	130	7.92738712080695E-03
40	0	70	130	7.89234310714747E-03
40	0	75	130	7.96103219850596E-03
40	0	80	130	8.06973478053329E-03
40	0	85	130	8.16137364569153E-03
40	0	89.9	130	8.19657649706911E-03
Spec Polar [deg.]	Spec Azimuth [deg.]	Scatter Polar [deg.]	Scatter Azimuth [deg.]	BSDF (AOI=40, AZI=140) [1/sr]
40	0	0	140	1.71907792806719E-02
40	0	5	140	1.52748482208775E-02
40	0	10	140	1.39962146340991E-02
40	0	15	140	1.31978419267807E-02
40	0	20	140	1.26730934853824E-02
40	0	25	140	1.22087763295117E-02
40	0	30	140	1.16433004595037E-02
40	0	35	140	1.09209061273253E-02
40	0	40	140	1.00993111885951E-02
40	0	45	140	9.29797433948007E-03
40	0	50	140	8.62702246031063E-03
40	0	55	140	8.14389958198749E-03
40	0	60	140	7.8482410903577E-03
40	0	65	140	7.69892507868261E-03
40	0	70	140	7.63802906232207E-03
40	0	75	140	7.61402106246643E-03
40	0	80	140	7.59743258405101E-03
40	0	85	140	7.58258219287427E-03
40	0	89.9	140	7.57616935382181E-03
Spec Polar [deg.]	Spec Azimuth [deg.]	Scatter Polar [deg.]	Scatter Azimuth [deg.]	BSDF (AOI=40, AZI=150) [1/sr]
40	0	0	150	1.71907792806719E-02
40	0	5	150	1.50846486487332E-02
40	0	10	150	1.37378925486505E-02
40	0	15	150	1.28968678135479E-02
40	0	20	150	1.22990689120506E-02
40	0	25	150	1.17145315577967E-02
40	0	30	150	1.10060730978788E-02
40	0	35	150	1.01693382386243E-02
40	0	40	150	9.30684563508246E-03
40	0	45	150	8.54881046057651E-03
40	0	50	150	7.98125413668697E-03
40	0	55	150	7.61879358091035E-03
40	0	60	150	7.41445357238881E-03
40	0	65	150	7.28790648680289E-03
40	0	70	150	7.16307021297652E-03
40	0	75	150	7.0038733055716E-03
40	0	80	150	6.8278635702282E-03
40	0	85	150	6.68744638449662E-03
40	0	89.9	150	6.63381582521507E-03
Spec Polar [deg.]	Spec Azimuth [deg.]	Scatter Polar [deg.]	Scatter Azimuth [deg.]	BSDF (AOI=40, AZI=160) [1/sr]
40	0	0	160	1.71907792806719E-02
40	0	5	160	1.49494053819442E-02
40	0	10	160	1.35528096027582E-02
40	0	15	160	1.26652416504878E-02
40	0	20	160	1.19812539771264E-02
40	0	25	160	1.12657423903989E-02
40	0	30	160	0.010413632659005
40	0	35	160	9.4702596761171E-03
40	0	40	160	8.57247116832474E-03
40	0	45	160	7.85154296710957E-03
40	0	50	160	7.3684272285613E-03
40	0	55	160	7.10136066781966E-03
40	0	60	160	6.96449869418913E-03
40	0	65	160	6.84416955178628E-03
40	0	70	160	6.6513889041423E-03
40	0	75	160	6.36991253020109E-03
40	0	80	160	6.06178184173566E-03
40	0	85	160	5.82406936200411E-03
40	0	89.9	160	5.7352565034959E-03
Spec Polar [deg.]	Spec Azimuth [deg.]	Scatter Polar [deg.]	Scatter Azimuth [deg.]	BSDF (AOI=40, AZI=170) [1/sr]
40	0	0	170	1.71907792806719E-02
40	0	5	170	1.48684908275456E-02
40	0	10	170	1.34409332081703E-02
40	0	15	170	1.25175751211385E-02
40	0	20	170	1.17664765860135E-02
40	0	25	170	1.09535875579413E-02
40	0	30	170	0.010000198145645
40	0	35	170	8.98601680960583E-03
40	0	40	170	8.06722264351173E-03
40	0	45	170	7.37146313030296E-03
40	0	50	170	6.94167098770959E-03
40	0	55	170	6.73323440449036E-03
40	0	60	170	6.63604727639587E-03
40	0	65	170	6.51522199952291E-03
40	0	70	170	6.27509916217343E-03
40	0	75	170	5.91569962267839E-03
40	0	80	170	5.52910356035773E-03
40	0	85	170	5.23716106939032E-03
40	0	89.9	170	5.12950750248468E-03
Spec Polar [deg.]	Spec Azimuth [deg.]	Scatter Polar [deg.]	Scatter Azimuth [deg.]	BSDF (AOI=40, AZI=180) [1/sr]
40	0	0	180	1.71907792806719E-02
40	0	5	180	1.48415556831461E-02
40	0	10	180	1.34034380147433E-02
40	0	15	180	0.01246669233612
40	0	20	180	1.16905025774147E-02
40	0	25	180	1.08420416623636E-02
40	0	30	180	9.85269261585648E-03
40	0	35	180	8.81424823116661E-03
40	0	40	180	7.88882961799341E-03
40	0	45	180	7.20199191113611E-03
40	0	50	180	6.79021218020327E-03
40	0	55	180	6.6012625771906E-03
40	0	60	180	6.51696752954976E-03
40	0	65	180	6.39530435209298E-03
40	0	70	180	6.13869705581505E-03
40	0	75	180	5.75336905450824E-03
40	0	80	180	5.34176945521104E-03
40	0	85	180	5.03326886621727E-03
40	0	89.9	180	4.92002512909502E-03
AOI	50	deg.
FRED TIS integral (0-1)	0.107418971362338
Spec Polar [deg.]	Spec Azimuth [deg.]	Scatter Polar [deg.]	Scatter Azimuth [deg.]	BSDF (AOI=50, AZI=0) [1/sr]
50	0	0	0	1.52753213411566E-02
50	0	5	0	1.84343268022413E-02
50	0	10	0	2.33752874509794E-02
50	0	15	0	3.08315274539325E-02
50	0	20	0	4.15252501813715E-02
50	0	25	0	5.58187211189599E-02
50	0	30	0	0.073231680330059
50	0	35	0	9.22266796682743E-02
50	0	40	0	0.110807662788448
50	0	45	0	0.127926503376726
50	0	50	0	0.144799382741092
50	0	55	0	0.165275352884638
50	0	60	0	0.195464399683059
50	0	65	0	0.243232022319006
50	0	70	0	0.316886898929451
50	0	75	0	0.420369818913064
50	0	80	0	0.542816184070435
50	0	85	0	0.649366438319033
50	0	89.9	0	0.692638838029558
Spec Polar [deg.]	Spec Azimuth [deg.]	Scatter Polar [deg.]	Scatter Azimuth [deg.]	BSDF (AOI=50, AZI=10) [1/sr]
50	0	0	10	1.52753213411566E-02
50	0	5	10	1.83664120010512E-02
50	0	10	10	2.31354146164395E-02
50	0	15	10	0.03021764143988
50	0	20	10	4.01928191269153E-02
50	0	25	10	0.053270030669741
50	0	30	10	6.88944043869168E-02
50	0	35	10	8.56308417535007E-02
50	0	40	10	0.101745542329889
50	0	45	10	0.116407849487049
50	0	50	10	0.130738342975645
50	0	55	10	0.148032584812058
50	0	60	10	0.173362216836141
50	0	65	10	0.21303780357514
50	0	70	10	0.273393037801331
50	0	75	10	0.356880856089332
50	0	80	10	0.454169253846738
50	0	85	10	0.537794700746605
50	0	89.9	10	0.571525263400886
Spec Polar [deg.]	Spec Azimuth [deg.]	Scatter Polar [deg.]	Scatter Azimuth [deg.]	BSDF (AOI=50, AZI=20) [1/sr]
50	0	0	20	1.52753213411566E-02
50	0	5	20	1.81687205669264E-02
50	0	10	20	2.24532508076866E-02
50	0	15	20	2.85177300924623E-02
50	0	20	20	3.66105362879262E-02
50	0	25	20	4.66256412905854E-02
50	0	30	20	5.79185255777437E-02
50	0	35	20	6.93745433208317E-02
50	0	40	20	7.98908763126476E-02
50	0	45	20	8.91031596562454E-02
50	0	50	20	0.097888566748722
50	0	55	20	0.108345705321915
50	0	60	20	0.123416548480633
50	0	65	20	0.146400227067572
50	0	70	20	0.180091318872767
50	0	75	20	0.224727997032496
50	0	80	20	0.274576343352995
50	0	85	20	0.315982082694143
50	0	89.9	20	0.332367243275273
Spec Polar [deg.]	Spec Azimuth [deg.]	Scatter Polar [deg.]	Scatter Azimuth [deg.]	BSDF (AOI=50, AZI=30) [1/sr]
50	0	0	30	1.52753213411566E-02
50	0	5	30	0.017858320773622
50	0	10	30	2.14295734786692E-02
50	0	15	30	2.60936749880602E-02
50	0	20	30	3.17792351246214E-02
50	0	25	30	3.81655559542706E-02
50	0	30	30	4.46931072106447E-02
50	0	35	30	5.07189457777878E-02
50	0	40	30	5.57957635143495E-02
50	0	45	30	5.99411485068974E-02
50	0	50	30	6.37364349974221E-02
50	0	55	30	6.82092175542101E-02
50	0	60	30	7.45917017779001E-02
50	0	65	30	8.40367092928087E-02
50	0	70	30	9.72191369252502E-02
50	0	75	30	0.113668600922779
50	0	80	30	0.130966684296466
50	0	85	30	0.144651759414812
50	0	89.9	30	0.149921542588664
Spec Polar [deg.]	Spec Azimuth [deg.]	Scatter Polar [deg.]	Scatter Azimuth [deg.]	BSDF (AOI=50, AZI=40) [1/sr]
50	0	0	40	1.52753213411566E-02
50	0	5	40	1.74603461147742E-02
50	0	10	40	2.01994467728246E-02
50	0	15	40	0.023381511877086
50	0	20	40	2.67702819817153E-02
50	0	25	40	3.00453903401127E-02
50	0	30	40	3.28917792740457E-02
50	0	35	40	3.51033622897297E-02
50	0	40	40	3.66554110181228E-02
50	0	45	40	3.77181657059195E-02
50	0	50	40	3.86132509663923E-02
50	0	55	40	3.97346893422268E-02
50	0	60	40	4.14586039624436E-02
50	0	65	40	4.40506208685659E-02
50	0	70	40	4.75619059960046E-02
50	0	75	40	5.17132551749102E-02
50	0	80	40	5.58244274788591E-02
50	0	85	40	5.89166595381899E-02
50	0	89.9	40	6.00736910227757E-02
Spec Polar [deg.]	Spec Azimuth [deg.]	Scatter Polar [deg.]	Scatter Azimuth [deg.]	BSDF (AOI=50, AZI=50) [1/sr]
50	0	0	50	1.52753213411566E-02
50	0	5	50	1.70040135685069E-02
50	0	10	50	1.88988962090222E-02
50	0	15	50	2.07529650013926E-02
50	0	20	50	0.02233308864871
50	0	25	50	2.34608097264159E-02
50	0	30	50	0.024073415736821
50	0	35	50	2.42301300885557E-02
50	0	40	50	2.40693900319738E-02
50	0	45	50	0.023752348403882
50	0	50	50	2.34222661653638E-02
50	0	55	50	2.31866008152278E-02
50	0	60	50	2.31128561102124E-02
50	0	65	50	0.023227515480972
50	0	70	50	0.023513590652587
50	0	75	50	2.39095759157796E-02
50	0	80	50	2.43170806217364E-02
50	0	85	50	2.46234352792119E-02
50	0	89.9	50	2.47372745137016E-02
Spec Polar [deg.]	Spec Azimuth [deg.]	Scatter Polar [deg.]	Scatter Azimuth [deg.]	BSDF (AOI=50, AZI=60) [1/sr]
50	0	0	60	1.52753213411566E-02
50	0	5	60	1.65186106608152E-02
50	0	10	60	1.76395253630987E-02
50	0	15	60	1.84452037325238E-02
50	0	20	60	1.88002277870041E-02
50	0	25	60	0.018682789859718
50	0	30	60	1.81849054970229E-02
50	0	35	60	1.74600039945926E-02
50	0	40	60	1.66569963408204E-02
50	0	45	60	1.58775295603077E-02
50	0	50	60	0.015166815365523
50	0	55	60	1.45280942375421E-02
50	0	60	60	1.39460279477253E-02
50	0	65	60	1.34077631954944E-02
50	0	70	60	1.29151862761256E-02
50	0	75	60	1.24865690935631E-02
50	0	80	60	1.21501340854268E-02
50	0	85	60	1.19344619450672E-02
50	0	89.9	60	1.18601344680607E-02
Spec Polar [deg.]	Spec Azimuth [deg.]	Scatter Polar [deg.]	Scatter Azimuth [deg.]	BSDF (AOI=50, AZI=70) [1/sr]
50	0	0	70	1.52753213411566E-02
50	0	5	70	1.60302755290381E-02
50	0	10	70	0.016496536622089
50	0	15	70	1.65603261452188E-02
50	0	20	70	1.61959676532189E-02
50	0	25	70	1.54780372105166E-02
50	0	30	70	1.45459454124321E-02
50	0	35	70	1.35460378364273E-02
50	0	40	70	1.25857034233694E-02
50	0	45	70	1.17164745193555E-02
50	0	50	70	1.09422439976698E-02
50	0	55	70	1.02404083984699E-02
50	0	60	70	9.58513831710641E-03
50	0	65	70	8.96512553688742E-03
50	0	70	70	8.39090172563065E-03
50	0	75	70	7.89097806799181E-03
50	0	80	70	7.50109450357467E-03
50	0	85	70	7.25314522777196E-03
50	0	89.9	70	7.16813434329355E-03
Spec Polar [deg.]	Spec Azimuth [deg.]	Scatter Polar [deg.]	Scatter Azimuth [deg.]	BSDF (AOI=50, AZI=80) [1/sr]
50	0	0	80	1.52753213411566E-02
50	0	5	80	1.55600104547413E-02
50	0	10	80	1.55087244207336E-02
50	0	15	80	0.015101875007559
50	0	20	80	0.014387159528092
50	0	25	80	1.34642948253092E-02
50	0	30	80	1.24504182112579E-02
50	0	35	80	1.14454261399575E-02
50	0	40	80	1.05122132547887E-02
50	0	45	80	9.67483032373417E-03
50	0	50	80	8.92897186123564E-03
50	0	55	80	8.25731874232258E-03
50	0	60	80	7.64389357680699E-03
50	0	65	80	7.0835361450567E-03
50	0	70	80	6.58454482513168E-03
50	0	75	80	6.16511488449402E-03
50	0	80	80	5.84665341206155E-03
50	0	85	80	5.64762502618407E-03
50	0	89.9	80	5.57996200307128E-03
Spec Polar [deg.]	Spec Azimuth [deg.]	Scatter Polar [deg.]	Scatter Azimuth [deg.]	BSDF (AOI=50, AZI=90) [1/sr]
50	0	0	90	1.52753213411566E-02
50	0	5	90	1.51229679197236E-02
50	0	10	90	1.46856352651731E-02
50	0	15	90	1.40168559468095E-02
50	0	20	90	1.31896251279213E-02
50	0	25	90	1.22794951942587E-02
50	0	30	90	1.13511171975692E-02
50	0	35	90	0.010451344709661
50	0	40	90	9.60870852063679E-03
50	0	45	90	8.83709081820357E-03
50	0	50	90	8.14104950891027E-03
50	0	55	90	7.52083254487997E-03
50	0	60	90	6.97598677757923E-03
50	0	65	90	6.50723793832685E-03
50	0	70	90	6.11688196188887E-03
50	0	75	90	5.80824445294482E-03
50	0	80	90	5.58481670467388E-03
50	0	85	90	5.44950815435442E-03
50	0	89.9	90	5.40421003646913E-03
Spec Polar [deg.]	Spec Azimuth [deg.]	Scatter Polar [deg.]	Scatter Azimuth [deg.]	BSDF (AOI=50, AZI=100) [1/sr]
50	0	0	100	1.52753213411566E-02
50	0	5	100	1.47287637937541E-02
50	0	10	100	1.40172128346717E-02
50	0	15	100	1.32280998608361E-02
50	0	20	100	1.24207236407067E-02
50	0	25	100	1.16241290513577E-02
50	0	30	100	1.08465665687848E-02
50	0	35	100	1.00890358862304E-02
50	0	40	100	9.35641764333405E-03
50	0	45	100	8.66230996023559E-03
50	0	50	100	8.02710387970082E-03
50	0	55	100	7.47192174901358E-03
50	0	60	100	7.01226173807236E-03
50	0	65	100	6.6541333846167E-03
50	0	70	100	6.3934309200829E-03
50	0	75	100	6.2178872426825E-03
50	0	80	100	6.11065787850697E-03
50	0	85	100	6.05477727798228E-03
50	0	89.9	100	6.03770032313996E-03
Spec Polar [deg.]	Spec Azimuth [deg.]	Scatter Polar [deg.]	Scatter Azimuth [deg.]	BSDF (AOI=50, AZI=110) [1/sr]
50	0	0	110	1.52753213411566E-02
50	0	5	110	1.43824457990272E-02
50	0	10	110	1.34829644416358E-02
50	0	15	110	1.26552025963494E-02
50	0	20	110	1.19201084054874E-02
50	0	25	110	1.12570673767333E-02
50	0	30	110	1.06284731931072E-02
50	0	35	110	1.00039129915188E-02
50	0	40	110	9.37634764666676E-03
50	0	45	110	8.76511434185165E-03
50	0	50	110	8.20638208155602E-03
50	0	55	110	7.73785740077531E-03
50	0	60	110	7.38580016158783E-03
50	0	65	110	7.15839342231119E-03
50	0	70	110	7.04489116795427E-03
50	0	75	110	7.01847060183477E-03
50	0	80	110	7.04189494192863E-03
50	0	85	110	7.07617082965944E-03
50	0	89.9	110	7.09135103399467E-03
Spec Polar [deg.]	Spec Azimuth [deg.]	Scatter Polar [deg.]	Scatter Azimuth [deg.]	BSDF (AOI=50, AZI=120) [1/sr]
50	0	0	120	1.52753213411566E-02
50	0	5	120	1.40857473850496E-02
50	0	10	120	1.30593293168766E-02
50	0	15	120	1.22274745407448E-02
50	0	20	120	0.011559759113479
50	0	25	120	1.09923449090569E-02
50	0	30	120	1.04590320236982E-02
50	0	35	120	9.91788072914956E-03
50	0	40	120	9.3651367554147E-03
50	0	45	120	8.8312163740177E-03
50	0	50	120	8.36280259399309E-03
50	0	55	120	8.00232700541135E-03
50	0	60	120	7.77422790171821E-03
50	0	65	120	7.68001334354896E-03
50	0	70	120	7.69923677380946E-03
50	0	75	120	7.79366287216989E-03
50	0	80	120	7.9142669536283E-03
50	0	85	120	8.01165130097977E-03
50	0	89.9	120	8.04870681520986E-03
Spec Polar [deg.]	Spec Azimuth [deg.]	Scatter Polar [deg.]	Scatter Azimuth [deg.]	BSDF (AOI=50, AZI=130) [1/sr]
50	0	0	130	1.52753213411566E-02
50	0	5	130	1.38383327491196E-02
50	0	10	130	1.27248655963533E-02
50	0	15	130	1.18918499888904E-02
50	0	20	130	1.12523944755014E-02
50	0	25	130	1.07093475069382E-02
50	0	30	130	1.01871697237788E-02
50	0	35	130	9.65441123355067E-03
50	0	40	130	9.1268113050168E-03
50	0	45	130	8.6497640013069E-03
50	0	50	130	8.27189467737609E-03
50	0	55	130	8.02443248082911E-03
50	0	60	130	7.91275097211186E-03
50	0	65	130	7.91790262805411E-03
50	0	70	130	8.00376556571549E-03
50	0	75	130	8.12678049547144E-03
50	0	80	130	8.24584922802458E-03
50	0	85	130	8.32963274991824E-03
50	0	89.9	130	8.35954862975228E-03
Spec Polar [deg.]	Spec Azimuth [deg.]	Scatter Polar [deg.]	Scatter Azimuth [deg.]	BSDF (AOI=50, AZI=140) [1/sr]
50	0	0	140	1.52753213411566E-02
50	0	5	140	1.36388409899279E-02
50	0	10	140	1.24632413431386E-02
50	0	15	140	1.16165265449495E-02
50	0	20	140	0.010956480955777
50	0	25	140	1.03638803489221E-02
50	0	30	140	9.77185713825049E-03
50	0	35	140	9.17770165741323E-03
50	0	40	140	8.62702246031064E-03
50	0	45	140	8.17928181014188E-03
50	0	50	140	7.87577175387622E-03
50	0	55	140	7.72351261270842E-03
50	0	60	140	7.69507422992359E-03
50	0	65	140	7.73965362682465E-03
50	0	70	140	7.80190104020751E-03
50	0	75	140	7.84272771732483E-03
50	0	80	140	7.85163795320224E-03
50	0	85	140	7.8425571571591E-03
50	0	89.9	140	7.83637140948261E-03
Spec Polar [deg.]	Spec Azimuth [deg.]	Scatter Polar [deg.]	Scatter Azimuth [deg.]	BSDF (AOI=50, AZI=150) [1/sr]
50	0	0	150	1.52753213411566E-02
50	0	5	150	1.34856379052143E-02
50	0	10	150	1.22641888075561E-02
50	0	15	150	1.13899805448203E-02
50	0	20	150	1.06724084232037E-02
50	0	25	150	9.98165558482072E-03
50	0	30	150	9.2728373809988E-03
50	0	35	150	8.58085876611587E-03
50	0	40	150	7.98125413668697E-03
50	0	45	150	7.54133153174794E-03
50	0	50	150	7.28835274753748E-03
50	0	55	150	7.2005900187416E-03
50	0	60	150	7.2145672591629E-03
50	0	65	150	7.24601335843761E-03
50	0	70	150	7.22391935544756E-03
50	0	75	150	7.12416814685119E-03
50	0	80	150	6.97876813165357E-03
50	0	85	150	6.85206857822028E-03
50	0	89.9	150	6.80227588453357E-03
Spec Polar [deg.]	Spec Azimuth [deg.]	Scatter Polar [deg.]	Scatter Azimuth [deg.]	BSDF (AOI=50, AZI=160) [1/sr]
50	0	0	160	1.52753213411566E-02
50	0	5	160	1.33772686197214E-02
50	0	10	160	1.21227941744705E-02
50	0	15	160	1.12156774904005E-02
50	0	20	160	1.04285655718501E-02
50	0	25	160	9.63031026918133E-03
50	0	30	160	8.80289256495019E-03
50	0	35	160	8.01644586913252E-03
50	0	40	160	7.36842722856135E-03
50	0	45	160	6.92674031692742E-03
50	0	50	160	6.70306296905814E-03
50	0	55	160	6.65099152082826E-03
50	0	60	160	6.67789010057959E-03
50	0	65	160	6.67379381191336E-03
50	0	70	160	6.55990120513556E-03
50	0	75	160	6.33182515320601E-03
50	0	80	160	6.05974113615658E-03
50	0	85	160	5.84363611695434E-03
50	0	89.9	160	5.7620983888152E-03
Spec Polar [deg.]	Spec Azimuth [deg.]	Scatter Polar [deg.]	Scatter Azimuth [deg.]	BSDF (AOI=50, AZI=170) [1/sr]
50	0	0	170	1.52753213411566E-02
50	0	5	170	1.33126655786307E-02
50	0	10	170	1.20377436407303E-02
50	0	15	170	1.11042582828445E-02
50	0	20	170	1.02623623715719E-02
50	0	25	170	9.38381132424246E-03
50	0	30	170	8.47218749597572E-03
50	0	35	170	7.62170867494678E-03
50	0	40	170	6.94167098770958E-03
50	0	45	170	6.49706491504454E-03
50	0	50	170	6.28781974725354E-03
50	0	55	170	6.25183356320824E-03
50	0	60	170	6.27886866893371E-03
50	0	65	170	6.24436357155869E-03
50	0	70	170	6.06772394557525E-03
50	0	75	170	5.76039345333966E-03
50	0	80	170	5.41649464959592E-03
50	0	85	170	5.15335141966593E-03
50	0	89.9	170	5.05586859215139E-03
Spec Polar [deg.]	Spec Azimuth [deg.]	Scatter Polar [deg.]	Scatter Azimuth [deg.]	BSDF (AOI=50, AZI=180) [1/sr]
50	0	0	180	1.52753213411566E-02
50	0	5	180	1.32911996742061E-02
50	0	10	180	1.20092998373577E-02
50	0	15	180	1.10657841227955E-02
50	0	20	180	1.02032989253715E-02
50	0	25	180	9.29534129978333E-03
50	0	30	180	8.35371239969189E-03
50	0	35	180	7.48106234809911E-03
50	0	40	180	6.79021218020329E-03
50	0	45	180	6.34449973071373E-03
50	0	50	180	6.1395408722574E-03
50	0	55	180	6.10795970448105E-03
50	0	60	180	6.13380031618159E-03
50	0	65	180	6.08796783185469E-03
50	0	70	180	5.88990806465474E-03
50	0	75	180	5.55697081516397E-03
50	0	80	180	5.19111597995253E-03
50	0	85	180	4.9143473739976E-03
50	0	89.9	180	4.81241116564943E-03
AOI	60	deg.
FRED TIS integral (0-1)	0.138118958795719
Spec Polar [deg.]	Spec Azimuth [deg.]	Scatter Polar [deg.]	Scatter Azimuth [deg.]	BSDF (AOI=60, AZI=0) [1/sr]
60	0	0	0	1.42529896291088E-02
60	0	5	0	1.75476475230561E-02
60	0	10	0	2.25880543111628E-02
60	0	15	0	3.00752621151956E-02
60	0	20	0	4.06509378549971E-02
60	0	25	0	5.46602500114485E-02
60	0	30	0	7.20806983300853E-02
60	0	35	0	9.29344023381078E-02
60	0	40	0	0.118172601633662
60	0	45	0	0.150600242508583
60	0	50	0	0.195464399683059
60	0	55	0	0.260601992712315
60	0	60	0	0.355762107092752
60	0	65	0	0.489910913401121
60	0	70	0	0.665222156533831
60	0	75	0	0.868815726526246
60	0	80	0	1.06792119573503
60	0	85	0	1.21601298672195
60	0	89.9	0	1.27102386061555
Spec Polar [deg.]	Spec Azimuth [deg.]	Scatter Polar [deg.]	Scatter Azimuth [deg.]	BSDF (AOI=60, AZI=10) [1/sr]
60	0	0	10	1.42529896291088E-02
60	0	5	10	1.74767366880517E-02
60	0	10	10	2.23405706629783E-02
60	0	15	10	2.94486327656127E-02
60	0	20	10	0.039305641847741
60	0	25	10	5.21063794212322E-02
60	0	30	10	0.067706579846161
60	0	35	10	8.60318576102067E-02
60	0	40	10	0.107855299838651
60	0	45	10	0.135529696626633
60	0	50	10	0.173362216836143
60	0	55	10	0.22757234314608
60	0	60	10	0.305552205485701
60	0	65	10	0.413571413617827
60	0	70	10	0.552151883744482
60	0	75	10	0.7102436893147
60	0	80	10	0.862479273870696
60	0	85	10	0.974424750194953
60	0	89.9	10	1.01575697035062
Spec Polar [deg.]	Spec Azimuth [deg.]	Scatter Polar [deg.]	Scatter Azimuth [deg.]	BSDF (AOI=60, AZI=20) [1/sr]
60	0	0	20	1.42529896291088E-02
60	0	5	20	0.017270239940128
60	0	10	20	2.16364640930368E-02
60	0	15	20	2.77129098677573E-02
60	0	20	20	3.56879353337592E-02
60	0	25	20	4.54482976914295E-02
60	0	30	20	5.66486666926637E-02
60	0	35	20	6.90881985093016E-02
60	0	40	20	8.32269247161363E-02
60	0	45	20	0.100519167169591
60	0	50	20	0.123416548480633
60	0	55	20	0.155079198591609
60	0	60	20	0.198712193619582
60	0	65	20	0.256238428855108
60	0	70	20	0.326257949737678
60	0	75	20	0.402153080212398
60	0	80	20	0.472052862229856
60	0	85	20	0.521783118003637
60	0	89.9	20	0.539823917693741
Spec Polar [deg.]	Spec Azimuth [deg.]	Scatter Polar [deg.]	Scatter Azimuth [deg.]	BSDF (AOI=60, AZI=30) [1/sr]
60	0	0	30	1.42529896291088E-02
60	0	5	30	1.69457456266352E-02
60	0	10	30	0.020578879788807
60	0	15	30	2.52360338475549E-02
60	0	20	30	3.08063479495532E-02
60	0	25	30	3.69705877643142E-02
60	0	30	30	4.33514490387969E-02
60	0	35	30	4.97933382850264E-02
60	0	40	30	5.65899649917222E-02
60	0	45	30	6.45039488845835E-02
60	0	50	30	7.45917017779001E-02
60	0	55	30	8.79255566519336E-02
60	0	60	30	0.10523590119446
60	0	65	30	0.12645924940509
60	0	70	30	0.150311452408781
60	0	75	30	0.174196503249022
60	0	80	30	0.194704329883808
60	0	85	30	0.208544893744679
60	0	89.9	30	0.21342531949398
Spec Polar [deg.]	Spec Azimuth [deg.]	Scatter Polar [deg.]	Scatter Azimuth [deg.]	BSDF (AOI=60, AZI=40) [1/sr]
60	0	0	40	1.42529896291088E-02
60	0	5	40	1.65291693416351E-02
60	0	10	40	1.93059925087186E-02
60	0	15	40	2.24609879048934E-02
60	0	20	40	2.57401525548364E-02
60	0	25	40	2.88325374437687E-02
60	0	30	40	3.15201094181167E-02
60	0	35	40	3.38124156272374E-02
60	0	40	40	3.59666272541104E-02
60	0	45	40	3.83842782441938E-02
60	0	50	40	4.14586039624439E-02
60	0	55	40	4.54387284665488E-02
60	0	60	40	5.03303389459156E-02
60	0	65	40	5.58454550950511E-02
60	0	70	40	6.14394281127063E-02
60	0	75	40	6.64594948963323E-02
60	0	80	40	0.070346269520262
60	0	85	40	7.27624348386855E-02
60	0	89.9	40	7.35760672443183E-02
Spec Polar [deg.]	Spec Azimuth [deg.]	Scatter Polar [deg.]	Scatter Azimuth [deg.]	BSDF (AOI=60, AZI=50) [1/sr]
60	0	0	50	1.42529896291088E-02
60	0	5	50	0.016050673977419
60	0	10	50	1.79568967514881E-02
60	0	15	50	1.97648142198262E-02
60	0	20	50	2.12429753855232E-02
60	0	25	50	2.22283051306804E-02
60	0	30	50	0.02270562325017
60	0	35	50	2.28159333521878E-02
60	0	40	50	2.27877848003155E-02
60	0	45	50	2.28407446891055E-02
60	0	50	50	2.31128561102123E-02
60	0	55	50	2.36305078844759E-02
60	0	60	50	2.43158483559332E-02
60	0	65	50	2.50255540292423E-02
60	0	70	50	2.56134805927049E-02
60	0	75	50	2.59943901672399E-02
60	0	80	50	2.61738050811859E-02
60	0	85	50	2.62250674808477E-02
60	0	89.9	50	2.62305102039562E-02
Spec Polar [deg.]	Spec Azimuth [deg.]	Scatter Polar [deg.]	Scatter Azimuth [deg.]	BSDF (AOI=60, AZI=60) [1/sr]
60	0	0	60	1.42529896291088E-02
60	0	5	60	0.015540562597132
60	0	10	60	1.66457331279555E-02
60	0	15	60	1.73874048018803E-02
60	0	20	60	1.76469946075767E-02
60	0	25	60	1.74219775843207E-02
60	0	30	60	1.68269888963082E-02
60	0	35	60	1.60407496089079E-02
60	0	40	60	1.52347773079803E-02
60	0	45	60	0.014522930150082
60	0	50	60	1.39460279477253E-02
60	0	55	60	0.013484155054631
60	0	60	60	0.013084275657576
60	0	65	60	1.26933156561193E-02
60	0	70	60	1.22866280626515E-02
60	0	75	60	1.18807644738602E-02
60	0	80	60	1.15253752660396E-02
60	0	85	60	1.12806463593119E-02
60	0	89.9	60	1.11933308868724E-02
Spec Polar [deg.]	Spec Azimuth [deg.]	Scatter Polar [deg.]	Scatter Azimuth [deg.]	BSDF (AOI=60, AZI=70) [1/sr]
60	0	0	70	1.42529896291088E-02
60	0	5	70	1.50259869201042E-02
60	0	10	70	1.54496321127205E-02
60	0	15	70	1.54316602915313E-02
60	0	20	70	1.49736282820638E-02
60	0	25	70	0.014172172022381
60	0	30	70	1.31787177185218E-02
60	0	35	70	1.21433834635298E-02
60	0	40	70	1.11734922390062E-02
60	0	45	70	1.03197843393504E-02
60	0	50	70	9.58513831710647E-03
60	0	55	70	8.94434810562931E-03
60	0	60	70	8.36586857044102E-03
60	0	65	70	7.82954378835647E-03
60	0	70	70	7.33585437644934E-03
60	0	75	70	6.90469852711472E-03
60	0	80	70	6.56623421873429E-03
60	0	85	70	6.34968994586402E-03
60	0	89.9	70	6.2751942064099E-03
Spec Polar [deg.]	Spec Azimuth [deg.]	Scatter Polar [deg.]	Scatter Azimuth [deg.]	BSDF (AOI=60, AZI=80) [1/sr]
60	0	0	80	1.42529896291088E-02
60	0	5	80	1.45289166416576E-02
60	0	10	80	1.44089333220054E-02
60	0	15	80	0.013901522077251
60	0	20	80	1.30878085068219E-02
60	0	25	80	1.20924681746264E-02
60	0	30	80	1.10427685852679E-02
60	0	35	80	1.00363258517126E-02
60	0	40	80	9.12799536940869E-03
60	0	45	80	8.33378582066074E-03
60	0	50	80	7.64389357680701E-03
60	0	55	80	7.03772971900687E-03
60	0	60	80	6.4965863638774E-03
60	0	65	80	6.01155458333303E-03
60	0	70	80	5.58567402761224E-03
60	0	75	80	5.23103214162387E-03
60	0	80	80	4.9632766711635E-03
60	0	85	80	4.79644536605731E-03
60	0	89.9	80	4.73980156708817E-03
Spec Polar [deg.]	Spec Azimuth [deg.]	Scatter Polar [deg.]	Scatter Azimuth [deg.]	BSDF (AOI=60, AZI=90) [1/sr]
60	0	0	90	1.42529896291088E-02
60	0	5	90	1.40654015543171E-02
60	0	10	90	1.35346534046572E-02
60	0	15	90	1.27454087513398E-02
60	0	20	90	1.18071947317249E-02
60	0	25	90	1.08243390682306E-02
60	0	30	90	9.87559403976521E-03
60	0	35	90	9.00735496708041E-03
60	0	40	90	8.23746570785344E-03
60	0	45	90	7.56419716116812E-03
60	0	50	90	6.97598677757923E-03
60	0	55	90	6.45946830985685E-03
60	0	60	90	6.00476624645969E-03
60	0	65	90	5.6078555666946E-03
60	0	70	90	5.27036926224882E-03
60	0	75	90	4.99773098293449E-03
60	0	80	90	4.79672465302264E-03
60	0	85	90	4.67341743345815E-03
60	0	89.9	90	4.63186498934963E-03
Spec Polar [deg.]	Spec Azimuth [deg.]	Scatter Polar [deg.]	Scatter Azimuth [deg.]	BSDF (AOI=60, AZI=100) [1/sr]
60	0	0	100	1.42529896291088E-02
60	0	5	100	1.36458690293618E-02
60	0	10	100	1.28183184053209E-02
60	0	15	100	1.18892560587833E-02
60	0	20	100	1.09559695213511E-02
60	0	25	100	1.00811723266231E-02
60	0	30	100	9.2946868137815E-03
60	0	35	100	8.60275777712185E-03
60	0	40	100	7.99877020804427E-03
60	0	45	100	7.4718662649485E-03
60	0	50	100	7.01226173807238E-03
60	0	55	100	6.61343225098002E-03
60	0	60	100	6.27203429505726E-03
60	0	65	100	5.98667460129524E-03
60	0	70	100	5.75652857552843E-03
60	0	75	100	5.58044343970288E-03
60	0	80	100	5.45672872695235E-03
60	0	85	100	5.38350106887053E-03
60	0	89.9	100	5.35928859013392E-03
Spec Polar [deg.]	Spec Azimuth [deg.]	Scatter Polar [deg.]	Scatter Azimuth [deg.]	BSDF (AOI=60, AZI=110) [1/sr]
60	0	0	110	1.42529896291088E-02
60	0	5	110	1.32760754871354E-02
60	0	10	110	0.012241091521188
60	0	15	110	1.12571154008852E-02
60	0	20	110	1.03845852499867E-02
60	0	25	110	9.64232687567061E-03
60	0	30	110	9.0224068308099E-03
60	0	35	110	8.50486958489063E-03
60	0	40	110	8.06876288013591E-03
60	0	45	110	7.69849722635753E-03
60	0	50	110	7.38580016158783E-03
60	0	55	110	7.12826033903303E-03
60	0	60	110	6.9259934070593E-03
60	0	65	110	6.77808401935497E-03
60	0	70	110	6.68009239146008E-03
60	0	75	110	6.62331723395715E-03
60	0	80	110	6.59595077661464E-03
60	0	85	110	6.58577268213043E-03
60	0	89.9	110	6.58353175733722E-03
Spec Polar [deg.]	Spec Azimuth [deg.]	Scatter Polar [deg.]	Scatter Azimuth [deg.]	BSDF (AOI=60, AZI=120) [1/sr]
60	0	0	120	1.42529896291088E-02
60	0	5	120	1.29583396537874E-02
60	0	10	120	1.17808923319134E-02
60	0	15	120	0.010782835114572
60	0	20	120	9.97637152277931E-03
60	0	25	120	9.34330628267089E-03
60	0	30	120	8.8524468391204E-03
60	0	35	120	8.47171700896584E-03
60	0	40	120	8.1751345202317E-03
60	0	45	120	7.94557317557702E-03
60	0	50	120	7.7742279017182E-03
60	0	55	120	7.6577875576291E-03
60	0	60	120	7.59449683999964E-03
60	0	65	120	7.58031449571772E-03
60	0	70	120	7.60620461918978E-03
60	0	75	120	7.65734726119234E-03
60	0	80	120	7.71473101709363E-03
60	0	85	120	7.75900988085631E-03
60	0	89.9	120	7.77557907833544E-03
Spec Polar [deg.]	Spec Azimuth [deg.]	Scatter Polar [deg.]	Scatter Azimuth [deg.]	BSDF (AOI=60, AZI=130) [1/sr]
60	0	0	130	1.42529896291088E-02
60	0	5	130	1.26927685040541E-02
60	0	10	130	1.14172435410385E-02
60	0	15	130	1.04162752601012E-02
60	0	20	130	9.65115921156602E-03
60	0	25	130	9.07600389296156E-03
60	0	30	130	8.64961457728369E-03
60	0	35	130	8.33996991882875E-03
60	0	40	130	8.12410324722353E-03
60	0	45	130	7.98578964914149E-03
60	0	50	130	7.91275097211185E-03
60	0	55	130	7.89432043817904E-03
60	0	60	130	7.9198375449039E-03
60	0	65	130	7.9776744783843E-03
60	0	70	130	8.05478264993205E-03
60	0	75	130	8.13684224386903E-03
60	0	80	130	8.20922874814481E-03
60	0	85	130	8.25885547166298E-03
60	0	89.9	130	8.27650240449822E-03
Spec Polar [deg.]	Spec Azimuth [deg.]	Scatter Polar [deg.]	Scatter Azimuth [deg.]	BSDF (AOI=60, AZI=140) [1/sr]
60	0	0	140	1.42529896291088E-02
60	0	5	140	1.24782930676846E-02
60	0	10	140	1.11340000378858E-02
60	0	15	140	1.01256242460802E-02
60	0	20	140	9.3665708316782E-03
60	0	25	140	8.7923042004796E-03
60	0	30	140	8.36196079136849E-03
60	0	35	140	8.05223357991666E-03
60	0	40	140	7.8482410903577E-03
60	0	45	140	7.73544060044426E-03
60	0	50	140	7.69507422992359E-03
60	0	55	140	7.70383802376111E-03
60	0	60	140	7.7370389943545E-03
60	0	65	140	7.77345506514014E-03
60	0	70	140	7.79954192802513E-03
60	0	75	140	7.81100382348055E-03
60	0	80	140	7.81113247654442E-03
60	0	85	140	7.80690971853598E-03
60	0	89.9	140	7.80467129524317E-03
Spec Polar [deg.]	Spec Azimuth [deg.]	Scatter Polar [deg.]	Scatter Azimuth [deg.]	BSDF (AOI=60, AZI=150) [1/sr]
60	0	0	150	1.42529896291088E-02
60	0	5	150	1.23134305156114E-02
60	0	10	150	1.09202619897857E-02
60	0	15	150	9.89616698602873E-03
60	0	20	150	9.11387317480615E-03
60	0	25	150	8.49830281840044E-03
60	0	30	150	8.01590704897905E-03
60	0	35	150	0.007656458689648
60	0	40	150	7.41445357238884E-03
60	0	45	150	7.27613548497878E-03
60	0	50	150	7.2145672591629E-03
60	0	55	150	7.19248460950872E-03
60	0	60	150	7.17129725854343E-03
60	0	65	150	7.1227718719745E-03
60	0	70	150	7.03794548544513E-03
60	0	75	150	6.92846861090444E-03
60	0	80	150	6.81981860491774E-03
60	0	85	150	6.74035873055208E-03
60	0	89.9	150	6.71130144328935E-03
Spec Polar [deg.]	Spec Azimuth [deg.]	Scatter Polar [deg.]	Scatter Azimuth [deg.]	BSDF (AOI=60, AZI=160) [1/sr]
60	0	0	160	1.42529896291088E-02
60	0	5	160	1.21967676946185E-02
60	0	10	160	1.07698914658588E-02
60	0	15	160	9.72599280042146E-03
60	0	20	160	8.9073586090127E-03
60	0	25	160	8.23475547093607E-03
60	0	30	160	7.68494515241015E-03
60	0	35	160	7.26079291822045E-03
60	0	40	160	6.96449869418916E-03
60	0	45	160	6.7817394306826E-03
60	0	50	160	6.67789010057959E-03
60	0	55	160	6.60442975980594E-03
60	0	60	160	6.51317446370557E-03
60	0	65	160	6.37344542140729E-03
60	0	70	160	6.18364305572572E-03
60	0	75	160	5.97018430735162E-03
60	0	80	160	5.77483905654442E-03
60	0	85	160	5.63862979275747E-03
60	0	89.9	160	5.5899322245815E-03
Spec Polar [deg.]	Spec Azimuth [deg.]	Scatter Polar [deg.]	Scatter Azimuth [deg.]	BSDF (AOI=60, AZI=170) [1/sr]
60	0	0	170	1.42529896291088E-02
60	0	5	170	0.012127214782317
60	0	10	170	1.06801844492299E-02
60	0	15	170	9.61996905440763E-03
60	0	20	170	8.77028939631839E-03
60	0	25	170	8.05136850400825E-03
60	0	30	170	7.44873319388525E-03
60	0	35	170	6.97466798148336E-03
60	0	40	170	6.63604727639587E-03
60	0	45	170	6.41742303780928E-03
60	0	50	170	6.27886866893372E-03
60	0	55	170	6.16512867791023E-03
60	0	60	170	6.02325537605739E-03
60	0	65	170	5.8228952676819E-03
60	0	70	170	5.56857246532367E-03
60	0	75	170	5.2958531395483E-03
60	0	80	170	5.05446018508558E-03
60	0	85	170	4.88979045994254E-03
60	0	89.9	170	4.83156309788903E-03
Spec Polar [deg.]	Spec Azimuth [deg.]	Scatter Polar [deg.]	Scatter Azimuth [deg.]	BSDF (AOI=60, AZI=180) [1/sr]
60	0	0	180	1.42529896291088E-02
60	0	5	180	1.21041046562242E-02
60	0	10	180	1.06503235472348E-02
60	0	15	180	9.58382529734352E-03
60	0	20	180	8.72212974379223E-03
60	0	25	180	7.98568552905272E-03
60	0	30	180	7.3634371334505E-03
60	0	35	180	6.87106758881603E-03
60	0	40	180	6.51696752954976E-03
60	0	45	180	6.28514365472545E-03
60	0	50	180	6.13380031618159E-03
60	0	55	180	6.00550929471726E-03
60	0	60	180	5.84599500526399E-03
60	0	65	180	5.62537120583418E-03
60	0	70	180	5.35044483708774E-03
60	0	75	180	5.05971426522322E-03
60	0	80	180	4.80502344842943E-03
60	0	85	180	4.63250075977864E-03
60	0	89.9	180	4.57171641717817E-03
AOI	70	deg.
FRED TIS integral (0-1)	0.196377033124813
Spec Polar [deg.]	Spec Azimuth [deg.]	Scatter Polar [deg.]	Scatter Azimuth [deg.]	BSDF (AOI=70, AZI=0) [1/sr]
70	0	0	0	1.30091179148375E-02
70	0	5	0	1.63570326337593E-02
70	0	10	0	2.17423067781363E-02
70	0	15	0	3.02479712772381E-02
70	0	20	0	4.30911585757078E-02
70	0	25	0	6.13242437959853E-02
70	0	30	0	0.085754603219979
70	0	35	0	0.117717742513919
70	0	40	0	0.160811515808434
70	0	45	0	0.222834310703121
70	0	50	0	0.316886898929451
70	0	55	0	0.459924717910052
70	0	60	0	0.665222156533823
70	0	65	0	0.926975469339876
70	0	70	0	1.207783458892
70	0	75	0	1.45078348955612
70	0	80	0	1.61561882226799
70	0	85	0	1.70017348657918
70	0	89.9	0	1.7245531803251
Spec Polar [deg.]	Spec Azimuth [deg.]	Scatter Polar [deg.]	Scatter Azimuth [deg.]	BSDF (AOI=70, AZI=10) [1/sr]
70	0	0	10	1.30091179148375E-02
70	0	5	10	1.62845849124822E-02
70	0	10	10	2.14774465290817E-02
70	0	15	10	2.95373141969617E-02
70	0	20	10	4.14646137236472E-02
70	0	25	10	5.80251608362378E-02
70	0	30	10	7.97073533013484E-02
70	0	35	10	0.107449945206273
70	0	40	10	0.144121135691374
70	0	45	10	0.196000735461658
70	0	50	10	0.273393037801335
70	0	55	10	0.389086663842395
70	0	60	10	0.552151883744465
70	0	65	10	0.756307767985344
70	0	70	10	0.971579976568866
70	0	75	10	1.15494129322771
70	0	80	10	1.27749355931734
70	0	85	10	1.33947556488153
70	0	89.9	10	1.35715878181329
Spec Polar [deg.]	Spec Azimuth [deg.]	Scatter Polar [deg.]	Scatter Azimuth [deg.]	BSDF (AOI=70, AZI=20) [1/sr]
70	0	0	20	1.30091179148375E-02
70	0	5	20	1.60738550935158E-02
70	0	10	20	2.07264349660789E-02
70	0	15	20	2.75815952398143E-02
70	0	20	20	3.71365458182376E-02
70	0	25	20	4.95561140986818E-02
70	0	30	20	6.47387741371048E-02
70	0	35	20	8.29317290401377E-02
70	0	40	20	0.105654862829904
70	0	45	20	0.136319072983233
70	0	50	20	0.180091318872767
70	0	55	20	0.242542137905002
70	0	60	20	0.32625794973768
70	0	65	20	0.425837953479085
70	0	70	20	0.525772366296647
70	0	75	20	0.606997370290831
70	0	80	20	0.658835438306013
70	0	85	20	0.683837335219689
70	0	89.9	20	0.690703656793797
Spec Polar [deg.]	Spec Azimuth [deg.]	Scatter Polar [deg.]	Scatter Azimuth [deg.]	BSDF (AOI=70, AZI=30) [1/sr]
70	0	0	30	1.30091179148375E-02
70	0	5	30	1.57434391009779E-02
70	0	10	30	1.96056263477424E-02
70	0	15	30	2.48248752555677E-02
70	0	20	30	3.14108216230212E-02
70	0	25	30	0.039077941561814
70	0	30	30	4.74283867255432E-02
70	0	35	30	5.63985550184584E-02
70	0	40	30	0.066660373954303
70	0	45	30	7.96561062017246E-02
70	0	50	30	9.72191369252502E-02
70	0	55	30	0.120807126909882
70	0	60	30	0.150311452408781
70	0	65	30	0.182883743807012
70	0	70	30	0.213168428964079
70	0	75	30	0.235915875158411
70	0	80	30	0.24919165739101
70	0	85	30	0.2549232112657
70	0	89.9	30	0.256337835116988
Spec Polar [deg.]	Spec Azimuth [deg.]	Scatter Polar [deg.]	Scatter Azimuth [deg.]	BSDF (AOI=70, AZI=40) [1/sr]
70	0	0	40	1.30091179148375E-02
70	0	5	40	0.015320568931132
70	0	10	40	1.82686270488975E-02
70	0	15	40	2.17877490368557E-02
70	0	20	40	2.56246148844222E-02
70	0	25	40	2.93962819248285E-02
70	0	30	40	3.27983988975524E-02
70	0	35	40	0.035840841557686
70	0	40	40	3.89139835328225E-02
70	0	45	40	4.26316965712886E-02
70	0	50	40	4.75619059960051E-02
70	0	55	40	5.39442051999106E-02
70	0	60	40	6.14394281127056E-02
70	0	65	40	6.90477954298876E-02
70	0	70	40	7.54325103990457E-02
70	0	75	40	0.079629924430504
70	0	80	40	8.16136885931128E-02
70	0	85	40	0.082172317387899
70	0	89.9	40	8.22279557909121E-02
Spec Polar [deg.]	Spec Azimuth [deg.]	Scatter Polar [deg.]	Scatter Azimuth [deg.]	BSDF (AOI=70, AZI=50) [1/sr]
70	0	0	50	1.30091179148375E-02
70	0	5	50	1.48366480590698E-02
70	0	10	50	1.68666042178258E-02
70	0	15	50	1.88945062494267E-02
70	0	20	50	2.06427832466189E-02
70	0	25	50	2.18699213815266E-02
70	0	30	50	2.25034510593975E-02
70	0	35	50	2.26936707821044E-02
70	0	40	50	2.27398798921935E-02
70	0	45	50	2.29485613317677E-02
70	0	50	50	2.35135906525871E-02
70	0	55	50	2.44550555261465E-02
70	0	60	50	2.56134805927045E-02
70	0	65	50	2.67067771305138E-02
70	0	70	50	2.74582952670571E-02
70	0	75	50	2.77460126421511E-02
70	0	80	50	2.76670966995866E-02
70	0	85	50	2.74626025790393E-02
70	0	89.9	50	0.027363636689856
Spec Polar [deg.]	Spec Azimuth [deg.]	Scatter Polar [deg.]	Scatter Azimuth [deg.]	BSDF (AOI=70, AZI=60) [1/sr]
70	0	0	60	1.30091179148375E-02
70	0	5	60	1.43228366742931E-02
70	0	10	60	1.55195999916399E-02
70	0	15	60	1.63961720676442E-02
70	0	20	60	0.016783546385613
70	0	25	60	1.66259851614551E-02
70	0	30	60	1.60155375155697E-02
70	0	35	60	1.51515345168789E-02
70	0	40	60	1.42532786428248E-02
70	0	45	60	1.34834439292553E-02
70	0	50	60	1.29151862761257E-02
70	0	55	60	0.01253827742629
70	0	60	60	1.22866280626514E-02
70	0	65	60	1.20759841423757E-02
70	0	70	60	1.18437292546839E-02
70	0	75	60	1.15767999731771E-02
70	0	80	60	1.13131829701718E-02
70	0	85	60	1.11170926826146E-02
70	0	89.9	60	1.10445243903481E-02
Spec Polar [deg.]	Spec Azimuth [deg.]	Scatter Polar [deg.]	Scatter Azimuth [deg.]	BSDF (AOI=70, AZI=70) [1/sr]
70	0	0	70	1.30091179148375E-02
70	0	5	70	1.38066151526241E-02
70	0	10	70	1.43047441391762E-02
70	0	15	70	1.43828585929713E-02
70	0	20	70	1.40013591970295E-02
70	0	25	70	1.32245318359054E-02
70	0	30	70	1.21971777671562E-02
70	0	35	70	1.10888065063672E-02
70	0	40	70	0.010039356073583
70	0	45	70	9.13142859443294E-03
70	0	50	70	8.39090172563071E-03
70	0	55	70	7.80359794736768E-03
70	0	60	70	7.3358543764493E-03
70	0	65	70	6.95255121986112E-03
70	0	70	70	6.62976879107183E-03
70	0	75	70	6.36025837295788E-03
70	0	80	70	6.15130389727192E-03
70	0	85	70	6.01725764044927E-03
70	0	89.9	70	5.97092943756893E-03
Spec Polar [deg.]	Spec Azimuth [deg.]	Scatter Polar [deg.]	Scatter Azimuth [deg.]	BSDF (AOI=70, AZI=80) [1/sr]
70	0	0	80	1.30091179148375E-02
70	0	5	80	1.33097796416554E-02
70	0	10	80	1.32585211567865E-02
70	0	15	80	1.28369522810045E-02
70	0	20	80	1.20939530433036E-02
70	0	25	80	1.11319630875846E-02
70	0	30	80	1.00746346233299E-02
70	0	35	80	9.03280452984308E-03
70	0	40	80	8.08332916321439E-03
70	0	45	80	7.26471303994026E-03
70	0	50	80	6.58454482513173E-03
70	0	55	80	6.03135288924386E-03
70	0	60	80	5.58567402761222E-03
70	0	65	80	5.22810037159826E-03
70	0	70	80	4.94389901042807E-03
70	0	75	80	4.7245633379981E-03
70	0	80	80	4.56703210948795E-03
70	0	85	80	4.47159461644026E-03
70	0	89.9	80	4.43958057419581E-03
Spec Polar [deg.]	Spec Azimuth [deg.]	Scatter Polar [deg.]	Scatter Azimuth [deg.]	BSDF (AOI=70, AZI=90) [1/sr]
70	0	0	90	1.30091179148375E-02
70	0	5	90	1.28478522656985E-02
70	0	10	90	1.23865656420538E-02
70	0	15	90	1.16863662920933E-02
70	0	20	90	1.08306375502341E-02
70	0	25	90	9.9057447554341E-03
70	0	30	90	8.98557528786763E-03
70	0	35	90	8.12342313869605E-03
70	0	40	90	7.35095707857133E-03
70	0	45	90	6.68179393114795E-03
70	0	50	90	6.11688196188888E-03
70	0	55	90	5.64970754929827E-03
70	0	60	90	5.27036926224879E-03
70	0	65	90	4.9683195290724E-03
70	0	70	90	4.73396172923502E-03
70	0	75	90	4.55941360296587E-03
70	0	80	90	4.43873753072518E-03
70	0	85	90	4.36788198858513E-03
70	0	89.9	90	4.34452542686742E-03
Spec Polar [deg.]	Spec Azimuth [deg.]	Scatter Polar [deg.]	Scatter Azimuth [deg.]	BSDF (AOI=70, AZI=100) [1/sr]
70	0	0	100	1.30091179148375E-02
70	0	5	100	1.24305774104186E-02
70	0	10	100	1.16752492919341E-02
70	0	15	100	1.08414680459313E-02
70	0	20	100	1.00056037574078E-02
70	0	25	100	9.21621129631936E-03
70	0	30	100	8.49772800962184E-03
70	0	35	100	7.85820894434886E-03
70	0	40	100	7.29697045760552E-03
70	0	45	100	6.81010480394111E-03
70	0	50	100	6.39343092008296E-03
70	0	55	100	6.04336037538285E-03
70	0	60	100	5.75652857552843E-03
70	0	65	100	5.52903574096336E-03
70	0	70	100	5.35591416882374E-03
70	0	75	100	5.23113835064982E-03
70	0	80	100	5.14822650316016E-03
70	0	85	100	5.10127599585686E-03
70	0	89.9	100	5.08613267045631E-03
Spec Polar [deg.]	Spec Azimuth [deg.]	Scatter Polar [deg.]	Scatter Azimuth [deg.]	BSDF (AOI=70, AZI=110) [1/sr]
70	0	0	110	1.30091179148375E-02
70	0	5	110	0.012063060319531
70	0	10	110	1.11018139264471E-02
70	0	15	110	1.02162131767988E-02
70	0	20	110	9.45199003981251E-03
70	0	25	110	8.81982020384401E-03
70	0	30	110	8.30855240244956E-03
70	0	35	110	7.89670376201046E-03
70	0	40	110	7.56089889984938E-03
70	0	45	110	7.28138680892133E-03
70	0	50	110	7.04489116795427E-03
70	0	55	110	6.84494315327479E-03
70	0	60	110	6.68009239146001E-03
70	0	65	110	6.55089857963189E-03
70	0	70	110	6.45694328265073E-03
70	0	75	110	6.39498962231896E-03
70	0	80	110	6.35891381303344E-03
70	0	85	110	6.34134467466243E-03
70	0	89.9	110	6.33626394467563E-03
Spec Polar [deg.]	Spec Azimuth [deg.]	Scatter Polar [deg.]	Scatter Azimuth [deg.]	BSDF (AOI=70, AZI=120) [1/sr]
70	0	0	120	1.30091179148375E-02
70	0	5	120	1.17471361924909E-02
70	0	10	120	1.06419030133768E-02
70	0	15	120	9.7392881476158E-03
70	0	20	120	9.04440929193105E-03
70	0	25	120	8.53914319009339E-03
70	0	30	120	8.19356060669244E-03
70	0	35	120	7.97217347732113E-03
70	0	40	120	7.83789410906623E-03
70	0	45	120	7.7560828894614E-03
70	0	50	120	7.69923677380951E-03
70	0	55	120	7.6508545596325E-03
70	0	60	120	7.60620461918968E-03
70	0	65	120	7.56895954149985E-03
70	0	70	120	7.54509250812472E-03
70	0	75	120	7.53709171636382E-03
70	0	80	120	7.54130395628764E-03
70	0	85	120	7.5494744701844E-03
70	0	89.9	120	7.55334149424039E-03
Spec Polar [deg.]	Spec Azimuth [deg.]	Scatter Polar [deg.]	Scatter Azimuth [deg.]	BSDF (AOI=70, AZI=130) [1/sr]
70	0	0	130	1.30091179148375E-02
70	0	5	130	1.14826644169184E-02
70	0	10	130	1.02744215153307E-02
70	0	15	130	9.35965179511302E-03
70	0	20	130	8.70101083932302E-03
70	0	25	130	8.26163537427063E-03
70	0	30	130	8.00635593038027E-03
70	0	35	130	7.89767670079205E-03
70	0	40	130	7.89234310714751E-03
70	0	45	130	7.94263051946948E-03
70	0	50	130	8.0037655657155E-03
70	0	55	130	8.04458332588155E-03
70	0	60	130	8.05478264993212E-03
70	0	65	130	8.04313127114955E-03
70	0	70	130	8.02714057230331E-03
70	0	75	130	8.02064653181129E-03
70	0	80	130	8.02641450096637E-03
70	0	85	130	8.03699483612244E-03
70	0	89.9	130	8.04207655605575E-03
Spec Polar [deg.]	Spec Azimuth [deg.]	Scatter Polar [deg.]	Scatter Azimuth [deg.]	BSDF (AOI=70, AZI=140) [1/sr]
70	0	0	140	1.30091179148375E-02
70	0	5	140	1.12685666222345E-02
70	0	10	140	9.98400300151914E-03
70	0	15	140	9.04801158403375E-03
70	0	20	140	8.38386669563145E-03
70	0	25	140	7.94424367628565E-03
70	0	30	140	7.69726691717299E-03
70	0	35	140	7.61017839305712E-03
70	0	40	140	7.63802906232213E-03
70	0	45	140	7.72232987176019E-03
70	0	50	140	7.80190104020743E-03
70	0	55	140	7.83195904587833E-03
70	0	60	140	7.79954192802524E-03
70	0	65	140	7.72325438264483E-03
70	0	70	140	7.63695423792375E-03
70	0	75	140	7.56914970715672E-03
70	0	80	140	7.53076312304449E-03
70	0	85	140	7.51600894049282E-03
70	0	89.9	140	7.51300484542607E-03
Spec Polar [deg.]	Spec Azimuth [deg.]	Scatter Polar [deg.]	Scatter Azimuth [deg.]	BSDF (AOI=70, AZI=150) [1/sr]
70	0	0	150	1.30091179148375E-02
70	0	5	150	1.11035380559547E-02
70	0	10	150	9.7614673155733E-03
70	0	15	150	8.79435503341294E-03
70	0	20	150	8.0927558110046E-03
70	0	25	150	7.60544871818158E-03
70	0	30	150	7.30837236559158E-03
70	0	35	150	7.17589045752067E-03
70	0	40	150	7.16307021297658E-03
70	0	45	150	7.20341509604605E-03
70	0	50	150	7.22391935544756E-03
70	0	55	150	7.17211157513734E-03
70	0	60	150	7.03794548544498E-03
70	0	65	150	6.85271979533551E-03
70	0	70	150	6.66556955263031E-03
70	0	75	150	6.51604177742163E-03
70	0	80	150	6.4198134801619E-03
70	0	85	150	6.37134139612105E-03
70	0	89.9	150	6.35735305270068E-03
Spec Polar [deg.]	Spec Azimuth [deg.]	Scatter Polar [deg.]	Scatter Azimuth [deg.]	BSDF (AOI=70, AZI=160) [1/sr]
70	0	0	160	1.30091179148375E-02
70	0	5	160	1.09864471196154E-02
70	0	10	160	9.60278044912078E-03
70	0	15	160	8.6021341985302E-03
70	0	20	160	7.85135681016207E-03
70	0	25	160	7.29996744917219E-03
70	0	30	160	6.93304502150387E-03
70	0	35	160	6.73171569847979E-03
70	0	40	160	6.6513889041423E-03
70	0	45	160	6.62050832336777E-03
70	0	50	160	6.55990120513558E-03
70	0	55	160	6.41557344843082E-03
70	0	60	160	6.18364305572572E-03
70	0	65	160	5.9061892212938E-03
70	0	70	160	5.6414413530006E-03
70	0	75	160	5.43290291031163E-03
70	0	80	160	5.29614774693158E-03
70	0	85	160	5.22414749391059E-03
70	0	89.9	160	5.20245373922278E-03
Spec Polar [deg.]	Spec Azimuth [deg.]	Scatter Polar [deg.]	Scatter Azimuth [deg.]	BSDF (AOI=70, AZI=170) [1/sr]
70	0	0	170	1.30091179148375E-02
70	0	5	170	1.09164939047251E-02
70	0	10	170	9.50718075405008E-03
70	0	15	170	8.48085675757099E-03
70	0	20	170	7.69042731046135E-03
70	0	25	170	7.08790148354997E-03
70	0	30	170	6.66565281425676E-03
70	0	35	170	6.40950889886517E-03
70	0	40	170	6.27509916217348E-03
70	0	45	170	6.18829244668666E-03
70	0	50	170	6.06772394557529E-03
70	0	55	170	5.86067767490609E-03
70	0	60	170	5.56857246532368E-03
70	0	65	170	5.23968188194703E-03
70	0	70	170	4.93550315224465E-03
70	0	75	170	4.69910949801959E-03
70	0	80	170	4.54398339224186E-03
70	0	85	170	4.46141027686839E-03
70	0	89.9	170	4.43623856769552E-03
Spec Polar [deg.]	Spec Azimuth [deg.]	Scatter Polar [deg.]	Scatter Azimuth [deg.]	BSDF (AOI=70, AZI=180) [1/sr]
70	0	0	180	1.30091179148375E-02
70	0	5	180	1.08932243714925E-02
70	0	10	180	9.47519615772285E-03
70	0	15	180	8.43928222366591E-03
70	0	20	180	7.63384711405294E-03
70	0	25	180	7.01215872796531E-03
70	0	30	180	6.56937407319537E-03
70	0	35	180	6.2929902848656E-03
70	0	40	180	6.13869705581509E-03
70	0	45	180	6.03160056025639E-03
70	0	50	180	5.88990806465477E-03
70	0	55	180	5.66172444217919E-03
70	0	60	180	5.35044483708774E-03
70	0	65	180	5.00621521754521E-03
70	0	70	180	4.6910992998469E-03
70	0	75	180	4.44746736767884E-03
70	0	80	180	4.28774876946165E-03
70	0	85	180	4.20255274571315E-03
70	0	89.9	180	4.17651363244701E-03
AOI	80	deg.
FRED TIS integral (0-1)	0.246791519169636
Spec Polar [deg.]	Spec Azimuth [deg.]	Scatter Polar [deg.]	Scatter Azimuth [deg.]	BSDF (AOI=80, AZI=0) [1/sr]
80	0	0	0	1.17468928408594E-02
80	0	5	0	1.48466240040244E-02
80	0	10	0	2.03642666019442E-02
80	0	15	0	3.01585797319704E-02
80	0	20	0	4.70085593413743E-02
80	0	25	0	7.44164839660174E-02
80	0	30	0	0.115994691075116
80	0	35	0	0.175433271977564
80	0	40	0	0.258366682422167
80	0	45	0	0.375415638842118
80	0	50	0	0.542816184070428
80	0	55	0	0.775384930223005
80	0	60	0	1.06792119573503
80	0	65	0	1.37423143900051
80	0	70	0	1.61561882226797
80	0	75	0	1.73512468734787
80	0	80	0	1.74505564939412
80	0	85	0	1.70946737860975
80	0	89.9	0	1.68981156321069
Spec Polar [deg.]	Spec Azimuth [deg.]	Scatter Polar [deg.]	Scatter Azimuth [deg.]	BSDF (AOI=80, AZI=10) [1/sr]
80	0	0	10	1.17468928408594E-02
80	0	5	10	1.47783851823686E-02
80	0	10	10	2.00913245180822E-02
80	0	15	10	2.93431140952437E-02
80	0	20	10	4.49002034956918E-02
80	0	25	10	6.95582004625865E-02
80	0	30	10	0.105949289970859
80	0	35	10	0.156574919164315
80	0	40	10	0.225468311486856
80	0	45	10	0.320618976523008
80	0	50	10	0.454169253846744
80	0	55	10	0.636580533062437
80	0	60	10	0.862479273870718
80	0	65	10	1.09579251644982
80	0	70	10	1.27749355931722
80	0	75	10	1.36622470711189
80	0	80	10	1.37249048609874
80	0	85	10	1.34490841710092
80	0	89.9	10	1.32983277021172
Spec Polar [deg.]	Spec Azimuth [deg.]	Scatter Polar [deg.]	Scatter Azimuth [deg.]	BSDF (AOI=80, AZI=20) [1/sr]
80	0	0	20	1.17468928408594E-02
80	0	5	20	1.45803662064804E-02
80	0	10	20	1.93218799919877E-02
80	0	15	20	2.71231111975627E-02
80	0	20	20	3.93892819198512E-02
80	0	25	20	5.74122261276185E-02
80	0	30	20	8.19555843099336E-02
80	0	35	20	0.113494391017912
80	0	40	20	0.15343506723907
80	0	45	20	0.205349834024931
80	0	50	20	0.274576343352999
80	0	55	20	0.364877304767529
80	0	60	20	0.47205286222985
80	0	65	20	0.578614442708236
80	0	70	20	0.658835438305986
80	0	75	20	0.69635374421105
80	0	80	20	0.697381370312099
80	0	85	20	0.683993116730564
80	0	89.9	20	0.676897724219128
Spec Polar [deg.]	Spec Azimuth [deg.]	Scatter Polar [deg.]	Scatter Azimuth [deg.]	BSDF (AOI=80, AZI=30) [1/sr]
80	0	0	30	1.17468928408594E-02
80	0	5	30	1.42713063204941E-02
80	0	10	30	1.81863759305298E-02
80	0	15	30	2.40574010910173E-02
80	0	20	30	3.23374900157569E-02
80	0	25	30	4.31021995284864E-02
80	0	30	30	5.59701338851499E-02
80	0	35	30	7.05124910040173E-02
80	0	40	30	8.69630851378605E-02
80	0	45	30	0.106549376899867
80	0	50	30	0.130966684296467
80	0	55	30	0.161000387393193
80	0	60	30	0.194704329883806
80	0	65	30	0.226484586797295
80	0	70	30	0.249191657391001
80	0	75	30	0.25895615774135
80	0	80	30	0.258233136969011
80	0	85	30	0.253665133322123
80	0	89.9	30	0.251362386578076
Spec Polar [deg.]	Spec Azimuth [deg.]	Scatter Polar [deg.]	Scatter Azimuth [deg.]	BSDF (AOI=80, AZI=40) [1/sr]
80	0	0	40	1.17468928408594E-02
80	0	5	40	1.38783725787044E-02
80	0	10	40	1.68532454340521E-02
80	0	15	40	2.07740283848159E-02
80	0	20	40	2.55224404954059E-02
80	0	25	40	3.07043963076754E-02
80	0	30	40	3.58061114111669E-02
80	0	35	40	4.05348570097855E-02
80	0	40	40	4.50677990184163E-02
80	0	45	40	4.99683610222889E-02
80	0	50	40	5.58244274788587E-02
80	0	55	40	6.28100932855392E-02
80	0	60	40	7.03462695202621E-02
80	0	65	40	7.71048021419117E-02
80	0	70	40	8.16136885931123E-02
80	0	75	40	8.32308728898545E-02
80	0	80	40	8.26381559580667E-02
80	0	85	40	8.13501990228188E-02
80	0	89.9	40	8.07436184714758E-02
Spec Polar [deg.]	Spec Azimuth [deg.]	Scatter Polar [deg.]	Scatter Azimuth [deg.]	BSDF (AOI=80, AZI=50) [1/sr]
80	0	0	50	1.17468928408594E-02
80	0	5	50	1.34324106585755E-02
80	0	10	50	1.54826023116436E-02
80	0	15	50	1.77503586026029E-02
80	0	20	50	1.99488828683079E-02
80	0	25	50	2.17348847229503E-02
80	0	30	50	2.28814758506557E-02
80	0	35	50	2.34190737269683E-02
80	0	40	50	2.36180114968362E-02
80	0	45	50	2.38304066911803E-02
80	0	50	50	2.43170806217366E-02
80	0	55	50	2.51460451488065E-02
80	0	60	50	2.61738050811865E-02
80	0	65	50	2.71100115723761E-02
80	0	70	50	2.76670966995865E-02
80	0	75	50	2.77332980562373E-02
80	0	80	50	2.74437248708706E-02
80	0	85	50	2.70881434385113E-02
80	0	89.9	50	2.69344852269897E-02
Spec Polar [deg.]	Spec Azimuth [deg.]	Scatter Polar [deg.]	Scatter Azimuth [deg.]	BSDF (AOI=80, AZI=60) [1/sr]
80	0	0	60	1.17468928408594E-02
80	0	5	60	1.29633658348887E-02
80	0	10	60	0.014195166366167
80	0	15	60	0.015235864404148
80	0	20	60	1.58608900734212E-02
80	0	25	60	1.59260775064735E-02
80	0	30	60	1.54497295894647E-02
80	0	35	60	1.46094714774431E-02
80	0	40	60	1.36531791585749E-02
80	0	45	60	1.27936685644963E-02
80	0	50	60	1.21501340854269E-02
80	0	55	60	1.17440930644787E-02
80	0	60	60	1.15253752660399E-02
80	0	65	60	1.14087151795392E-02
80	0	70	60	1.13131829701715E-02
80	0	75	60	1.11952494893455E-02
80	0	80	60	0.01106098811968
80	0	85	60	1.09508488528008E-02
80	0	89.9	60	1.09081451522569E-02
Spec Polar [deg.]	Spec Azimuth [deg.]	Scatter Polar [deg.]	Scatter Azimuth [deg.]	BSDF (AOI=80, AZI=70) [1/sr]
80	0	0	70	1.17468928408594E-02
80	0	5	70	1.24968675658722E-02
80	0	10	70	1.30620393916834E-02
80	0	15	70	1.32897100587817E-02
80	0	20	70	1.30768017738892E-02
80	0	25	70	1.24237549358075E-02
80	0	30	70	1.14434524187789E-02
80	0	35	70	1.03146638399321E-02
80	0	40	70	9.2120763696921E-03
80	0	45	70	8.25625608334006E-03
80	0	50	70	7.50109450357468E-03
80	0	55	70	6.94771363015805E-03
80	0	60	70	6.56623421873427E-03
80	0	65	70	6.31450318835188E-03
80	0	70	70	6.15130389727201E-03
80	0	75	70	6.04459818133976E-03
80	0	80	70	5.9749395907957E-03
80	0	85	70	5.9341025308218E-03
80	0	89.9	70	5.92045400030033E-03
Spec Polar [deg.]	Spec Azimuth [deg.]	Scatter Polar [deg.]	Scatter Azimuth [deg.]	BSDF (AOI=80, AZI=80) [1/sr]
80	0	0	80	1.17468928408594E-02
80	0	5	80	1.20524109131446E-02
80	0	10	80	1.21101964880252E-02
80	0	15	80	1.18575434572356E-02
80	0	20	80	1.12817744221051E-02
80	0	25	80	1.04350820082208E-02
80	0	30	80	9.4224728879662E-03
80	0	35	80	8.36834827885377E-03
80	0	40	80	7.38070982381162E-03
80	0	45	80	6.53000261456188E-03
80	0	50	80	5.84665341206157E-03
80	0	55	80	5.33052065100362E-03
80	0	60	80	4.96327667116359E-03
80	0	65	80	4.71832742663144E-03
80	0	70	80	4.56703210948781E-03
80	0	75	80	4.48220505188129E-03
80	0	80	80	4.44026583037193E-03
80	0	85	80	4.42289729976086E-03
80	0	89.9	80	4.41844474161968E-03
Spec Polar [deg.]	Spec Azimuth [deg.]	Scatter Polar [deg.]	Scatter Azimuth [deg.]	BSDF (AOI=80, AZI=90) [1/sr]
80	0	0	90	1.17468928408594E-02
80	0	5	90	1.16430445962779E-02
80	0	10	90	0.011335169127988
80	0	15	90	1.08362009446517E-02
80	0	20	90	1.01725274539785E-02
80	0	25	90	9.38664614664745E-03
80	0	30	90	8.53480628426819E-03
80	0	35	90	7.67901750886332E-03
80	0	40	90	6.87633573770345E-03
80	0	45	90	6.16990376718933E-03
80	0	50	90	5.58481670467388E-03
80	0	55	90	5.1289508877015E-03
80	0	60	90	4.79672465302261E-03
80	0	65	90	4.57342421554046E-03
80	0	70	90	4.43873753072518E-03
80	0	75	90	4.36942975333008E-03
80	0	80	90	4.34188250026571E-03
80	0	85	90	4.33518575801561E-03
80	0	89.9	90	4.33471433693752E-03
Spec Polar [deg.]	Spec Azimuth [deg.]	Scatter Polar [deg.]	Scatter Azimuth [deg.]	BSDF (AOI=80, AZI=100) [1/sr]
80	0	0	100	1.17468928408594E-02
80	0	5	100	1.12761572066969E-02
80	0	10	100	1.07144547216664E-02
80	0	15	100	1.01128027512625E-02
80	0	20	100	9.49807478295091E-03
80	0	25	100	8.8810965953791E-03
80	0	30	100	8.26746362011834E-03
80	0	35	100	7.66605739773439E-03
80	0	40	100	7.09246868724061E-03
80	0	45	100	6.56718375929961E-03
80	0	50	100	6.11065787850696E-03
80	0	55	100	5.73820393029493E-03
80	0	60	100	5.45672872695243E-03
80	0	65	100	5.26376361608336E-03
80	0	70	100	5.14822650316006E-03
80	0	75	100	5.09235145086415E-03
80	0	80	100	5.07471819686747E-03
80	0	85	100	5.0744795619672E-03
80	0	89.9	100	5.07628871933403E-03
Spec Polar [deg.]	Spec Azimuth [deg.]	Scatter Polar [deg.]	Scatter Azimuth [deg.]	BSDF (AOI=80, AZI=110) [1/sr]
80	0	0	110	1.17468928408594E-02
80	0	5	110	1.09548583368574E-02
80	0	10	110	1.02186043810889E-02
80	0	15	110	9.58491308557642E-03
80	0	20	110	9.06043969818348E-03
80	0	25	110	8.62755645204178E-03
80	0	30	110	8.25873965121806E-03
80	0	35	110	7.92763537902861E-03
80	0	40	110	7.61646297041566E-03
80	0	45	110	7.31941723118169E-03
80	0	50	110	7.04189494192862E-03
80	0	55	110	6.79626649006969E-03
80	0	60	110	6.5959507766147E-03
80	0	65	110	6.4498804447166E-03
80	0	70	110	6.35891381303342E-03
80	0	75	110	6.31494255292248E-03
80	0	80	110	6.30286921519225E-03
80	0	85	110	6.30514091992897E-03
80	0	89.9	110	6.30769118209396E-03
Spec Polar [deg.]	Spec Azimuth [deg.]	Scatter Polar [deg.]	Scatter Azimuth [deg.]	BSDF (AOI=80, AZI=120) [1/sr]
80	0	0	120	1.17468928408594E-02
80	0	5	120	1.06795091507483E-02
80	0	10	120	9.81924617467904E-03
80	0	15	120	9.17137922966096E-03
80	0	20	120	8.71325202641894E-03
80	0	25	120	8.4105910789024E-03
80	0	30	120	8.22514913065506E-03
80	0	35	120	8.11757648110256E-03
80	0	40	120	8.04974703235197E-03
80	0	45	120	7.98905582290749E-03
80	0	50	120	7.91426695362831E-03
80	0	55	120	7.8197662486366E-03
80	0	60	120	7.71473101709363E-03
80	0	65	120	7.61652038926798E-03
80	0	70	120	7.54130395628768E-03
80	0	75	120	7.49651641472384E-03
80	0	80	120	7.47845203568411E-03
80	0	85	120	7.47569295212651E-03
80	0	89.9	120	7.47642277528275E-03
Spec Polar [deg.]	Spec Azimuth [deg.]	Scatter Polar [deg.]	Scatter Azimuth [deg.]	BSDF (AOI=80, AZI=130) [1/sr]
80	0	0	130	1.17468928408594E-02
80	0	5	130	1.04490829086029E-02
80	0	10	130	9.49414786584824E-03
80	0	15	130	8.81870562991136E-03
80	0	20	130	8.36761177604252E-03
80	0	25	130	8.10054477400088E-03
80	0	30	130	7.98590799781407E-03
80	0	35	130	7.9901296415215E-03
80	0	40	130	8.06973478053326E-03
80	0	45	130	8.17195060167662E-03
80	0	50	130	8.2458492280246E-03
80	0	55	130	8.25910596366706E-03
80	0	60	130	8.20922874814475E-03
80	0	65	130	8.12021669467996E-03
80	0	70	130	8.02641450096653E-03
80	0	75	130	7.95442428717994E-03
80	0	80	130	7.91336457967773E-03
80	0	85	130	7.89682177805475E-03
80	0	89.9	130	7.89314689886743E-03
Spec Polar [deg.]	Spec Azimuth [deg.]	Scatter Polar [deg.]	Scatter Azimuth [deg.]	BSDF (AOI=80, AZI=140) [1/sr]
80	0	0	140	1.17468928408594E-02
80	0	5	140	1.02621735742868E-02
80	0	10	140	9.22951811886439E-03
80	0	15	140	8.50288105930058E-03
80	0	20	140	7.99601388126076E-03
80	0	25	140	7.67056679753379E-03
80	0	30	140	7.51135843147909E-03
80	0	35	140	7.50012945489654E-03
80	0	40	140	7.59743258405096E-03
80	0	45	140	7.73920503563982E-03
80	0	50	140	7.8516379532022E-03
80	0	55	140	7.87964572165084E-03
80	0	60	140	7.81113247654445E-03
80	0	65	140	7.67765674181199E-03
80	0	70	140	7.53076312304478E-03
80	0	75	140	7.41274948269346E-03
80	0	80	140	7.34049655260885E-03
80	0	85	140	7.30761937356855E-03
80	0	89.9	140	7.2991121820422E-03
Spec Polar [deg.]	Spec Azimuth [deg.]	Scatter Polar [deg.]	Scatter Azimuth [deg.]	BSDF (AOI=80, AZI=150) [1/sr]
80	0	0	150	1.17468928408594E-02
80	0	5	150	1.01175937377109E-02
80	0	10	150	9.01981692910898E-03
80	0	15	150	8.22523552827593E-03
80	0	20	150	7.62257495047194E-03
80	0	25	150	7.18232099729886E-03
80	0	30	150	6.90976013102657E-03
80	0	35	150	6.80289853150639E-03
80	0	40	150	6.82786357022815E-03
80	0	45	150	6.9152387443862E-03
80	0	50	150	6.97876813165353E-03
80	0	55	150	6.95182262753021E-03
80	0	60	150	6.81981860491785E-03
80	0	65	150	6.62179057727699E-03
80	0	70	150	6.41981348016199E-03
80	0	75	150	6.26259791154572E-03
80	0	80	150	6.16726597503688E-03
80	0	85	150	6.12358990465709E-03
80	0	89.9	150	0.006112122650131
Spec Polar [deg.]	Spec Azimuth [deg.]	Scatter Polar [deg.]	Scatter Azimuth [deg.]	BSDF (AOI=80, AZI=160) [1/sr]
80	0	0	160	1.17468928408594E-02
80	0	5	160	1.00146014145919E-02
80	0	10	160	8.86564969192917E-03
80	0	15	160	8.00305151621689E-03
80	0	20	160	7.29939664890747E-03
80	0	25	160	6.73836473192409E-03
80	0	30	160	6.34504323573275E-03
80	0	35	160	6.12982110233859E-03
80	0	40	160	6.0617818417357E-03
80	0	45	160	6.06868546451737E-03
80	0	50	160	6.05974113615663E-03
80	0	55	160	5.96595122678797E-03
80	0	60	160	5.77483905654436E-03
80	0	65	160	5.53002785806705E-03
80	0	70	160	5.29614774693162E-03
80	0	75	160	5.12044008495224E-03
80	0	80	160	5.01612247921178E-03
80	0	85	160	4.96894901604214E-03
80	0	89.9	160	4.95665423008141E-03
Spec Polar [deg.]	Spec Azimuth [deg.]	Scatter Polar [deg.]	Scatter Azimuth [deg.]	BSDF (AOI=80, AZI=170) [1/sr]
80	0	0	170	1.17468928408594E-02
80	0	5	170	9.95286241190043E-03
80	0	10	170	8.77066836939583E-03
80	0	15	170	7.8582589955157E-03
80	0	20	170	7.0803468996033E-03
80	0	25	170	6.43263321831156E-03
80	0	30	170	5.95454718335748E-03
80	0	35	170	5.66352647738658E-03
80	0	40	170	5.5291035603577E-03
80	0	45	170	5.47730464557143E-03
80	0	50	170	5.41649464959587E-03
80	0	55	170	5.27885699052473E-03
80	0	60	170	5.05446018508568E-03
80	0	65	170	4.78844669359705E-03
80	0	70	170	4.54398339224206E-03
80	0	75	170	4.36457357948569E-03
80	0	80	170	4.25971009912792E-03
80	0	85	170	4.21284073361068E-03
80	0	89.9	170	4.20072583750887E-03
Spec Polar [deg.]	Spec Azimuth [deg.]	Scatter Polar [deg.]	Scatter Azimuth [deg.]	BSDF (AOI=80, AZI=180) [1/sr]
80	0	0	180	1.17468928408594E-02
80	0	5	180	9.93228567421152E-03
80	0	10	180	8.7385170740711E-03
80	0	15	180	7.80789235079384E-03
80	0	20	180	7.00295215504691E-03
80	0	25	180	6.32425754960163E-03
80	0	30	180	5.81645712766983E-03
80	0	35	180	5.49917658415942E-03
80	0	40	180	5.34176945521106E-03
80	0	45	180	5.26962248112269E-03
80	0	50	180	5.19111597995258E-03
80	0	55	180	5.03923279716692E-03
80	0	60	180	4.80502344842939E-03
80	0	65	180	4.53382326397019E-03
80	0	70	180	4.28774876946169E-03
80	0	75	180	4.10859971645061E-03
80	0	80	180	4.00446842963827E-03
80	0	85	180	3.95812837031956E-03
80	0	89.9	180	3.94618889231709E-03
AOI	89.9	deg.
FRED TIS integral (0-1)	0.270660196416846
Spec Polar [deg.]	Spec Azimuth [deg.]	Scatter Polar [deg.]	Scatter Azimuth [deg.]	BSDF (AOI=89.9, AZI=0) [1/sr]
89.9	0	0	0	1.12146035415456E-02
89.9	0	5	0	1.41536850960761E-02
89.9	0	10	0	1.96656052774237E-02
89.9	0	15	0	0.030020977298924
89.9	0	20	0	4.90080524610932E-02
89.9	0	25	0	8.20618120617209E-02
89.9	0	30	0	0.135454227411022
89.9	0	35	0	0.215201013104277
89.9	0	40	0	0.327770005003685
89.9	0	45	0	0.482740819985403
89.9	0	50	0	0.692638838029557
89.9	0	55	0	0.962940470522325
89.9	0	60	0	1.27102386061554
89.9	0	65	0	1.55186466974394
89.9	0	70	0	1.72455318032501
89.9	0	75	0	1.75578045804972
89.9	0	80	0	1.68981156321061
89.9	0	85	0	1.60806332581003
89.9	0	89.9	0	1.57357796017407
Spec Polar [deg.]	Spec Azimuth [deg.]	Scatter Polar [deg.]	Scatter Azimuth [deg.]	BSDF (AOI=89.9, AZI=10) [1/sr]
89.9	0	0	10	1.12146035415456E-02
89.9	0	5	10	0.014088313649828
89.9	0	10	10	1.93918393436765E-02
89.9	0	15	10	2.91582276533673E-02
89.9	0	20	10	4.66362809984945E-02
89.9	0	25	10	7.62271627047302E-02
89.9	0	30	10	0.122621114026543
89.9	0	35	10	0.189888552056233
89.9	0	40	10	0.282277514641923
89.9	0	45	10	0.406508445440084
89.9	0	50	10	0.571525263400889
89.9	0	55	10	0.780617231516258
89.9	0	60	10	1.01575697035057
89.9	0	65	10	1.22784147491227
89.9	0	70	10	1.3571587818133
89.9	0	75	10	1.3799530889545
89.9	0	80	10	1.32983277021172
89.9	0	85	10	1.26792447177292
89.9	0	89.9	10	1.24179570758024
Spec Polar [deg.]	Spec Azimuth [deg.]	Scatter Polar [deg.]	Scatter Azimuth [deg.]	BSDF (AOI=89.9, AZI=20) [1/sr]
89.9	0	0	20	1.12146035415456E-02
89.9	0	5	20	1.38988544914664E-02
89.9	0	10	20	1.86222536763211E-02
89.9	0	15	20	2.68217331556686E-02
89.9	0	20	20	4.04909669747292E-02
89.9	0	25	20	6.18318237065088E-02
89.9	0	30	20	9.25136402458023E-02
89.9	0	35	20	0.133328952332422
89.9	0	40	20	0.185134899766757
89.9	0	45	20	0.250311808133379
89.9	0	50	20	0.332367243275277
89.9	0	55	20	0.431887461386796
89.9	0	60	20	0.539823917693701
89.9	0	65	20	0.634400218030811
89.9	0	70	20	0.690703656793783
89.9	0	75	20	0.699798197731344
89.9	0	80	20	0.676897724219128
89.9	0	85	20	0.648906821915723
89.9	0	89.9	20	0.637079697596933
Spec Polar [deg.]	Spec Azimuth [deg.]	Scatter Polar [deg.]	Scatter Azimuth [deg.]	BSDF (AOI=89.9, AZI=30) [1/sr]
89.9	0	0	30	1.12146035415456E-02
89.9	0	5	30	1.36038855233825E-02
89.9	0	10	30	1.74927643548604E-02
89.9	0	15	30	2.36269067071987E-02
89.9	0	20	30	3.27545755989127E-02
89.9	0	25	30	4.52794746924555E-02
89.9	0	30	30	6.09612227069048E-02
89.9	0	35	30	0.079138051163748
89.9	0	40	30	9.95150560382134E-02
89.9	0	45	30	0.122736700581651
89.9	0	50	30	0.149921542588664
89.9	0	55	30	0.18111125828737
89.9	0	60	30	0.213425319493979
89.9	0	65	30	0.240682412871237
89.9	0	70	30	0.256337835116971
89.9	0	75	30	0.258402317004027
89.9	0	80	30	0.251362386578071
89.9	0	85	30	0.242932605552157
89.9	0	89.9	30	0.23936818900052
Spec Polar [deg.]	Spec Azimuth [deg.]	Scatter Polar [deg.]	Scatter Azimuth [deg.]	BSDF (AOI=89.9, AZI=40) [1/sr]
89.9	0	0	40	1.12146035415456E-02
89.9	0	5	40	1.32302130276005E-02
89.9	0	10	40	0.016177098941625
89.9	0	15	40	2.02515787509435E-02
89.9	0	20	40	0.025438610688428
89.9	0	25	40	0.031387671630353
89.9	0	30	40	3.74958984394703E-02
89.9	0	35	40	4.32617299913065E-02
89.9	0	40	40	4.86439702313649E-02
89.9	0	45	40	5.40715633011925E-02
89.9	0	50	40	6.00736910227759E-02
89.9	0	55	40	6.67817012521776E-02
89.9	0	60	40	7.35760672443142E-02
89.9	0	65	40	7.91571479140273E-02
89.9	0	70	40	8.22279557909121E-02
89.9	0	75	40	8.24397665562247E-02
89.9	0	80	40	0.080743618471475
89.9	0	85	40	7.87864637679237E-02
89.9	0	89.9	40	7.79603582646596E-02
Spec Polar [deg.]	Spec Azimuth [deg.]	Scatter Polar [deg.]	Scatter Azimuth [deg.]	BSDF (AOI=89.9, AZI=50) [1/sr]
89.9	0	0	50	1.12146035415456E-02
89.9	0	5	50	0.012808048429927
89.9	0	10	50	1.48377916156642E-02
89.9	0	15	50	1.71938122021457E-02
89.9	0	20	50	1.96022904774986E-02
89.9	0	25	50	2.16837605170485E-02
89.9	0	30	50	2.31297211222973E-02
89.9	0	35	50	2.38856570882557E-02
89.9	0	40	50	2.41782334058201E-02
89.9	0	45	50	2.43648551597899E-02
89.9	0	50	50	2.47372745137019E-02
89.9	0	55	50	2.53972124270181E-02
89.9	0	60	50	0.026230510203956
89.9	0	65	50	0.026973758183615
89.9	0	70	50	0.027363636689855
89.9	0	75	50	2.73044026193189E-02
89.9	0	80	50	2.69344852269898E-02
89.9	0	85	50	2.65368655953856E-02
89.9	0	89.9	50	0.026370501392086
Spec Polar [deg.]	Spec Azimuth [deg.]	Scatter Polar [deg.]	Scatter Azimuth [deg.]	BSDF (AOI=89.9, AZI=60) [1/sr]
89.9	0	0	60	1.12146035415456E-02
89.9	0	5	60	1.23664086503177E-02
89.9	0	10	60	1.35944414695671E-02
89.9	0	15	60	1.46977356836905E-02
89.9	0	20	60	1.54332905380345E-02
89.9	0	25	60	1.56172893781646E-02
89.9	0	30	60	1.52269928899499E-02
89.9	0	35	60	0.014419702090651
89.9	0	40	60	1.34491640027224E-02
89.9	0	45	60	1.25489108518975E-02
89.9	0	50	60	1.18601344680607E-02
89.9	0	55	60	1.14213062487969E-02
89.9	0	60	60	1.11933308868726E-02
89.9	0	65	60	1.10957210004101E-02
89.9	0	70	60	1.10445243903477E-02
89.9	0	75	60	1.09851990175105E-02
89.9	0	80	60	1.09081451522568E-02
89.9	0	85	60	1.08389366344739E-02
89.9	0	89.9	60	1.08109894171605E-02
Spec Polar [deg.]	Spec Azimuth [deg.]	Scatter Polar [deg.]	Scatter Azimuth [deg.]	BSDF (AOI=89.9, AZI=70) [1/sr]
89.9	0	0	70	1.12146035415456E-02
89.9	0	5	70	1.19297496735189E-02
89.9	0	10	70	1.25144855224394E-02
89.9	0	15	70	1.28055108996557E-02
89.9	0	20	70	1.26731744244923E-02
89.9	0	25	70	1.20873516028906E-02
89.9	0	30	70	1.11422943195714E-02
89.9	0	35	70	1.00171945101218E-02
89.9	0	40	70	8.90043657792251E-03
89.9	0	45	70	7.92880321114511E-03
89.9	0	50	70	7.16813434329356E-03
89.9	0	55	70	6.62609801362702E-03
89.9	0	60	70	6.27519420640972E-03
89.9	0	65	70	6.07217241004122E-03
89.9	0	70	70	5.97092943756886E-03
89.9	0	75	70	5.93063906574255E-03
89.9	0	80	70	5.92045400030034E-03
89.9	0	85	70	5.92083322019786E-03
89.9	0	89.9	70	5.92191384631583E-03
Spec Polar [deg.]	Spec Azimuth [deg.]	Scatter Polar [deg.]	Scatter Azimuth [deg.]	BSDF (AOI=89.9, AZI=80) [1/sr]
89.9	0	0	80	1.12146035415456E-02
89.9	0	5	80	1.15162507482385E-02
89.9	0	10	80	1.16201722570002E-02
89.9	0	15	80	1.14453890915643E-02
89.9	0	20	80	1.09513443138922E-02
89.9	0	25	80	1.01652498051316E-02
89.9	0	30	80	9.18097514281039E-03
89.9	0	35	80	8.12766289919202E-03
89.9	0	40	80	7.1272664705179E-03
89.9	0	45	80	6.26463635888563E-03
89.9	0	50	80	5.57996200307128E-03
89.9	0	55	80	5.07758056123428E-03
89.9	0	60	80	4.73980156708811E-03
89.9	0	65	80	4.53808608584294E-03
89.9	0	70	80	4.43958057419577E-03
89.9	0	75	80	4.41046525050341E-03
89.9	0	80	80	4.41844474161967E-03
89.9	0	85	80	4.43593576699595E-03
89.9	0	89.9	80	4.44401972503152E-03
Spec Polar [deg.]	Spec Azimuth [deg.]	Scatter Polar [deg.]	Scatter Azimuth [deg.]	BSDF (AOI=89.9, AZI=90) [1/sr]
89.9	0	0	90	1.12146035415456E-02
89.9	0	5	90	1.11376280473744E-02
89.9	0	10	90	1.09023626911914E-02
89.9	0	15	90	1.05005602905379E-02
89.9	0	20	90	9.93193926456321E-03
89.9	0	25	90	9.2166214128668E-03
89.9	0	30	90	8.40035052348101E-03
89.9	0	35	90	7.54824233702767E-03
89.9	0	40	90	6.72976053192541E-03
89.9	0	45	90	6.00281663710337E-03
89.9	0	50	90	5.40421003646913E-03
89.9	0	55	90	4.94841310670969E-03
89.9	0	60	90	4.63186498934962E-03
89.9	0	65	90	4.43858707581682E-03
89.9	0	70	90	4.34452542686733E-03
89.9	0	75	90	4.32043144235408E-03
89.9	0	80	90	4.33471433693752E-03
89.9	0	85	90	4.35781059720686E-03
89.9	0	89.9	90	4.36815833325025E-03
Spec Polar [deg.]	Spec Azimuth [deg.]	Scatter Polar [deg.]	Scatter Azimuth [deg.]	BSDF (AOI=89.9, AZI=100) [1/sr]
89.9	0	0	100	1.12146035415456E-02
89.9	0	5	100	1.08000410357862E-02
89.9	0	10	100	1.03345256598259E-02
89.9	0	15	100	9.84799577442168E-03
89.9	0	20	100	9.34404063959974E-03
89.9	0	25	100	8.81381606463436E-03
89.9	0	30	100	8.25138833972051E-03
89.9	0	35	100	7.66454263490922E-03
89.9	0	40	100	7.07718909590339E-03
89.9	0	45	100	6.52346722118284E-03
89.9	0	50	100	6.03770032313996E-03
89.9	0	55	100	5.64552995142966E-03
89.9	0	60	100	5.35928859013387E-03
89.9	0	65	100	5.1774167353773E-03
89.9	0	70	100	5.08613267045624E-03
89.9	0	75	100	5.06210842087824E-03
89.9	0	80	100	5.07628871933401E-03
89.9	0	85	100	5.09957640150258E-03
89.9	0	89.9	100	5.11006464123357E-03
Spec Polar [deg.]	Spec Azimuth [deg.]	Scatter Polar [deg.]	Scatter Azimuth [deg.]	BSDF (AOI=89.9, AZI=110) [1/sr]
89.9	0	0	110	1.12146035415456E-02
89.9	0	5	110	1.05055704967993E-02
89.9	0	10	110	9.88410920429009E-03
89.9	0	15	110	9.37755506476023E-03
89.9	0	20	110	8.97422564659371E-03
89.9	0	25	110	8.64123186483904E-03
89.9	0	30	110	8.34039862785508E-03
89.9	0	35	110	8.04102724130141E-03
89.9	0	40	110	7.72828801943703E-03
89.9	0	45	110	7.40569789868462E-03
89.9	0	50	110	7.09135103399461E-03
89.9	0	55	110	6.80987252615973E-03
89.9	0	60	110	6.58353175733716E-03
89.9	0	65	110	6.42546056613939E-03
89.9	0	70	110	6.33626394467555E-03
89.9	0	75	110	6.30405493885942E-03
89.9	0	80	110	6.30769118209392E-03
89.9	0	85	110	6.32295142762914E-03
89.9	0	89.9	110	6.33050004713968E-03
Spec Polar [deg.]	Spec Azimuth [deg.]	Scatter Polar [deg.]	Scatter Azimuth [deg.]	BSDF (AOI=89.9, AZI=120) [1/sr]
89.9	0	0	120	1.12146035415456E-02
89.9	0	5	120	1.02538135662188E-02
89.9	0	10	120	9.52078060378715E-03
89.9	0	15	120	9.0028700690969E-03
89.9	0	20	120	8.66396081034041E-03
89.9	0	25	120	8.46011435866001E-03
89.9	0	30	120	8.34667358676008E-03
89.9	0	35	120	8.28116094221076E-03
89.9	0	40	120	8.22599154632147E-03
89.9	0	45	120	8.15299702531948E-03
89.9	0	50	120	8.04870681520986E-03
89.9	0	55	120	7.91692724981624E-03
89.9	0	60	120	7.7755790783353E-03
89.9	0	65	120	7.64811769629847E-03
89.9	0	70	120	7.55334149424029E-03
89.9	0	75	120	7.49819775715931E-03
89.9	0	80	120	7.4764227752829E-03
89.9	0	85	120	7.47328409505966E-03
89.9	0	89.9	120	7.47423813642609E-03
Spec Polar [deg.]	Spec Azimuth [deg.]	Scatter Polar [deg.]	Scatter Azimuth [deg.]	BSDF (AOI=89.9, AZI=130) [1/sr]
89.9	0	0	130	1.12146035415456E-02
89.9	0	5	130	1.00432710994658E-02
89.9	0	10	130	9.22167714055739E-03
89.9	0	15	130	8.66877214655773E-03
89.9	0	20	130	8.31945441531583E-03
89.9	0	25	130	8.12944520373985E-03
89.9	0	30	130	8.0675996959093E-03
89.9	0	35	130	8.10327262254424E-03
89.9	0	40	130	8.19657649706913E-03
89.9	0	45	130	8.2979987894107E-03
89.9	0	50	130	8.35954862975214E-03
89.9	0	55	130	8.35202169247161E-03
89.9	0	60	130	8.27650240449833E-03
89.9	0	65	130	8.16068715684823E-03
89.9	0	70	130	8.04207655605558E-03
89.9	0	75	130	7.94945011056932E-03
89.9	0	80	130	7.89314689886747E-03
89.9	0	85	130	7.86731774916003E-03
89.9	0	89.9	130	7.86053101250773E-03
Spec Polar [deg.]	Spec Azimuth [deg.]	Scatter Polar [deg.]	Scatter Azimuth [deg.]	BSDF (AOI=89.9, AZI=140) [1/sr]
89.9	0	0	140	1.12146035415456E-02
89.9	0	5	140	9.8723425978957E-03
89.9	0	10	140	8.97373791425956E-03
89.9	0	15	140	8.35385856497888E-03
89.9	0	20	140	7.91897129101818E-03
89.9	0	25	140	7.63283650445312E-03
89.9	0	30	140	7.48897126713544E-03
89.9	0	35	140	7.48006182567003E-03
89.9	0	40	140	7.57616935382176E-03
89.9	0	45	140	7.71910297328358E-03
89.9	0	50	140	7.83637140948263E-03
89.9	0	55	140	7.87029091882598E-03
89.9	0	60	140	7.80467129524327E-03
89.9	0	65	140	7.66836998081235E-03
89.9	0	70	140	7.5130048454262E-03
89.9	0	75	140	7.38319409982086E-03
89.9	0	80	140	7.29911218204191E-03
89.9	0	85	140	7.25757197510066E-03
89.9	0	89.9	140	7.24589281303767E-03
Spec Polar [deg.]	Spec Azimuth [deg.]	Scatter Polar [deg.]	Scatter Azimuth [deg.]	BSDF (AOI=89.9, AZI=150) [1/sr]
89.9	0	0	150	1.12146035415456E-02
89.9	0	5	150	9.7398714027304E-03
89.9	0	10	150	8.77325659047727E-03
89.9	0	15	150	8.06561500979121E-03
89.9	0	20	150	7.50095977601266E-03
89.9	0	25	150	7.05922947258225E-03
89.9	0	30	150	6.76300053801585E-03
89.9	0	35	150	6.62786797817556E-03
89.9	0	40	150	6.63381582521505E-03
89.9	0	45	150	6.72009169927851E-03
89.9	0	50	150	6.80227588453357E-03
89.9	0	55	150	6.80781978617688E-03
89.9	0	60	150	6.71130144328936E-03
89.9	0	65	150	6.54194574619695E-03
89.9	0	70	150	6.35735305270077E-03
89.9	0	75	150	6.20711202324332E-03
89.9	0	80	150	6.11212265013096E-03
89.9	0	85	150	6.06645943350424E-03
89.9	0	89.9	150	6.05392724356526E-03
Spec Polar [deg.]	Spec Azimuth [deg.]	Scatter Polar [deg.]	Scatter Azimuth [deg.]	BSDF (AOI=89.9, AZI=160) [1/sr]
89.9	0	0	160	1.12146035415456E-02
89.9	0	5	160	9.64528848528251E-03
89.9	0	10	160	8.62323913852089E-03
89.9	0	15	160	7.82892981139247E-03
89.9	0	20	160	7.13383858769133E-03
89.9	0	25	160	6.5391560401465E-03
89.9	0	30	160	6.0947158383032E-03
89.9	0	35	160	5.83209522747649E-03
89.9	0	40	160	5.73525650349586E-03
89.9	0	45	160	5.74140249012499E-03
89.9	0	50	160	5.76209838881522E-03
89.9	0	55	160	5.72082279737086E-03
89.9	0	60	160	5.5899322245817E-03
89.9	0	65	160	5.39820912561757E-03
89.9	0	70	160	5.20245373922267E-03
89.9	0	75	160	5.04959449396613E-03
89.9	0	80	160	4.95665423008143E-03
89.9	0	85	160	4.91398992927815E-03
89.9	0	89.9	160	4.90277697508113E-03
Spec Polar [deg.]	Spec Azimuth [deg.]	Scatter Polar [deg.]	Scatter Azimuth [deg.]	BSDF (AOI=89.9, AZI=170) [1/sr]
89.9	0	0	170	1.12146035415456E-02
89.9	0	5	170	9.5884779158886E-03
89.9	0	10	170	8.52964753095966E-03
89.9	0	15	170	7.6724882646495E-03
89.9	0	20	170	6.8839508652803E-03
89.9	0	25	170	6.18370520006229E-03
89.9	0	30	170	5.64078530021322E-03
89.9	0	35	170	5.29487855530711E-03
89.9	0	40	170	5.12950750248471E-03
89.9	0	45	170	5.07959442191714E-03
89.9	0	50	170	5.05586859215138E-03
89.9	0	55	170	4.98225850625237E-03
89.9	0	60	170	4.8315630978892E-03
89.9	0	65	170	4.6316233314049E-03
89.9	0	70	170	4.43623856769538E-03
89.9	0	75	170	4.28815659236129E-03
89.9	0	80	170	4.20072583750881E-03
89.9	0	85	170	4.16204277981906E-03
89.9	0	89.9	170	4.15224985091642E-03
Spec Polar [deg.]	Spec Azimuth [deg.]	Scatter Polar [deg.]	Scatter Azimuth [deg.]	BSDF (AOI=89.9, AZI=180) [1/sr]
89.9	0	0	180	1.12146035415456E-02
89.9	0	5	180	9.5695221761413E-03
89.9	0	10	180	8.49776338903203E-03
89.9	0	15	180	7.61773741458913E-03
89.9	0	20	180	6.79560723187451E-03
89.9	0	25	180	6.05837247672718E-03
89.9	0	30	180	5.48192747605827E-03
89.9	0	35	180	5.10823339904979E-03
89.9	0	40	180	4.92002512909505E-03
89.9	0	45	180	4.85119556637431E-03
89.9	0	50	180	4.81241116564943E-03
89.9	0	55	180	4.72818643698997E-03
89.9	0	60	180	4.57171641717819E-03
89.9	0	65	180	4.37036843625535E-03
89.9	0	70	180	0.004176513632447
89.9	0	75	180	4.0311258750387E-03
89.9	0	80	180	3.9461888923173E-03
89.9	0	85	180	3.90912382107831E-03
89.9	0	89.9	180	3.89987777681328E-03
